codigo_siniestro,fecha_siniestro,hora_siniestro,clase_siniestro,cantidad_fallecidos,cantidad_lesionados,cantidad_vehiculos_danados,departamento,provincia,distrito,zona,tipo_via,red_vial,cod_carretera,latitud,longitud,condicion_climatica,zonificacion,caracteristicas_via,perfil_longitudinal_via,superficie_calzada,existe_senal_vertical,clasificacion_senal_vertical_1,clasificacion_senal_vertical_2,existe_senal_horizontal,causa_factor_principal,causa_especifica,hora_del_dia
A-2021-01-125,2021-01-14,19:30,CHOQUE,1,1,2.0,SAN MARTIN,HUALLAGA,SACANCHE,RURAL,CARRETERA,NACIONAL,PE-5N,-7.073887318598815,-76.72643989863553,LLUVIOSO,RURAL,TRAMO RECTO,PLANA ,ASFALTADA,,,,,IMPRUDENCIA DEL CONDUCTOR,CONDUCIR EN ESTADO DE EBRIEDAD Y/O DROGADICCIÓN,19
A-2021-01-238,2021-01-14,22:50,DESPISTE,2,0,1.0,CUSCO,PARURO,COLCHA,RURAL,CARRETERA,DEPARTAMENTAL,CU-117,-13.819589,-71.832778,NUBLADO,RURAL,CURVA,INCLINADA,TROCHA,,,,,IMPRUDENCIA DEL CONDUCTOR,EXCESO DE VELOCIDAD,22
A-2021-01-197,2021-01-15,06:00,DESPISTE,1,3,1.0,CUSCO,LA CONVENCION,OCOBAMBA,RURAL,CARRETERA,DEPARTAMENTAL,CU-106,-13.014916,-72.184,NUBLADO,RURAL,CURVA,INCLINADA,ASFALTADA,SI,PREVENTIVA (P),PREVENTIVA (P),NO,NEGLIGENCIA DEL CONDUCTOR,OTRO (NEGLIGENCIA DEL CONDUCTOR),6
A-2021-01-152,2021-01-15,08:15,CHOQUE,1,0,2.0,LA LIBERTAD,TRUJILLO,LA ESPERANZA,URBANA,CALLE,URBANO,NO CORRESPONDE,-8.081327,-79.04702,DESPEJADO,COMERCIAL,INTERSECCIÓN,PLANA ,ASFALTADA,,,,,EN PROCESO DE INVESTIGACIÓN,NO CUENTA CON CAUSA ESPECIFICA,8
A-2021-01-390,2021-01-15,17:00,VOLCADURA,1,0,1.0,PASCO,DANIEL ALCIDES CARRION,TAPUC,RURAL,CARRETERA,SIN CLASIFICAR,SIN CLASIFICAR,-10.43104458276907,-76.47718197112216,LLUVIOSO,RURAL,CURVA,INCLINADA,TROCHA,,,,,NEGLIGENCIA DEL CONDUCTOR,OTRO (NEGLIGENCIA DEL CONDUCTOR),17
A-2021-01-245,2021-01-16,12:30,CHOQUE,1,4,2.0,JUNIN,JAUJA,LLOCLLAPAMPA,RURAL,CARRETERA,NACIONAL,PE-3S,-11.7902744,-75.5797941,SOLEADO,RURAL,CURVA,PLANA ,ASFALTADA,SI,PREVENTIVA (P),,SI,IMPRUDENCIA DEL CONDUCTOR,EXCESO DE VELOCIDAD,12
A-2021-01-322,2021-01-16,15:30,ATROPELLO,1,0,0.0,PIURA,TALARA,MANCORA,URBANA,CARRETERA,NACIONAL,PE-1N,-4.106487634262628,-81.0503375330624,SOLEADO,COMERCIAL,TRAMO RECTO,PLANA ,ASFALTADA,,,,,IMPRUDENCIA DEL PEATÓN,OTRO (IMPRUDENCIA DEL PEATÓN),15
A-2021-01-120,2021-01-16,16:00,CHOQUE,1,0,2.0,CAJAMARCA,HUALGAYOC,BAMBAMARCA,RURAL,CARRETERA,NACIONAL,PE-3N,-6.644675,-78.562526,DESPEJADO,RURAL,CURVA,INCLINADA,ASFALTADA,SI,PREVENTIVA (P),,SI,IMPRUDENCIA DEL CONDUCTOR,INVASIÓN DE CARRIL,16
A-2021-01-269,2021-01-16,18:30,DESPISTE,1,1,0.0,LIMA,LIMA,COMAS,URBANA,AVENIDA,URBANO,NO CORRESPONDE,-11.9575,-77.049211,DESPEJADO,COMERCIAL,TRAMO RECTO,PLANA ,ASFALTADA,,,,,EN PROCESO DE INVESTIGACIÓN,NO CUENTA CON CAUSA ESPECIFICA,18
A-2021-01-392,2021-01-16,19:45,ATROPELLO,1,1,1.0,CALLAO,CALLAO,LA PERLA,URBANA,AVENIDA,URBANO,NO CORRESPONDE,-12.064691074671408,-77.11554660204865,DESPEJADO,RESIDENCIAL,TRAMO RECTO,PLANA ,ASFALTADA,,,,,EN PROCESO DE INVESTIGACIÓN,NO CUENTA CON CAUSA ESPECIFICA,19
A-2021-01-210,2021-01-16,19:50,ATROPELLO,1,0,1.0,LA LIBERTAD,TRUJILLO,TRUJILLO,URBANA,AVENIDA,URBANO,NO CORRESPONDE,-8.116272,-79.016396,DESPEJADO,COMERCIAL,TRAMO RECTO,PLANA ,ASFALTADA,,,,,EN PROCESO DE INVESTIGACIÓN,NO CUENTA CON CAUSA ESPECIFICA,19
A-2021-01-410,2021-01-16,21:00,DESPISTE,1,0,1.0,AMAZONAS,CHACHAPOYAS,MARISCAL CASTILLA,RURAL,CARRETERA,NACIONAL,PE-08B,-6.56383559956039,-77.8300923222641,LLUVIOSO,RURAL,CURVA,INCLINADA,ASFALTADA,,,,,EN PROCESO DE INVESTIGACIÓN,NO CUENTA CON CAUSA ESPECIFICA,21
A-2021-01-121,2021-01-17,04:00,DESPISTE,1,0,1.0,CAJAMARCA,HUALGAYOC,BAMBAMARCA,RURAL,CARRETERA,NACIONAL,PE-3N,-6.68536,-78.535275,DESPEJADO,RURAL,TRAMO RECTO,INCLINADA,TROCHA,,,,,IMPRUDENCIA DEL CONDUCTOR,EXCESO DE VELOCIDAD,4
A-2021-01-377,2021-01-17,05:30,VOLCADURA,1,0,1.0,LIMA,HUAURA,HUAURA,RURAL,CARRETERA,NACIONAL,PE-1NE,-11.081563591935444,-77.48472744108078,DESPEJADO,RURAL,TRAMO RECTO,PLANA ,ASFALTADA,,,,,EN PROCESO DE INVESTIGACIÓN,NO CUENTA CON CAUSA ESPECIFICA,5
A-2021-01-129,2021-01-17,08:00,CAÍDA DE PASAJERO,1,0,0.0,CALLAO,CALLAO,CALLAO,URBANA,CARRETERA,NACIONAL,PE-20,-12.05437213181773,-77.14261674714892,DESPEJADO,INDUSTRIAL,TRAMO RECTO,PLANA ,ASFALTADA,,,,,IMPRUDENCIA DEL PEATÓN,OTRO (IMPRUDENCIA DEL PEATÓN),8
A-2021-01-196,2021-01-17,11:31,DESPISTE,5,3,1.0,CUSCO,PAUCARTAMBO,PAUCARTAMBO,RURAL,CARRETERA,DEPARTAMENTAL,CU-113,-13.234828,-71.491858,LLUVIOSO,RURAL,CURVA,INCLINADA,AFIRMADO,SI,PREVENTIVA (P),PREVENTIVA (P),NO,NEGLIGENCIA DEL CONDUCTOR,OTRO (NEGLIGENCIA DEL CONDUCTOR),11
A-2021-01-138,2021-01-17,16:00,CHOQUE FUGA,1,1,1.0,AMAZONAS,BONGARA,CHURUJA,URBANA,CARRETERA,NACIONAL,PE-08C,-6.022337627219859,-77.95092654049742,DESPEJADO,RURAL,OTRO,PLANA ,ASFALTADA,SI,PREVENTIVA (P),PREVENTIVA (P),SI,EN PROCESO DE INVESTIGACIÓN,NO CUENTA CON CAUSA ESPECIFICA,16
A-2021-01-141,2021-01-17,16:30,DESPISTE,1,1,1.0,APURIMAC,ABANCAY,ABANCAY,RURAL,CARRETERA,DEPARTAMENTAL,AP-103,-13.5640123,-72.9789162,NIEBLA,RURAL,TÚNEL,PLANA ,AFIRMADO,,,,,IMPRUDENCIA DEL CONDUCTOR,FATIGA Y/O CANSANCIO,16
A-2021-01-225,2021-01-17,20:15,CHOQUE,1,3,2.0,LA LIBERTAD,CHEPEN,PACANGA,RURAL,CARRETERA,NACIONAL,PE-1N,-7.16757,-79.440498,DESPEJADO,RURAL,TRAMO RECTO,PLANA ,ASFALTADA,,,,,EN PROCESO DE INVESTIGACIÓN,NO CUENTA CON CAUSA ESPECIFICA,20
A-2021-01-123,2021-01-17,23:40,CHOQUE,1,1,2.0,HUANUCO,LEONCIO PRADO,LUYANDO,RURAL,CARRETERA,NACIONAL,PE-18A,-9.267493,-75.989647,LLUVIOSO,RURAL,TRAMO RECTO,PLANA ,CONCRETO,,,,,EN PROCESO DE INVESTIGACIÓN,NO CUENTA CON CAUSA ESPECIFICA,23
A-2021-01-131,2021-01-18,06:30,DESPISTE,3,0,1.0,HUANUCO,LEONCIO PRADO,JOSE CRESPO Y CASTILLO,RURAL,CARRETERA,NACIONAL,PE-5N,-8.746876,-76.16051,LLUVIOSO,RURAL,TRAMO RECTO,PLANA ,AFIRMADO,SI,PREVENTIVA (P),PREVENTIVA (P),NO,IMPRUDENCIA DEL CONDUCTOR,CONDUCIR EN SENTIDO CONTRARIO,6
A-2021-01-217,2021-01-18,08:25,CHOQUE,1,7,2.0,CUSCO,QUISPICANCHI,CCATCA,RURAL,CARRETERA,NACIONAL,PE-30C,-13.623972,-71.58057,DESPEJADO,RURAL,CURVA,INCLINADA,ASFALTADA,,,,,NEGLIGENCIA DEL CONDUCTOR,OTRO (NEGLIGENCIA DEL CONDUCTOR),8
A-2021-01-338,2021-01-18,10:00,ATROPELLO,1,3,1.0,AREQUIPA,CAMANA,MARIANO NICOLAS VALCARCEL,RURAL,OTRO,URBANO,NO CORRESPONDE,-15.97882,-73.174736,DESPEJADO,RURAL,OTRO,INCLINADA,TROCHA,,,,,EN PROCESO DE INVESTIGACIÓN,NO CUENTA CON CAUSA ESPECIFICA,10
A-2021-01-283,2021-01-18,12:15,ESPECIAL,1,3,1.0,PUNO,SANDIA,SANDIA,URBANA,OTRO,URBANO,NO CORRESPONDE,-14.320530785831728,-69.46549582332315,LLUVIOSO,RURAL,PUENTE,PLANA ,CONCRETO,,,,,INFRAESTRUCTURA Y ENTORNO VIAL,FACTOR AMBIENTAL,12
A-2021-01-240,2021-01-18,13:30,CHOQUE,2,2,2.0,PUNO,SAN ROMAN,SAN MIGUEL,RURAL,CARRETERA,NACIONAL,PE-3S,-15.4318244,-70.1419972,DESPEJADO,RURAL,TRAMO RECTO,PLANA ,ASFALTADA,SI,INFORMATIVA (I),INFORMATIVA (I),SI,NEGLIGENCIA DEL CONDUCTOR,OTRO (NEGLIGENCIA DEL CONDUCTOR),13
A-2021-01-241,2021-01-19,07:00,ATROPELLO,1,0,1.0,JUNIN,JAUJA,PARCO,URBANA,CARRETERA,NACIONAL,PE-3S,-11.7990963,-75.5462135,DESPEJADO,RESIDENCIAL,CURVA,PLANA ,ASFALTADA,SI,REGULADORA (R),REGULADORA (R),SI,IMPRUDENCIA DEL PEATÓN,CRUCE INDEBIDO POR LA CALZADA,7
A-2021-01-270,2021-01-19,09:30,CHOQUE,1,4,,LIMA,LIMA,LURIGANCHO,URBANA,AVENIDA,URBANO,NO CORRESPONDE,-12.017421,-76.946914,DESPEJADO,COMERCIAL,TRAMO RECTO,PLANA ,ASFALTADA,,,,,IMPRUDENCIA DEL CONDUCTOR,OTRO (IMPRUDENCIA DEL CONDUCTOR),9
A-2021-01-331,2021-01-19,10:30,ATROPELLO,1,0,1.0,LAMBAYEQUE,LAMBAYEQUE,OLMOS,RURAL,CARRETERA,NACIONAL,PE-1NJ,-5.798397,-79.835812,DESPEJADO,RURAL,TRAMO RECTO,PLANA ,ASFALTADA,,,,,EN PROCESO DE INVESTIGACIÓN,NO CUENTA CON CAUSA ESPECIFICA,10
A-2021-01-403,2021-01-19,10:31,DESPISTE,1,0,1.0,CUSCO,QUISPICANCHI,CAMANTI,RURAL,CARRETERA,NACIONAL,PE-30C,-13.185256374970326,-70.42503835104611,DESPEJADO,RURAL,CURVA,INCLINADA,ASFALTADA,,,,,IMPRUDENCIA DEL CONDUCTOR,EXCESO DE VELOCIDAD,10
A-2021-01-344,2021-01-19,20:30,ATROPELLO,1,0,1.0,AREQUIPA,CARAVELI,CHALA,URBANA,CARRETERA,NACIONAL,PE-1S,-15.848355,-74.258278,DESPEJADO,RURAL,OTRO,INCLINADA,ASFALTADA,,,,,EN PROCESO DE INVESTIGACIÓN,NO CUENTA CON CAUSA ESPECIFICA,20
A-2021-01-149,2021-01-19,21:21,DESPISTE,1,1,2.0,ICA,ICA,SALAS,URBANA,CARRETERA,NACIONAL,PE-1S,-14.001949,-75.767842,DESPEJADO,RURAL,TRAMO RECTO,PLANA ,ASFALTADA,,,,,IMPRUDENCIA DEL CONDUCTOR,EXCESO DE VELOCIDAD,21
A-2021-01-161,2021-01-21,14:00,DESPISTE,1,3,1.0,PIURA,MORROPON,BUENOS AIRES,RURAL,CARRETERA,NACIONAL,PE-02A,-5.283625,-79.9524199,DESPEJADO,RURAL,TRAMO RECTO,PLANA ,ASFALTADA,SI,REGULADORA (R),,SI,IMPRUDENCIA DEL CONDUCTOR,EXCESO DE VELOCIDAD,14
A-2021-01-308,2021-01-21,16:30,ATROPELLO,1,0,1.0,JUNIN,JUNIN,CARHUAMAYO,RURAL,CARRETERA,NACIONAL,PE-3N,-10.9409313,-76.0498808,DESPEJADO,RURAL,CURVA,PLANA ,ASFALTADA,,,,,EN PROCESO DE INVESTIGACIÓN,NO CUENTA CON CAUSA ESPECIFICA,16
A-2021-01-177,2021-01-21,16:40,DESPISTE,1,3,1.0,ICA,ICA,SANTIAGO,URBANA,CARRETERA,NACIONAL,PE-1S,-14.33265468433435,-75.664020917132,DESPEJADO,RURAL,TRAMO RECTO,PLANA ,ASFALTADA,,,,,NEGLIGENCIA DEL CONDUCTOR,CONDUCIR CON FALLAS DE NEUMÁTICOS,16
A-2021-01-323,2021-01-21,17:30,ATROPELLO,1,0,0.0,PIURA,SULLANA,SULLANA,URBANA,CARRETERA,NACIONAL,PE-1N,-4.911118771722453,-80.69726784119618,SOLEADO,COMERCIAL,TRAMO RECTO,PLANA ,ASFALTADA,SI,REGULADORA (R),REGULADORA (R),NO,IMPRUDENCIA DEL PEATÓN,OTRO (IMPRUDENCIA DEL PEATÓN),17
A-2021-01-157,2021-01-21,18:40,ATROPELLO,1,0,0.0,JUNIN,HUANCAYO,CHILCA,URBANA,CARRETERA,NACIONAL,PE-3SC,-12.0831302,-75.2030827,DESPEJADO,COMERCIAL,TRAMO RECTO,PLANA ,ASFALTADA,,,,,EN PROCESO DE INVESTIGACIÓN,NO CUENTA CON CAUSA ESPECIFICA,18
A-2021-01-246,2021-01-22,16:00,CHOQUE,1,2,2.0,HUANCAVELICA,CHURCAMPA,PAUCARBAMBA,RURAL,CARRETERA,DEPARTAMENTAL,HV-103,-12.551354,-74.5466811,SOLEADO,RURAL,CURVA,INCLINADA,AFIRMADO,,,,,EN PROCESO DE INVESTIGACIÓN,NO CUENTA CON CAUSA ESPECIFICA,16
A-2021-01-170,2021-01-22,21:00,CHOQUE,1,0,2.0,AREQUIPA,AREQUIPA,CERRO COLORADO,URBANA,CARRETERA,NACIONAL,PE-34A,-16.3180079,-71.6027605,DESPEJADO,COMERCIAL,TRAMO RECTO,PLANA ,ASFALTADA,SI,PREVENTIVA (P),,SI,IMPRUDENCIA DEL CONDUCTOR,OTRO (IMPRUDENCIA DEL CONDUCTOR),21
A-2021-01-205,2021-01-23,02:47,CHOQUE,1,2,2.0,TACNA,TACNA,CORONEL GREGORIO ALBARRACIN LANCHIPA,URBANA,AVENIDA,URBANO,NO CORRESPONDE,-18.050638,-70.251433,SOLEADO,RESIDENCIAL,INTERSECCIÓN,PLANA ,ASFALTADA,SI,REGULADORA (R),PREVENTIVA (P),SI,IMPRUDENCIA DEL CONDUCTOR,OTRO (IMPRUDENCIA DEL CONDUCTOR),2
A-2021-01-301,2021-01-23,06:00,CHOQUE FUGA,1,1,2.0,JUNIN,CONCEPCION,CONCEPCION,URBANA,CARRETERA,NACIONAL,PE-3S,-11.9108847,-75.3279751,LLUVIOSO,RESIDENCIAL,TRAMO RECTO,PLANA ,ASFALTADA,,,,,EN PROCESO DE INVESTIGACIÓN,NO CUENTA CON CAUSA ESPECIFICA,6
A-2021-01-287,2021-01-23,07:00,CHOQUE,1,2,2.0,PUNO,SAN ANTONIO DE PUTINA,QUILCAPUNCU,RURAL,CARRETERA,NACIONAL,PE-34H,-14.90459240150889,-69.7541340962868,LLUVIOSO,RURAL,TRAMO RECTO,PLANA ,ASFALTADA,,,,,IMPRUDENCIA DEL CONDUCTOR,CONDUCIR EN SENTIDO CONTRARIO,7
A-2021-01-362,2021-01-23,08:31,CHOQUE,1,1,2.0,AYACUCHO,HUAMANGA,VINCHOS,URBANA,CARRETERA,NACIONAL,PE-28A,-13.341398,-74.538772,DESPEJADO,RURAL,TRAMO RECTO,PLANA ,ASFALTADA,,,,,IMPRUDENCIA DEL CONDUCTOR,INVASIÓN DE CARRIL,8
A-2021-01-271,2021-01-23,13:00,ATROPELLO,1,0,,LIMA,LIMA,LOS OLIVOS,URBANA,AVENIDA,URBANO,NO CORRESPONDE,-11.991702,-77.070611,DESPEJADO,COMERCIAL,TRAMO RECTO,PLANA ,ASFALTADA,,,,,IMPRUDENCIA DEL CONDUCTOR,EXCESO DE VELOCIDAD,13
A-2021-01-272,2021-01-23,17:35,ATROPELLO,1,0,0.0,LIMA,LIMA,PUENTE PIEDRA,URBANA,CARRETERA,NACIONAL,PE-1N,-11.897187,-77.067866,DESPEJADO,COMERCIAL,TRAMO RECTO,PLANA ,ASFALTADA,,,,,EN PROCESO DE INVESTIGACIÓN,NO CUENTA CON CAUSA ESPECIFICA,17
A-2021-01-244,2021-01-23,19:30,VOLCADURA,2,4,1.0,HUANCAVELICA,HUAYTARA,OCOYO,RURAL,CARRETERA,DEPARTAMENTAL,HV-121,-13.968207,-75.049075,DESPEJADO,RURAL,SINUOSA,INCLINADA,TROCHA,,,,,INFRAESTRUCTURA Y ENTORNO VIAL,SUPERFICIE DETERIORADA,19
A-2021-01-218,2021-01-23,19:50,ATROPELLO,1,0,1.0,CUSCO,URUBAMBA,OLLANTAYTAMBO,RURAL,CARRETERA,NACIONAL,PE-28B,-13.258314,-72.250823,DESPEJADO,RURAL,TRAMO RECTO,PLANA ,ASFALTADA,SI,REGULADORA (R),PREVENTIVA (P),SI,IMPRUDENCIA DEL CONDUCTOR,EXCESO DE VELOCIDAD,19
A-2021-01-176,2021-01-23,20:25,DESPISTE,2,0,1.0,AREQUIPA,AREQUIPA,CERRO COLORADO,URBANA,CARRETERA,NACIONAL,PE-34A,-16.3944495,-71.5835,DESPEJADO,COMERCIAL,INTERSECCIÓN,PLANA ,ASFALTADA,SI,REGULADORA (R),,SI,EN PROCESO DE INVESTIGACIÓN,NO CUENTA CON CAUSA ESPECIFICA,20
A-2021-01-198,2021-01-23,23:30,ATROPELLO FUGA,1,0,1.0,CUSCO,CANCHIS,MARANGANI,RURAL,CARRETERA,PROVINCIAL,CU-1421,-14.304823,-71.000242,LLUVIOSO,RURAL,TRAMO RECTO,PLANA ,ASFALTADA,,,,,NEGLIGENCIA DEL CONDUCTOR,OTRO (NEGLIGENCIA DEL CONDUCTOR),23
A-2021-01-199,2021-01-24,02:10,CHOQUE,1,0,2.0,ICA,ICA,SANTIAGO,URBANA,CARRETERA,NACIONAL,PE-1S,-14.278243270178807,-75.68278177837077,DESPEJADO,RURAL,TRAMO RECTO,PLANA ,ASFALTADA,,,,,IMPRUDENCIA DEL CONDUCTOR,EXCESO DE VELOCIDAD,2
A-2021-01-193,2021-01-24,08:20,CHOQUE,1,5,2.0,SAN MARTIN,PICOTA,PICOTA,RURAL,CARRETERA,NACIONAL,PE-5N,-6.9250035300956325,-76.34251605692607,LLUVIOSO,RURAL,OTRO,PLANA ,ASFALTADA,,,,,IMPRUDENCIA DEL CONDUCTOR,INVASIÓN DE CARRIL,8
A-2021-01-186,2021-01-24,19:00,ATROPELLO FUGA,1,1,1.0,AREQUIPA,AREQUIPA,PAUCARPATA,URBANA,AVENIDA,URBANO,NO CORRESPONDE,-16.414171,-71.509877,DESPEJADO,COMERCIAL,INTERSECCIÓN,PLANA ,ASFALTADA,NO,,,SI,IMPRUDENCIA DEL CONDUCTOR,EXCESO DE VELOCIDAD,19
A-2021-01-195,2021-01-24,20:10,DESPISTE,1,0,,CALLAO,CALLAO,VENTANILLA,URBANA,CARRETERA,NACIONAL,PE-20,-11.881892360721375,-77.12626527470516,DESPEJADO,RESIDENCIAL,TRAMO RECTO,INCLINADA,ASFALTADA,,,,,EN PROCESO DE INVESTIGACIÓN,NO CUENTA CON CAUSA ESPECIFICA,20
A-2021-01-203,2021-01-24,22:30,CHOQUE,2,1,2.0,UCAYALI,CORONEL PORTILLO,CALLERIA,URBANA,AVENIDA,URBANO,NO CORRESPONDE,-8.388567480945714,-74.56509945130679,DESPEJADO,RURAL,INTERSECCIÓN,PLANA ,ASFALTADA,SI,REGULADORA (R),REGULADORA (R),SI,IMPRUDENCIA DEL CONDUCTOR,OTRO (IMPRUDENCIA DEL CONDUCTOR),22
A-2021-01-234,2021-01-25,04:40,CHOQUE,1,0,2.0,ICA,ICA,YAUCA DEL ROSARIO,RURAL,CARRETERA,DEPARTAMENTAL,IC-107,-14.141104435949291,-75.634732734369,DESPEJADO,RURAL,TRAMO RECTO,PLANA ,ASFALTADA,,,,,IMPRUDENCIA DEL CONDUCTOR,EXCESO DE VELOCIDAD,4
A-2021-01-273,2021-01-25,08:00,ATROPELLO FUGA,1,0,,LIMA,LIMA,SAN MARTIN DE PORRES,URBANA,AVENIDA,URBANO,NO CORRESPONDE,-11.9815573,-77.096882,DESPEJADO,COMERCIAL,TRAMO RECTO,PLANA ,ASFALTADA,,,,,IMPRUDENCIA DEL PEATÓN,OTRO (IMPRUDENCIA DEL PEATÓN),8
A-2021-01-274,2021-01-25,11:30,CHOQUE,1,1,,LIMA,LIMA,VILLA MARIA DEL TRIUNFO,URBANA,AVENIDA,URBANO,NO CORRESPONDE,-12.163841,-76.952571,DESPEJADO,COMERCIAL,TRAMO RECTO,PLANA ,ASFALTADA,,,,,NEGLIGENCIA DEL CONDUCTOR,OTRO (NEGLIGENCIA DEL CONDUCTOR),11
A-2021-01-381,2021-01-26,06:50,ATROPELLO,1,0,0.0,LIMA,LIMA,SAN MARTIN DE PORRES,URBANA,JIRÓN,URBANO,NO CORRESPONDE,-12.018966,-77.053367,DESPEJADO,INDUSTRIAL,TRAMO RECTO,PLANA ,ASFALTADA,,,,,EN PROCESO DE INVESTIGACIÓN,NO CUENTA CON CAUSA ESPECIFICA,6
A-2021-01-334,2021-01-26,07:00,ATROPELLO FUGA,1,0,0.0,ICA,PISCO,TUPAC AMARU INCA,URBANA,CARRETERA,NACIONAL,PE-1S,-13.706171,-76.151294,DESPEJADO,RESIDENCIAL,TRAMO RECTO,PLANA ,ASFALTADA,,PREVENTIVA (P),REGULADORA (R),,EN PROCESO DE INVESTIGACIÓN,NO CUENTA CON CAUSA ESPECIFICA,7
A-2021-01-407,2021-01-26,15:15,CHOQUE,1,0,2.0,SAN MARTIN,MARISCAL CACERES,HUICUNGO,RURAL,CARRETERA,NACIONAL,PE-10B,-7.316294859438296,-76.77509505872386,DESPEJADO,RURAL,CURVA,INCLINADA,ASFALTADA,SI,INFORMATIVA (I),,NO,IMPRUDENCIA DEL CONDUCTOR,EXCESO DE VELOCIDAD,15
A-2021-01-207,2021-01-26,18:00,ESPECIAL,1,0,0.0,PUNO,CHUCUITO,DESAGUADERO,URBANA,CARRETERA,NACIONAL,PE-36A,-16.58229113,-69.06036235,DESPEJADO,RURAL,TRAMO RECTO,PLANA ,ASFALTADA,,,,,IMPRUDENCIA DEL CONDUCTOR,INVASIÓN DE CARRIL,18
A-2021-01-214,2021-01-26,19:10,ATROPELLO,1,0,0.0,PUNO,PUNO,PUNO,URBANA,CARRETERA,NACIONAL,PE-3S,-15.844639,-70.028528,DESPEJADO,RESIDENCIAL,TRAMO RECTO,PLANA ,ASFALTADA,,,,,IMPRUDENCIA DEL PEATÓN,CRUCE INDEBIDO POR LA CALZADA,19
A-2021-01-242,2021-01-26,19:45,ATROPELLO,1,0,1.0,MOQUEGUA,MARISCAL NIETO,MOQUEGUA,URBANA,CARRETERA,NACIONAL,PE-36A,-17.20663,-70.921486,DESPEJADO,COMERCIAL,TRAMO RECTO,PLANA ,ASFALTADA,,,,,IMPRUDENCIA DEL PEATÓN,CRUCE INDEBIDO POR LA CALZADA,19
A-2021-01-239,2021-01-26,21:00,DESPISTE,1,0,1.0,AREQUIPA,AREQUIPA,JOSE LUIS BUSTAMANTE Y RIVERO,URBANA,AVENIDA,URBANO,NO CORRESPONDE,-16.4342491,-71.5302518,DESPEJADO,RESIDENCIAL,TRAMO RECTO,PLANA ,ASFALTADA,NO,,,SI,IMPRUDENCIA DEL CONDUCTOR,OTRO (IMPRUDENCIA DEL CONDUCTOR),21
A-2021-01-229,2021-01-27,07:30,ATROPELLO,1,0,1.0,TACNA,TACNA,TACNA,URBANA,CARRETERA,NACIONAL,PE-40,-18.00906,-70.231249,DESPEJADO,RESIDENCIAL,TRAMO RECTO,INCLINADA,ASFALTADA,SI,PREVENTIVA (P),PREVENTIVA (P),NO,IMPRUDENCIA DEL PEATÓN,ESTADO DE EBRIEDAD Y/O DROGADICCIÓN,7
A-2021-01-406,2021-01-27,10:30,VOLCADURA,1,0,2.0,HUANUCO,PACHITEA,UMARI,RURAL,CARRETERA,NACIONAL,PE-18B,-9.833197,-76.065763,DESPEJADO,RURAL,SINUOSA,PLANA ,ASFALTADA,,,,,IMPRUDENCIA DEL CONDUCTOR,INVASIÓN DE CARRIL,10
A-2021-01-243,2021-01-27,14:17,CHOQUE,1,2,2.0,SAN MARTIN,SAN MARTIN,TARAPOTO,URBANA,JIRÓN,URBANO,NO CORRESPONDE,-6.490228514490535,-76.35934169721354,DESPEJADO,COMERCIAL,INTERSECCIÓN,PLANA ,ASFALTADA,,,,,NEGLIGENCIA DEL CONDUCTOR,OTRO (NEGLIGENCIA DEL CONDUCTOR),14
A-2021-01-237,2021-01-27,16:00,DESPISTE,1,0,1.0,LAMBAYEQUE,CHICLAYO,PIMENTEL,RURAL,CARRETERA,NACIONAL,PE-1N,-6.737074,-79.881409,SOLEADO,INDUSTRIAL,TRAMO RECTO,PLANA ,ASFALTADA,,,,,EN PROCESO DE INVESTIGACIÓN,NO CUENTA CON CAUSA ESPECIFICA,16
A-2021-01-279,2021-01-27,16:00,CHOQUE,1,0,2.0,LAMBAYEQUE,CHICLAYO,LAGUNAS,URBANA,CARRETERA,NACIONAL,PE-1N,-6.985744,-79.629806,DESPEJADO,RESIDENCIAL,TRAMO RECTO,PLANA ,ASFALTADA,SI,REGULADORA (R),PREVENTIVA (P),NO,EN PROCESO DE INVESTIGACIÓN,NO CUENTA CON CAUSA ESPECIFICA,16
A-2021-01-329,2021-01-27,18:00,DESPISTE,1,0,1.0,JUNIN,YAULI,PACCHA,RURAL,CARRETERA,NACIONAL,PE-3N,-11.4378895,-75.935218,LLUVIOSO,RURAL,TRAMO RECTO,PLANA ,ASFALTADA,SI,PREVENTIVA (P),REGULADORA (R),SI,EN PROCESO DE INVESTIGACIÓN,NO CUENTA CON CAUSA ESPECIFICA,18
A-2021-01-282,2021-01-28,05:00,CHOQUE FUGA,1,1,,LIMA,LIMA,COMAS,RURAL,CARRETERA,NACIONAL,PE-1N,-11.932369,-77.072179,DESPEJADO,RURAL,TRAMO RECTO,PLANA ,ASFALTADA,,,,,IMPRUDENCIA DEL CONDUCTOR,OTRO (IMPRUDENCIA DEL CONDUCTOR),5
A-2021-01-268,2021-01-28,16:30,CHOQUE,1,4,2.0,PIURA,SECHURA,CRISTO NOS VALGA,RURAL,CARRETERA,NACIONAL,PE-1N,-5.573981,-80.580521,DESPEJADO,RURAL,OTRO,PLANA ,ASFALTADA,,,,,IMPRUDENCIA DEL CONDUCTOR,INVASIÓN DE CARRIL,16
A-2021-01-284,2021-01-28,17:20,CHOQUE,1,0,0.0,LIMA,LIMA,CARABAYLLO,URBANA,AVENIDA,URBANO,NO CORRESPONDE,-11.89,-77.02691153,DESPEJADO,COMERCIAL,INTERSECCIÓN,PLANA ,ASFALTADA,,,,,EN PROCESO DE INVESTIGACIÓN,NO CUENTA CON CAUSA ESPECIFICA,17