codigo_siniestro,fecha_siniestro,hora_siniestro,clase_siniestro,cantidad_fallecidos,cantidad_lesionados,cantidad_vehiculos_danados,departamento,provincia,distrito,zona,tipo_via,red_vial,cod_carretera,latitud,longitud,condicion_climatica,zonificacion,caracteristicas_via,perfil_longitudinal_via,superficie_calzada,existe_senal_vertical,clasificacion_senal_vertical_1,clasificacion_senal_vertical_2,existe_senal_horizontal,causa_factor_principal,causa_especifica,hora_del_dia
A-2021-01-341,2021-01-29,07:00,ATROPELLO,1,0,1.0,LAMBAYEQUE,CHICLAYO,REQUE,URBANA,CARRETERA,NACIONAL,PE-1N,-6.876218,-79.816787,DESPEJADO,RESIDENCIAL,TRAMO RECTO,INCLINADA,AFIRMADO,,,,,EN PROCESO DE INVESTIGACIÓN,NO CUENTA CON CAUSA ESPECIFICA,7
A-2021-01-340,2021-01-29,08:20,DESPISTE,2,0,1.0,AMAZONAS,RODRIGUEZ DE MENDOZA,MARISCAL BENAVIDES,RURAL,CARRETERA,NACIONAL,PE-08B,-6.3407682286398686,-77.50705857466426,DESPEJADO,RURAL,CURVA,PLANA ,AFIRMADO,,,,,EN PROCESO DE INVESTIGACIÓN,NO CUENTA CON CAUSA ESPECIFICA,8
A-2021-01-288,2021-01-29,10:14,CHOQUE,1,0,,LIMA,LIMA,SAN JUAN DE LURIGANCHO,URBANA,AVENIDA,URBANO,NO CORRESPONDE,-12.02939938288795,-77.01008051633836,DESPEJADO,COMERCIAL,TRAMO RECTO,PLANA ,ASFALTADA,,,,,IMPRUDENCIA DEL CONDUCTOR,OTRO (IMPRUDENCIA DEL CONDUCTOR),10
A-2021-01-292,2021-01-29,11:10,CHOQUE,4,0,2.0,PUNO,SAN ROMAN,CABANILLAS,RURAL,CARRETERA,NACIONAL,PE-34A,-15.6609065,-70.4690692,SOLEADO,RURAL,TRAMO RECTO,PLANA ,ASFALTADA,NO,,,SI,IMPRUDENCIA DEL CONDUCTOR,EXCESO DE VELOCIDAD,11
A-2021-01-290,2021-01-29,17:40,DESPISTE,1,5,1.0,ANCASH,HUARAZ,INDEPENDENCIA,RURAL,CARRETERA,NACIONAL,PE-14,-9.5553723,-77.6120294,LLUVIOSO,RURAL,CURVA,INCLINADA,ASFALTADA,SI,PREVENTIVA (P),,NO,IMPRUDENCIA DEL CONDUCTOR,EXCESO DE VELOCIDAD,17
A-2021-01-325,2021-01-29,20:30,ATROPELLO,1,0,1.0,PUNO,SAN ROMAN,CARACOTO,RURAL,CARRETERA,NACIONAL,PE-3S,-15.5359261,-70.1144705,DESPEJADO,RURAL,TRAMO RECTO,PLANA ,ASFALTADA,NO,,,SI,NEGLIGENCIA DEL CONDUCTOR,OTRO (NEGLIGENCIA DEL CONDUCTOR),20
A-2021-01-349,2021-01-29,20:58,DESPISTE,1,2,1.0,PUNO,LAMPA,CALAPUJA,RURAL,CARRETERA,NACIONAL,PE-3S,-15.2802355,-70.2564289,DESPEJADO,RURAL,CURVA,PLANA ,ASFALTADA,SI,INFORMATIVA (I),PREVENTIVA (P),SI,IMPRUDENCIA DEL CONDUCTOR,EXCESO DE VELOCIDAD,20
A-2021-01-356,2021-01-30,00:10,ATROPELLO FUGA,1,0,0.0,LIMA,LIMA,LURIGANCHO,URBANA,AVENIDA,URBANO,NO CORRESPONDE,-11.987377,-76.897774,DESPEJADO,COMERCIAL,TRAMO RECTO,PLANA ,ASFALTADA,,,,,EN PROCESO DE INVESTIGACIÓN,NO CUENTA CON CAUSA ESPECIFICA,0
A-2021-01-247,2021-01-30,04:00,ATROPELLO FUGA,1,0,0.0,LIMA,HUAURA,HUACHO,RURAL,CARRETERA,NACIONAL,PE-1N,-11.169286827738713,-77.58567814112875,DESPEJADO,RURAL,TRAMO RECTO,PLANA ,ASFALTADA,,,,,EN PROCESO DE INVESTIGACIÓN,NO CUENTA CON CAUSA ESPECIFICA,4
A-2021-01-285,2021-01-30,05:00,ATROPELLO,1,0,1.0,LA LIBERTAD,SANCHEZ CARRION,HUAMACHUCO,RURAL,CARRETERA,NACIONAL,PE-3N,-7.818645,-78.019036,DESPEJADO,RURAL,TRAMO RECTO,PLANA ,ASFALTADA,,,,,EN PROCESO DE INVESTIGACIÓN,NO CUENTA CON CAUSA ESPECIFICA,5
A-2021-01-293,2021-01-30,05:30,CHOQUE,1,1,3.0,SAN MARTIN,LAMAS,TABALOSOS,RURAL,CARRETERA,NACIONAL,PE-5N,-6.393684,-76.628262,DESPEJADO,RURAL,TRAMO RECTO,PLANA ,ASFALTADA,NO,,,SI,IMPRUDENCIA DEL CONDUCTOR,EXCESO DE VELOCIDAD,5
A-2021-01-324,2021-01-30,09:20,DESPISTE,2,0,1.0,PIURA,PAITA,PAITA,URBANA,CARRETERA,NACIONAL,PE-02,-5.103051878962269,-81.06725659719011,DESPEJADO,INDUSTRIAL,TRAMO RECTO,PLANA ,ASFALTADA,,REGULADORA (R),,,NEGLIGENCIA DEL CONDUCTOR,CONDUCIR CON FALLAS DE NEUMÁTICOS,9
A-2021-01-298,2021-01-30,11:00,CHOQUE,1,0,2.0,CUSCO,URUBAMBA,OLLANTAYTAMBO,RURAL,CARRETERA,NACIONAL,PE-28B,-13.203964,-72.297491,NUBLADO,RURAL,CURVA,INCLINADA,ASFALTADA,SI,PREVENTIVA (P),PREVENTIVA (P),SI,EN PROCESO DE INVESTIGACIÓN,NO CUENTA CON CAUSA ESPECIFICA,11
A-2021-01-291,2021-01-30,13:00,DESPISTE,1,1,1.0,CAJAMARCA,CAJAMARCA,COSPAN,RURAL,CARRETERA,DEPARTAMENTAL,CA-106,-7.466563,-78.496466,DESPEJADO,RURAL,TRAMO RECTO,PLANA ,TROCHA,,,,,IMPRUDENCIA DEL CONDUCTOR,FATIGA Y/O CANSANCIO,13
A-2021-01-278,2021-01-30,13:20,DESPISTE,1,0,1.0,AREQUIPA,AREQUIPA,UCHUMAYO,RURAL,CARRETERA,NACIONAL,PE-34A,-16.447971,-71.696988,SOLEADO,RURAL,CURVA,INCLINADA,ASFALTADA,SI,PREVENTIVA (P),,SI,IMPRUDENCIA DEL CONDUCTOR,OTRO (IMPRUDENCIA DEL CONDUCTOR),13
A-2021-01-295,2021-01-30,17:45,DESPISTE,1,0,0.0,ICA,ICA,PACHACUTEC,RURAL,CARRETERA,PROVINCIAL,IC-702,-14.161648,-75.689689,DESPEJADO,RURAL,TRAMO RECTO,PLANA ,TROCHA,,,,,IMPRUDENCIA DEL CONDUCTOR,EXCESO DE VELOCIDAD,17
A-2021-01-342,2021-01-30,17:50,CHOQUE,1,1,2.0,AMAZONAS,UTCUBAMBA,EL MILAGRO,URBANA,CARRETERA,NACIONAL,PE-5NC,-5.669654,-78.58634,DESPEJADO,RURAL,CURVA,INCLINADA,ASFALTADA,SI,PREVENTIVA (P),,SI,EN PROCESO DE INVESTIGACIÓN,NO CUENTA CON CAUSA ESPECIFICA,17
A-2021-01-391,2021-01-30,21:10,CHOQUE,1,1,2.0,CALLAO,CALLAO,CALLAO,URBANA,CARRETERA,NACIONAL,PE-20B,-12.033276606846124,-77.10028573127246,DESPEJADO,RESIDENCIAL,TRAMO RECTO,PLANA ,CONCRETO,,,,,IMPRUDENCIA DEL CONDUCTOR,CONDUCIR EN ESTADO DE EBRIEDAD Y/O DROGADICCIÓN,21
A-2021-01-378,2021-01-30,23:00,DESPISTE,1,1,1.0,LAMBAYEQUE,CHICLAYO,PIMENTEL,RURAL,CARRETERA,DEPARTAMENTAL,LA-108,-6.8247686,-79.9362024,DESPEJADO,RURAL,CURVA,INCLINADA,ASFALTADA,,,,,EN PROCESO DE INVESTIGACIÓN,NO CUENTA CON CAUSA ESPECIFICA,23
A-2021-01-306,2021-01-30,23:50,CHOQUE,2,1,2.0,LAMBAYEQUE,CHICLAYO,CHICLAYO,URBANA,CARRETERA,NACIONAL,PE-1N,-6.794637,-79.863534,DESPEJADO,RESIDENCIAL,TRAMO RECTO,PLANA ,ASFALTADA,SI,PREVENTIVA (P),PREVENTIVA (P),NO,EN PROCESO DE INVESTIGACIÓN,NO CUENTA CON CAUSA ESPECIFICA,23
A-2021-01-345,2021-01-31,02:50,CHOQUE,1,4,1.0,AREQUIPA,CARAVELI,CHAPARRA,RURAL,CARRETERA,NACIONAL,PE-1S,-16.033304,-73.999519,DESPEJADO,RURAL,TRAMO RECTO,PLANA ,ASFALTADA,,,,,EN PROCESO DE INVESTIGACIÓN,NO CUENTA CON CAUSA ESPECIFICA,2
A-2021-01-376,2021-01-31,15:30,CHOQUE,1,0,2.0,SAN MARTIN,MARISCAL CACERES,CAMPANILLA,RURAL,CARRETERA,PROVINCIAL,SM-738,-6.51496,-76.70329,DESPEJADO,RURAL,CURVA,PLANA ,ASFALTADA,,,,,IMPRUDENCIA DEL CONDUCTOR,EXCESO DE VELOCIDAD,15
A-2021-01-305,2021-01-31,19:30,CHOQUE,1,1,2.0,PIURA,MORROPON,CHULUCANAS,RURAL,CARRETERA,NACIONAL,PE-1NR,-5.13616,-80.115052,DESPEJADO,RURAL,TRAMO RECTO,PLANA ,ASFALTADA,SI,REGULADORA (R),REGULADORA (R),SI,IMPRUDENCIA DEL CONDUCTOR,CONDUCIR EN ESTADO DE EBRIEDAD Y/O DROGADICCIÓN,19
A-2021-01-277,2021-01-31,21:20,CHOQUE,1,3,2.0,HUANUCO,LEONCIO PRADO,SANTO DOMINGO DE ANDA,RURAL,CARRETERA,NACIONAL,PE-5N,-9.052429849137347,-76.07697428021588,DESPEJADO,RURAL,TRAMO RECTO,PLANA ,CONCRETO,,,,,IMPRUDENCIA DEL CONDUCTOR,EXCESO DE VELOCIDAD,21
A-2021-02-248,2021-02-01,04:47,CHOQUE,1,0,,LIMA,LIMA,SAN ISIDRO,URBANA,AVENIDA,URBANO,NO CORRESPONDE,-12.09219,-77.032178,DESPEJADO,RESIDENCIAL,INTERSECCIÓN,PLANA ,ASFALTADA,,,,,NEGLIGENCIA DEL CONDUCTOR,CONDUCIR CON FALLAS DE DIRECCIÓN,4
A-2021-02-251,2021-02-01,07:10,CHOQUE,1,0,,LIMA,LIMA,COMAS,URBANA,AVENIDA,URBANO,NO CORRESPONDE,-11.937625632516268,-77.07126170396806,DESPEJADO,RESIDENCIAL,INTERSECCIÓN,PLANA ,ASFALTADA,,,,,EN PROCESO DE INVESTIGACIÓN,NO CUENTA CON CAUSA ESPECIFICA,7
A-2021-02-102,2021-02-01,15:45,DESPISTE,1,1,1.0,PUNO,SANDIA,SANDIA,RURAL,CARRETERA,NACIONAL,PE-34H,-14.365523022552429,-69.48053229031025,NUBLADO,RURAL,TRAMO RECTO,PLANA ,ASFALTADA,,,,,IMPRUDENCIA DEL CONDUCTOR,EXCESO DE VELOCIDAD,15
A-2021-02-163,2021-02-01,18:30,DESPISTE,1,3,1.0,CUSCO,PAUCARTAMBO,CAICAY,RURAL,CARRETERA,PROVINCIAL,CU-1364,-13.5972,-71.6969,LLUVIOSO,RURAL,CURVA,INCLINADA,AFIRMADO,,,,,IMPRUDENCIA DEL CONDUCTOR,EXCESO DE VELOCIDAD,18
A-2021-02-21,2021-02-01,19:40,ATROPELLO FUGA,1,0,0.0,AREQUIPA,CONDESUYOS,RIO GRANDE,RURAL,CARRETERA,PROVINCIAL,AR-535,-15.928147453816774,-73.13040730041367,DESPEJADO,RURAL,SINUOSA,INCLINADA,TROCHA,,,,,EN PROCESO DE INVESTIGACIÓN,NO CUENTA CON CAUSA ESPECIFICA,19
A-2021-02-6,2021-02-01,20:40,CHOQUE,2,5,2.0,PIURA,PIURA,CATACAOS,RURAL,CARRETERA,NACIONAL,PE-1N,-5.260848,-80.613699,DESPEJADO,RURAL,CURVA,PLANA ,ASFALTADA,SI,REGULADORA (R),PREVENTIVA (P),NO,IMPRUDENCIA DEL CONDUCTOR,CONDUCIR EN ESTADO DE EBRIEDAD Y/O DROGADICCIÓN,20
A-2021-02-76,2021-02-02,05:40,CHOQUE,1,0,2.0,SAN MARTIN,MOYOBAMBA,CALZADA,RURAL,CARRETERA,NACIONAL,PE-5N,-6.042342803993313,-77.05495127659906,DESPEJADO,RURAL,TRAMO RECTO,PLANA ,ASFALTADA,,,,,IMPRUDENCIA DEL CONDUCTOR,OTRO (IMPRUDENCIA DEL CONDUCTOR),5
A-2021-02-5,2021-02-02,13:30,CHOQUE,1,1,2.0,ICA,ICA,SANTIAGO,RURAL,CARRETERA,NACIONAL,PE-1S,-14.240577,-75.692856,DESPEJADO,RURAL,TRAMO RECTO,PLANA ,ASFALTADA,,,,,IMPRUDENCIA DEL CONDUCTOR,INVASIÓN DE CARRIL,13
A-2021-02-4,2021-02-02,15:00,CHOQUE,1,0,2.0,HUANUCO,LEONCIO PRADO,RUPA-RUPA,URBANA,CARRETERA,NACIONAL,PE-18A,-9.31989,-75.99349,DESPEJADO,COMERCIAL,CURVA,PLANA ,ASFALTADA,SI,REGULADORA (R),PREVENTIVA (P),NO,IMPRUDENCIA DEL CONDUCTOR,EXCESO DE VELOCIDAD,15
A-2021-02-113,2021-02-02,17:20,ATROPELLO,1,0,1.0,ANCASH,CASMA,CASMA,URBANA,CARRETERA,NACIONAL,PE-1N,-9.47433373914006,-78.2960977852209,DESPEJADO,RESIDENCIAL,INTERSECCIÓN,PLANA ,ASFALTADA,,,,,IMPRUDENCIA DEL CONDUCTOR,NO DAR PASO PREFERENTE AL PEATÓN,17
A-2021-02-32,2021-02-03,12:00,DESPISTE,1,1,1.0,TACNA,TACNA,SAMA,RURAL,CARRETERA,NACIONAL,PE-1SD,-18.170141,-70.647195,SOLEADO,RURAL,TRAMO RECTO,PLANA ,ASFALTADA,,,,,IMPRUDENCIA DEL CONDUCTOR,CONDUCIR EN ESTADO DE EBRIEDAD Y/O DROGADICCIÓN,12
A-2021-02-31,2021-02-03,13:30,DESPISTE,2,2,1.0,ANCASH,HUARI,UCO,RURAL,CARRETERA,NACIONAL,PE-14A,-9.160781225717082,-76.92738104820685,NUBLADO,RURAL,TRAMO RECTO,INCLINADA,TROCHA,SI,PREVENTIVA (P),PREVENTIVA (P),SI,IMPRUDENCIA DEL CONDUCTOR,FATIGA Y/O CANSANCIO,13
A-2021-02-75,2021-02-03,15:30,DESPISTE,1,0,1.0,MOQUEGUA,MARISCAL NIETO,CARUMAS,RURAL,CARRETERA,NACIONAL,PE-36B,-16.72916,-70.453007,GRANIZADO,RURAL,CURVA,INCLINADA,ASFALTADA,,,,,INFRAESTRUCTURA Y ENTORNO VIAL,FACTOR AMBIENTAL,15
A-2021-02-286,2021-02-03,19:15,ATROPELLO,1,0,1.0,SAN MARTIN,SAN MARTIN,TARAPOTO,URBANA,AVENIDA,URBANO,NO CORRESPONDE,-6.47596,-76.36267,DESPEJADO,COMERCIAL,TRAMO RECTO,PLANA ,ASFALTADA,,,,,IMPRUDENCIA DEL CONDUCTOR,NO DAR PASO PREFERENTE AL PEATÓN,19
A-2021-02-8,2021-02-04,02:30,CHOQUE FUGA,1,0,1.0,PUNO,EL COLLAO,PILCUYO,RURAL,CARRETERA,NACIONAL,PE-3S,-16.11862696,-69.59255185,DESPEJADO,RURAL,TRAMO RECTO,PLANA ,ASFALTADA,SI,PREVENTIVA (P),,NO,IMPRUDENCIA DEL CONDUCTOR,EXCESO DE VELOCIDAD,2
A-2021-02-78,2021-02-04,09:45,ATROPELLO,1,0,1.0,CUSCO,CANAS,PAMPAMARCA,URBANA,CALLE,URBANO,NO CORRESPONDE,-14.14751,-71.46,DESPEJADO,RESIDENCIAL,INTERSECCIÓN,PLANA ,AFIRMADO,,,INFORMATIVA (I),,NEGLIGENCIA DEL CONDUCTOR,OTRO (NEGLIGENCIA DEL CONDUCTOR),9
A-2021-02-240,2021-02-04,12:00,DESPISTE,1,0,1.0,CAJAMARCA,CAJAMARCA,LLACANORA,RURAL,CARRETERA,PROVINCIAL,CA-1495,-7.174738,-78.423229,DESPEJADO,RURAL,CURVA,INCLINADA,ASFALTADA,SI,PREVENTIVA (P),,SI,EN PROCESO DE INVESTIGACIÓN,NO CUENTA CON CAUSA ESPECIFICA,12
A-2021-02-56,2021-02-04,12:00,CHOQUE,1,0,2.0,PUNO,AZANGARO,SAN JOSE,RURAL,CARRETERA,DEPARTAMENTAL,PU-111,-14.8922844,-70.1617261,NUBLADO,RURAL,TRAMO RECTO,PLANA ,ASFALTADA,SI,INFORMATIVA (I),PREVENTIVA (P),SI,IMPRUDENCIA DEL CONDUCTOR,EXCESO DE VELOCIDAD,12
A-2021-02-277,2021-02-04,14:30,DESPISTE,1,0,1.0,HUANUCO,HUANUCO,CHINCHAO,RURAL,CARRETERA,NACIONAL,PE-18A,-9.712672764117524,-76.09245650562782,NUBLADO,RURAL,CURVA,INCLINADA,ASFALTADA,,,,,IMPRUDENCIA DEL CONDUCTOR,OTRO (IMPRUDENCIA DEL CONDUCTOR),14
A-2021-02-20,2021-02-04,22:10,CHOQUE,1,3,2.0,PIURA,PIURA,PIURA,URBANA,AVENIDA,URBANO,NO CORRESPONDE,-5.167524,-80.655907,DESPEJADO,RURAL,TRAMO RECTO,PLANA ,ASFALTADA,SI,INFORMATIVA (I),PREVENTIVA (P),SI,IMPRUDENCIA DEL CONDUCTOR,CONDUCIR EN ESTADO DE EBRIEDAD Y/O DROGADICCIÓN,22
A-2021-02-276,2021-02-05,09:00,DESPISTE,1,0,1.0,PIURA,PIURA,TAMBO GRANDE,RURAL,CARRETERA,SIN CLASIFICAR,SIN CLASIFICAR,-4.885024319059653,-80.33600611919029,DESPEJADO,RURAL,TRAMO RECTO,PLANA ,ASFALTADA,,,,,EN PROCESO DE INVESTIGACIÓN,NO CUENTA CON CAUSA ESPECIFICA,9
A-2021-02-95,2021-02-05,09:45,ATROPELLO,1,0,1.0,CUSCO,CANCHIS,SICUANI,URBANA,CARRETERA,NACIONAL,PE-3S,-14.2758759830276,-71.2356738655972,DESPEJADO,RESIDENCIAL,TRAMO RECTO,PLANA ,ASFALTADA,SI,PREVENTIVA (P),INFORMATIVA (I),NO,IMPRUDENCIA DEL CONDUCTOR,EXCESO DE VELOCIDAD,9
A-2021-02-164,2021-02-05,10:30,CAÍDA DE PASAJERO,1,0,0.0,CUSCO,CALCA,SAN SALVADOR,RURAL,CARRETERA,PROVINCIAL,CU-1073,-13.493,-71.7882,DESPEJADO,RURAL,TRAMO RECTO,PLANA ,ASFALTADA,,,,,IMPRUDENCIA DEL CONDUCTOR,GIRAR IMPRUDENTEMENTE,10
A-2021-02-24,2021-02-05,12:00,CHOQUE,1,1,3.0,ICA,ICA,SALAS,RURAL,CARRETERA,NACIONAL,PE-1S,-13.934894,-75.869417,DESPEJADO,RURAL,TRAMO RECTO,PLANA ,ASFALTADA,,,,,IMPRUDENCIA DEL CONDUCTOR,EXCESO DE VELOCIDAD,12
A-2021-02-17,2021-02-05,14:30,ATROPELLO,1,0,0.0,LIMA,CAJATAMBO,MANAS,RURAL,CARRETERA,DEPARTAMENTAL,LM-112,-10.572365864241098,-77.15383704151937,NUBLADO,RURAL,SINUOSA,INCLINADA,CASCAJO/RIPIO,,,,,EN PROCESO DE INVESTIGACIÓN,NO CUENTA CON CAUSA ESPECIFICA,14
A-2021-02-15,2021-02-05,17:30,DESPISTE,1,3,1.0,AREQUIPA,ISLAY,MOLLENDO,RURAL,CARRETERA,NACIONAL,PE-34,-16.6779758,-71.9100334,DESPEJADO,RURAL,TRAMO RECTO,PLANA ,ASFALTADA,NO,,,SI,IMPRUDENCIA DEL CONDUCTOR,EXCESO DE VELOCIDAD,17
A-2021-02-87,2021-02-05,22:00,ATROPELLO,1,0,1.0,LA LIBERTAD,ASCOPE,PAIJAN,RURAL,CARRETERA,NACIONAL,PE-1N,-7.733987,-79.300616,DESPEJADO,RURAL,TRAMO RECTO,PLANA ,ASFALTADA,,,,,IMPRUDENCIA DEL PEATÓN,CRUCE INDEBIDO POR LA CALZADA,22
A-2021-02-23,2021-02-06,07:45,DESPISTE,2,1,1.0,APURIMAC,CHINCHEROS,OCOBAMBA,RURAL,CARRETERA,DEPARTAMENTAL,AP-102,-13.57507,-73.46999,NIEBLA,RURAL,TRAMO RECTO,PLANA ,CASCAJO/RIPIO,,,,,NEGLIGENCIA DEL CONDUCTOR,OTRO (NEGLIGENCIA DEL CONDUCTOR),7
A-2021-02-25,2021-02-07,12:00,CHOQUE,2,0,2.0,ICA,ICA,SALAS,URBANA,CARRETERA,NACIONAL,PE-1S,-14.005534,-75.766709,DESPEJADO,RURAL,TRAMO RECTO,PLANA ,ASFALTADA,,,,,IMPRUDENCIA DEL CONDUCTOR,INVASIÓN DE CARRIL,12
A-2021-02-293,2021-02-07,13:15,DESPISTE,1,0,1.0,AREQUIPA,CAMANA,SAMUEL PASTOR,RURAL,CARRETERA,NACIONAL,PE-1S,-16.604922514552918,-72.63072251414734,DESPEJADO,RURAL,TRAMO RECTO,INCLINADA,ASFALTADA,,,,,EN PROCESO DE INVESTIGACIÓN,NO CUENTA CON CAUSA ESPECIFICA,13
A-2021-02-241,2021-02-07,17:00,DESPISTE,1,1,1.0,JUNIN,CONCEPCION,COMAS,RURAL,CARRETERA,PROVINCIAL,JU-1167,-11.7295272,-75.074987,SOLEADO,RURAL,CURVA,INCLINADA,ASFALTADA,SI,PREVENTIVA (P),,NO,IMPRUDENCIA DEL CONDUCTOR,EXCESO DE VELOCIDAD,17
A-2021-02-124,2021-02-08,11:30,CHOQUE,1,0,1.0,LIMA,LIMA,SAN JUAN DE LURIGANCHO,URBANA,AVENIDA,URBANO,NO CORRESPONDE,-12.025888,-76.98613,DESPEJADO,COMERCIAL,INTERSECCIÓN,PLANA ,ASFALTADA,,,,,IMPRUDENCIA DEL CONDUCTOR,EXCESO DE VELOCIDAD,11
A-2021-02-171,2021-02-08,15:00,DESPISTE,1,3,1.0,CUSCO,LA CONVENCION,SANTA ANA,RURAL,CARRETERA,DEPARTAMENTAL,CU-118,-12.9186583170426,-72.736736539381,DESPEJADO,RURAL,TRAMO RECTO,PLANA ,TROCHA,,,,,IMPRUDENCIA DEL CONDUCTOR,EXCESO DE VELOCIDAD,15
A-2021-02-40,2021-02-08,15:30,DESPISTE,1,0,1.0,APURIMAC,AYMARAES,CHALHUANCA,RURAL,CARRETERA,SIN CLASIFICAR,SIN CLASIFICAR,-14.323716971911608,-73.24946437688853,LLUVIOSO,RURAL,TRAMO RECTO,PLANA ,CASCAJO/RIPIO,,,,,IMPRUDENCIA DEL CONDUCTOR,FATIGA Y/O CANSANCIO,15
A-2021-02-127,2021-02-08,15:40,ATROPELLO,1,0,1.0,LIMA,LIMA,EL AGUSTINO,URBANA,AVENIDA,URBANO,NO CORRESPONDE,-12.029121,-76.99979,DESPEJADO,COMERCIAL,INTERSECCIÓN,PLANA ,ASFALTADA,,REGULADORA (R),,,IMPRUDENCIA DEL CONDUCTOR,CONDUCIR EN ESTADO DE EBRIEDAD Y/O DROGADICCIÓN,15
A-2021-02-42,2021-02-08,17:30,CHOQUE,1,0,2.0,ANCASH,HUAYLAS,CARAZ,RURAL,CARRETERA,NACIONAL,PE-3N,-9.02562827779985,-77.8208550385728,NUBLADO,RURAL,CURVA,INCLINADA,ASFALTADA,SI,PREVENTIVA (P),PREVENTIVA (P),SI,EN PROCESO DE INVESTIGACIÓN,NO CUENTA CON CAUSA ESPECIFICA,17
A-2021-02-45,2021-02-08,18:20,DESPISTE,2,0,1.0,APURIMAC,AYMARAES,YANACA,RURAL,CARRETERA,DEPARTAMENTAL,AP-108,-14.20255817645848,-73.13044804455083,DESPEJADO,RURAL,PUENTE,INCLINADA,AFIRMADO,,,,,IMPRUDENCIA DEL CONDUCTOR,FATIGA Y/O CANSANCIO,18
A-2021-02-28,2021-02-08,18:30,CHOQUE,1,0,,MADRE DE DIOS,TAMBOPATA,TAMBOPATA,RURAL,CARRETERA,NACIONAL,PE-30C,-12.6768762957303,-69.3683650006837,,,,,,,,,,EN PROCESO DE INVESTIGACIÓN,NO CUENTA CON CAUSA ESPECIFICA,18
A-2021-02-46,2021-02-09,08:30,DESPISTE,1,1,1.0,APURIMAC,COTABAMBAS,HAQUIRA,RURAL,CARRETERA,NACIONAL,PE-3SG,-14.223052227128653,-72.15168099959223,LLUVIOSO,RURAL,TRAMO RECTO,PLANA ,ASFALTADA,,,,,EN PROCESO DE INVESTIGACIÓN,NO CUENTA CON CAUSA ESPECIFICA,8
A-2021-02-249,2021-02-09,20:00,ATROPELLO,1,0,0.0,LIMA,LIMA,SAN JUAN DE MIRAFLORES,URBANA,CARRETERA,NACIONAL,PE-1S,-12.156762275040451,-76.98325306177139,DESPEJADO,RESIDENCIAL,TRAMO RECTO,PLANA ,ASFALTADA,,,,,IMPRUDENCIA DEL PEATÓN,ESTADO DE EBRIEDAD Y/O DROGADICCIÓN,20
A-2021-02-250,2021-02-09,21:12,DESPISTE,1,0,,LIMA,LIMA,LA VICTORIA,URBANA,AVENIDA,URBANO,NO CORRESPONDE,-12.076163677993936,-77.02763028722859,DESPEJADO,RESIDENCIAL,TRAMO RECTO,INCLINADA,ASFALTADA,,,,,IMPRUDENCIA DEL CONDUCTOR,EXCESO DE VELOCIDAD,21
A-2021-02-254,2021-02-10,13:00,CHOQUE,1,0,0.0,LIMA,LIMA,SURQUILLO,URBANA,AVENIDA,URBANO,NO CORRESPONDE,-12.117716928281103,-77.00858920812608,DESPEJADO,COMERCIAL,INTERSECCIÓN,PLANA ,ASFALTADA,,,,,IMPERICIA DEL CONDUCTOR,,13
A-2021-02-77,2021-02-10,14:45,CHOQUE,1,0,1.0,LA LIBERTAD,ASCOPE,CHICAMA,RURAL,CARRETERA,NACIONAL,PE-1N,-7.834859,-79.157289,DESPEJADO,RURAL,TRAMO RECTO,PLANA ,ASFALTADA,,,,,IMPRUDENCIA DEL CONDUCTOR,OTRO (IMPRUDENCIA DEL CONDUCTOR),14
A-2021-02-252,2021-02-10,15:30,DESPISTE,1,0,1.0,LIMA,LIMA,LURIN,URBANA,CARRETERA,NACIONAL,PE-1S,-12.290935854275048,-76.86632484197618,DESPEJADO,INDUSTRIAL,TRAMO RECTO,PLANA ,ASFALTADA,,,,,IMPRUDENCIA DEL CONDUCTOR,EXCESO DE VELOCIDAD,15
A-2021-02-253,2021-02-10,16:15,ATROPELLO,1,0,1.0,LIMA,LIMA,SAN LUIS,URBANA,AVENIDA,URBANO,NO CORRESPONDE,-12.081299174313552,-76.99488312005998,DESPEJADO,RESIDENCIAL,TRAMO RECTO,PLANA ,ASFALTADA,,,,,IMPRUDENCIA DEL PEATÓN,USO DE DISPOSITIVOS MÓVILES Y/O ELECTRÓNICOS,16
A-2021-02-285,2021-02-10,19:40,CHOQUE FUGA,1,0,1.0,SAN MARTIN,MARISCAL CACERES,JUANJUI,RURAL,CARRETERA,NACIONAL,PE-5N,-7.191479494207583,-76.73389059871813,SOLEADO,RURAL,OTRO,PLANA ,AFIRMADO,,,,,EN PROCESO DE INVESTIGACIÓN,NO CUENTA CON CAUSA ESPECIFICA,19
A-2021-02-88,2021-02-10,20:30,CHOQUE,1,1,2.0,LA LIBERTAD,SANCHEZ CARRION,HUAMACHUCO,RURAL,AVENIDA,URBANO,NO CORRESPONDE,-7.81973,-78.028613,DESPEJADO,RURAL,TRAMO RECTO,PLANA ,AFIRMADO,,,,,EN PROCESO DE INVESTIGACIÓN,NO CUENTA CON CAUSA ESPECIFICA,20
A-2021-02-99,2021-02-10,23:30,DESPISTE,1,0,1.0,CUSCO,CHUMBIVILCAS,CAPACMARCA,RURAL,CARRETERA,DEPARTAMENTAL,CU-119,-13.974894,-71.962837,NUBLADO,RURAL,CURVA,PLANA ,AFIRMADO,,,,,IMPRUDENCIA DEL CONDUCTOR,FATIGA Y/O CANSANCIO,23