codigo_siniestro,fecha_siniestro,hora_siniestro,clase_siniestro,cantidad_fallecidos,cantidad_lesionados,cantidad_vehiculos_danados,departamento,provincia,distrito,zona,tipo_via,red_vial,cod_carretera,latitud,longitud,condicion_climatica,zonificacion,caracteristicas_via,perfil_longitudinal_via,superficie_calzada,existe_senal_vertical,clasificacion_senal_vertical_1,clasificacion_senal_vertical_2,existe_senal_horizontal,causa_factor_principal,causa_especifica,hora_del_dia
A-2021-02-175,2021-02-22,08:30,ATROPELLO,1,0,1.0,LAMBAYEQUE,CHICLAYO,LA VICTORIA,URBANA,CARRETERA,NACIONAL,PE-1N,-6.802063778798723,-79.84676677752996,DESPEJADO,RESIDENCIAL,INTERSECCIÓN,PLANA ,ASFALTADA,SI,REGULADORA (R),PREVENTIVA (P),NO,EN PROCESO DE INVESTIGACIÓN,NO CUENTA CON CAUSA ESPECIFICA,8
A-2021-02-202,2021-02-22,14:00,DESPISTE,1,2,1.0,APURIMAC,GRAU,GAMARRA,RURAL,CARRETERA,PROVINCIAL,AP-906,-13.902034194238322,-72.53300183276687,DESPEJADO,RURAL,CURVA,PLANA ,TROCHA,,,,,IMPRUDENCIA DEL CONDUCTOR,CONDUCIR EN ESTADO DE EBRIEDAD Y/O DROGADICCIÓN,14
A-2021-02-182,2021-02-22,14:40,DESPISTE,1,0,2.0,LIMA,HUAURA,HUAURA,URBANA,CARRETERA,NACIONAL,PE-1NE,-11.062979683742768,-77.5774509197476,DESPEJADO,RURAL,TRAMO RECTO,PLANA ,ASFALTADA,,,,,EN PROCESO DE INVESTIGACIÓN,NO CUENTA CON CAUSA ESPECIFICA,14
A-2021-02-129,2021-02-22,16:40,CHOQUE,1,0,2.0,PIURA,PIURA,VEINTISEIS DE OCTUBRE,URBANA,AVENIDA,URBANO,NO CORRESPONDE,-5.1761019142593,-80.6619739068756,DESPEJADO,ESCOLAR,INTERSECCIÓN,PLANA ,CONCRETO,SI,PREVENTIVA (P),PREVENTIVA (P),SI,EN PROCESO DE INVESTIGACIÓN,NO CUENTA CON CAUSA ESPECIFICA,16
A-2021-02-183,2021-02-23,07:00,CHOQUE,1,1,2.0,LA LIBERTAD,GRAN CHIMU,CASCAS,RURAL,CARRETERA,NACIONAL,PE-1NF,-7.530991,-78.806241,DESPEJADO,RURAL,TRAMO RECTO,PLANA ,ASFALTADA,,,,,IMPRUDENCIA DEL CONDUCTOR,CONDUCIR EN ESTADO DE EBRIEDAD Y/O DROGADICCIÓN,7
A-2021-02-214,2021-02-23,11:20,DESPISTE,1,0,1.0,LAMBAYEQUE,CHICLAYO,LA VICTORIA,URBANA,CARRETERA,NACIONAL,PE-1N,-6.8379207,-79.8293674,DESPEJADO,RESIDENCIAL,TRAMO RECTO,PLANA ,ASFALTADA,,,,,EN PROCESO DE INVESTIGACIÓN,NO CUENTA CON CAUSA ESPECIFICA,11
A-2021-02-184,2021-02-23,14:20,ATROPELLO,1,0,1.0,LA LIBERTAD,TRUJILLO,TRUJILLO,URBANA,AVENIDA,URBANO,NO CORRESPONDE,-8.112031,-79.032938,DESPEJADO,COMERCIAL,INTERSECCIÓN,PLANA ,ASFALTADA,,,,,IMPRUDENCIA DEL PEATÓN,CRUCE INDEBIDO POR LA CALZADA,14
A-2021-02-236,2021-02-23,17:00,DESPISTE,1,0,1.0,CALLAO,CALLAO,CALLAO,URBANA,CARRETERA,NACIONAL,PE-20I,-12.050285363986184,-77.11806391190329,DESPEJADO,RESIDENCIAL,TRAMO RECTO,PLANA ,CONCRETO,,,,,EN PROCESO DE INVESTIGACIÓN,NO CUENTA CON CAUSA ESPECIFICA,17
A-2021-02-283,2021-02-23,20:05,ATROPELLO FUGA,1,0,,ANCASH,SANTA,SAMANCO,RURAL,CARRETERA,NACIONAL,PE-1N,-9.251160715910917,-78.4393731434623,DESPEJADO,RURAL,TRAMO RECTO,PLANA ,ASFALTADA,,,,,EN PROCESO DE INVESTIGACIÓN,NO CUENTA CON CAUSA ESPECIFICA,20
A-2021-02-267,2021-02-23,21:00,ATROPELLO FUGA,1,0,0.0,LIMA,LIMA,SANTA ANITA,URBANA,CARRETERA,NACIONAL,PE-1N,-12.057,-76.974,DESPEJADO,RESIDENCIAL,TRAMO RECTO,PLANA ,ASFALTADA,,,,,EN PROCESO DE INVESTIGACIÓN,NO CUENTA CON CAUSA ESPECIFICA,21
A-2021-02-168,2021-02-24,05:40,CHOQUE,1,1,2.0,LA LIBERTAD,ASCOPE,CHICAMA,RURAL,CARRETERA,NACIONAL,PE-1NF,-7.838814,-79.152311,DESPEJADO,RURAL,TRAMO RECTO,PLANA ,ASFALTADA,,,,,IMPRUDENCIA DEL CONDUCTOR,FATIGA Y/O CANSANCIO,5
A-2021-02-226,2021-02-24,07:15,ESPECIAL,1,0,0.0,MOQUEGUA,MARISCAL NIETO,MOQUEGUA,RURAL,OTRO,URBANO,NO CORRESPONDE,-17.203995,-70.895577,SOLEADO,RURAL,TRAMO RECTO,PLANA ,TROCHA,,,,,IMPRUDENCIA DEL PEATÓN,OTRO (IMPRUDENCIA DEL PEATÓN),7
A-2021-02-268,2021-02-24,08:30,CHOQUE,1,0,2.0,LIMA,LIMA,RIMAC,URBANA,AVENIDA,URBANO,NO CORRESPONDE,-12.034806871808192,-77.02985840706565,DESPEJADO,RESIDENCIAL,INTERSECCIÓN,PLANA ,ASFALTADA,,,,,EN PROCESO DE INVESTIGACIÓN,NO CUENTA CON CAUSA ESPECIFICA,8
A-2021-02-156,2021-02-24,12:40,CHOQUE,1,0,2.0,PUNO,SAN ROMAN,CABANILLAS,RURAL,CARRETERA,DEPARTAMENTAL,PU-124,-15.43385,-70.2663,DESPEJADO,RURAL,TRAMO RECTO,PLANA ,ASFALTADA,SI,PREVENTIVA (P),INFORMATIVA (I),SI,IMPRUDENCIA DEL CONDUCTOR,INVASIÓN DE CARRIL,12
A-2021-02-133,2021-02-24,19:10,CHOQUE,1,0,2.0,AREQUIPA,ISLAY,DEAN VALDIVIA,RURAL,CARRETERA,NACIONAL,PE-1SD,-17.122811,-71.887054,DESPEJADO,RURAL,TRAMO RECTO,PLANA ,ASFALTADA,NO,,,SI,IMPRUDENCIA DEL CONDUCTOR,EXCESO DE VELOCIDAD,19
A-2021-02-136,2021-02-24,19:15,CHOQUE,1,0,2.0,TACNA,TACNA,TACNA,RURAL,CARRETERA,NACIONAL,PE-1S,-17.979841,-70.282731,DESPEJADO,RURAL,TRAMO RECTO,PLANA ,ASFALTADA,SI,REGULADORA (R),INFORMATIVA (I),NO,IMPRUDENCIA DEL CONDUCTOR,INVASIÓN DE CARRIL,19
A-2021-02-170,2021-02-24,19:20,ATROPELLO,1,0,0.0,CUSCO,LA CONVENCION,QUELLOUNO,URBANA,JIRÓN,URBANO,NO CORRESPONDE,-12.514535130645434,-72.41194327228267,DESPEJADO,RESIDENCIAL,INTERSECCIÓN,PLANA ,ASFALTADA,,,,,IMPRUDENCIA DEL CONDUCTOR,EXCESO DE VELOCIDAD,19
A-2021-02-190,2021-02-25,05:10,CHOQUE,1,1,2.0,LIMA,HUARAL,CHANCAY,URBANA,CARRETERA,NACIONAL,PE-1N,-11.598373816167577,-77.25110706721921,DESPEJADO,RURAL,TRAMO RECTO,PLANA ,ASFALTADA,SI,REGULADORA (R),PREVENTIVA (P),NO,EN PROCESO DE INVESTIGACIÓN,NO CUENTA CON CAUSA ESPECIFICA,5
A-2021-02-169,2021-02-25,07:30,CHOQUE FUGA,1,0,1.0,LA LIBERTAD,ASCOPE,PAIJAN,RURAL,CARRETERA,NACIONAL,PE-1N,-7.704619,-79.314822,DESPEJADO,RURAL,TRAMO RECTO,PLANA ,ASFALTADA,,,,,IMPRUDENCIA DEL CONDUCTOR,OTRO (IMPRUDENCIA DEL CONDUCTOR),7
A-2021-02-227,2021-02-25,12:40,DESPISTE,2,1,1.0,MOQUEGUA,MARISCAL NIETO,SAN CRISTOBAL,RURAL,CARRETERA,PROVINCIAL,MO-528,-16.664125,-70.734802,DESPEJADO,RURAL,SINUOSA,INCLINADA,TROCHA,,,,,IMPRUDENCIA DEL CONDUCTOR,FATIGA Y/O CANSANCIO,12
A-2021-02-228,2021-02-26,05:30,CHOQUE,1,0,2.0,MOQUEGUA,MARISCAL NIETO,MOQUEGUA,RURAL,CARRETERA,NACIONAL,PE-1S,-17.20612,-71.386858,DESPEJADO,RURAL,TRAMO RECTO,PLANA ,ASFALTADA,,,,,IMPRUDENCIA DEL CONDUCTOR,OTRO (IMPRUDENCIA DEL CONDUCTOR),5
A-2021-02-269,2021-02-26,07:30,ATROPELLO,1,0,0.0,LIMA,LIMA,SAN JUAN DE MIRAFLORES,URBANA,AVENIDA,URBANO,NO CORRESPONDE,-12.162491,-76.962732,DESPEJADO,RESIDENCIAL,TRAMO RECTO,PLANA ,ASFALTADA,,,,,IMPRUDENCIA DEL CONDUCTOR,OTRO (IMPRUDENCIA DEL CONDUCTOR),7
A-2021-02-233,2021-02-26,17:15,ATROPELLO,1,1,0.0,JUNIN,JAUJA,LEONOR ORDOÑEZ,URBANA,CARRETERA,NACIONAL,PE-3SB,-11.8616999,-75.41395513,DESPEJADO,RURAL,INTERSECCIÓN,INCLINADA,ASFALTADA,SI,REGULADORA (R),,SI,EN PROCESO DE INVESTIGACIÓN,NO CUENTA CON CAUSA ESPECIFICA,17
A-2021-02-177,2021-02-27,04:00,VOLCADURA,1,0,2.0,ICA,ICA,ICA,URBANA,CARRETERA,NACIONAL,PE-1S,-14.063037153649963,-75.74121214851782,DESPEJADO,RESIDENCIAL,TRAMO RECTO,PLANA ,ASFALTADA,,,,,IMPRUDENCIA DEL CONDUCTOR,EXCESO DE VELOCIDAD,4
A-2021-02-176,2021-02-27,07:00,DESPISTE,1,0,1.0,ICA,PISCO,HUMAY,RURAL,CARRETERA,NACIONAL,PE-28A,-13.733104,-75.923859,DESPEJADO,RURAL,TRAMO RECTO,PLANA ,ASFALTADA,,,,,IMPRUDENCIA DEL CONDUCTOR,FATIGA Y/O CANSANCIO,7
A-2021-02-172,2021-02-27,07:40,DESPISTE,1,0,2.0,ICA,ICA,SANTIAGO,RURAL,CARRETERA,NACIONAL,PE-1S,-14.1786410782402,-75.71557504710242,DESPEJADO,RURAL,TRAMO RECTO,PLANA ,ASFALTADA,,,,,IMPRUDENCIA DEL CONDUCTOR,EXCESO DE VELOCIDAD,7
A-2021-02-199,2021-02-27,09:45,CHOQUE,1,0,2.0,LAMBAYEQUE,LAMBAYEQUE,OLMOS,URBANA,CARRETERA,NACIONAL,PE-1NJ,-5.9863394,-79.7392495,DESPEJADO,COMERCIAL,TRAMO RECTO,PLANA ,ASFALTADA,SI,PREVENTIVA (P),REGULADORA (R),SI,EN PROCESO DE INVESTIGACIÓN,NO CUENTA CON CAUSA ESPECIFICA,9
A-2021-02-270,2021-02-27,12:30,ATROPELLO,1,0,0.0,LIMA,LIMA,EL AGUSTINO,URBANA,CARRETERA,NACIONAL,PE-1N,-12.032477409451634,-76.99107365892452,SOLEADO,RESIDENCIAL,TRAMO RECTO,PLANA ,ASFALTADA,,,,,EN PROCESO DE INVESTIGACIÓN,NO CUENTA CON CAUSA ESPECIFICA,12
A-2021-02-180,2021-02-27,15:30,ESPECIAL,1,0,1.0,CAJAMARCA,SAN MARCOS,GREGORIO PITA,URBANA,CALLE,URBANO,NO CORRESPONDE,-7.273584,-78.159523,DESPEJADO,ESCOLAR,TRAMO RECTO,INCLINADA,CONCRETO,,,,,NEGLIGENCIA DEL CONDUCTOR,OTRO (NEGLIGENCIA DEL CONDUCTOR),15
A-2021-02-216,2021-02-27,16:15,CHOQUE,1,0,0.0,JUNIN,JAUJA,CURICACA,URBANA,CARRETERA,NACIONAL,PE-3S,-11.8143497,-75.61393633,LLUVIOSO,RESIDENCIAL,CURVA,INCLINADA,ASFALTADA,SI,REGULADORA (R),INFORMATIVA (I),NO,EN PROCESO DE INVESTIGACIÓN,NO CUENTA CON CAUSA ESPECIFICA,16
A-2021-02-209,2021-02-27,20:00,CHOQUE,1,3,3.0,PUNO,LAMPA,CALAPUJA,RURAL,CARRETERA,NACIONAL,PE-34B,-15.2779016,-70.2241947,DESPEJADO,RURAL,TRAMO RECTO,PLANA ,ASFALTADA,SI,REGULADORA (R),INFORMATIVA (I),SI,IMPRUDENCIA DEL CONDUCTOR,DESACATO DE SEÑAL DE TRÁNSITO,20
A-2021-02-271,2021-02-27,22:30,DESPISTE,1,0,1.0,LIMA,LIMA,CARABAYLLO,URBANA,JIRÓN,URBANO,NO CORRESPONDE,-11.889978,-77.02457,DESPEJADO,RESIDENCIAL,TRAMO RECTO,INCLINADA,ASFALTADA,,,,,IMPRUDENCIA DEL CONDUCTOR,CONDUCIR EN ESTADO DE EBRIEDAD Y/O DROGADICCIÓN,22
A-2021-02-196,2021-02-27,23:15,CHOQUE,4,1,2.0,TUMBES,CONTRALMIRANTE VILLAR,CANOAS DE PUNTA SAL,RURAL,CARRETERA,NACIONAL,PE-1N,-4.053658966728172,-80.95568770884869,DESPEJADO,RURAL,CURVA,PLANA ,ASFALTADA,SI,PREVENTIVA (P),PREVENTIVA (P),SI,IMPRUDENCIA DEL CONDUCTOR,INVASIÓN DE CARRIL,23
A-2021-02-272,2021-02-28,04:00,DESPISTE,1,0,1.0,PIURA,SULLANA,SULLANA,RURAL,CARRETERA,NACIONAL,PE-1N,-4.916857978078274,-80.69707447355155,DESPEJADO,INDUSTRIAL,TRAMO RECTO,PLANA ,ASFALTADA,SI,PREVENTIVA (P),REGULADORA (R),NO,EN PROCESO DE INVESTIGACIÓN,NO CUENTA CON CAUSA ESPECIFICA,4
A-2021-02-186,2021-02-28,04:30,DESPISTE,2,0,1.0,LA LIBERTAD,SANTIAGO DE CHUCO,SITABAMBA,RURAL,CARRETERA,DEPARTAMENTAL,LI-115,-8.017236,-77.7588,DESPEJADO,RURAL,TRAMO RECTO,PLANA ,AFIRMADO,,,,,IMPRUDENCIA DEL CONDUCTOR,OTRO (IMPRUDENCIA DEL CONDUCTOR),4
A-2021-02-185,2021-02-28,05:00,ATROPELLO FUGA,1,0,1.0,LA LIBERTAD,TRUJILLO,SALAVERRY,RURAL,CARRETERA,NACIONAL,PE-1N,-8.283801,-78.91814,DESPEJADO,RURAL,TRAMO RECTO,PLANA ,ASFALTADA,,,,,IMPRUDENCIA DEL CONDUCTOR,EXCESO DE VELOCIDAD,5
A-2021-02-187,2021-02-28,20:40,CHOQUE FUGA,1,2,2.0,LA LIBERTAD,VIRU,CHAO,RURAL,CARRETERA,PROVINCIAL,LI-1208,-8.54778,-78.678269,DESPEJADO,RURAL,TRAMO RECTO,PLANA ,ASFALTADA,,,,,EN PROCESO DE INVESTIGACIÓN,NO CUENTA CON CAUSA ESPECIFICA,20
A-2021-02-189,2021-02-28,21:00,ATROPELLO,1,0,1.0,LA LIBERTAD,TRUJILLO,FLORENCIA DE MORA,URBANA,CALLE,URBANO,NO CORRESPONDE,-8.088921,-79.026501,DESPEJADO,COMERCIAL,TRAMO RECTO,PLANA ,ASFALTADA,,,,,IMPRUDENCIA DEL CONDUCTOR,CONDUCIR EN ESTADO DE EBRIEDAD Y/O DROGADICCIÓN,21
A-2021-02-223,2021-02-28,21:15,ATROPELLO,2,0,1.0,PUNO,SAN ROMAN,SAN MIGUEL,URBANA,CARRETERA,NACIONAL,PE-3S,-15.466583,-70.138198,DESPEJADO,INDUSTRIAL,TRAMO RECTO,PLANA ,ASFALTADA,SI,REGULADORA (R),PREVENTIVA (P),SI,IMPRUDENCIA DEL CONDUCTOR,EXCESO DE VELOCIDAD,21
A-2021-02-188,2021-02-28,21:25,CHOQUE,1,1,2.0,LA LIBERTAD,TRUJILLO,LAREDO,RURAL,CARRETERA,NACIONAL,PE-10A,-8.048596,-78.849761,DESPEJADO,RURAL,TRAMO RECTO,PLANA ,ASFALTADA,,,,,IMPRUDENCIA DEL CONDUCTOR,CONDUCIR EN ESTADO DE EBRIEDAD Y/O DROGADICCIÓN,21
A-2021-02-194,2021-02-28,23:30,DESPISTE,2,1,1.0,AREQUIPA,AREQUIPA,MARIANO MELGAR,RURAL,CARRETERA,SIN CLASIFICAR,SIN CLASIFICAR,-16.387007,-71.457041,DESPEJADO,RURAL,OTRO,INCLINADA,TROCHA,,,,,NEGLIGENCIA DEL CONDUCTOR,OTRO (NEGLIGENCIA DEL CONDUCTOR),23
A-2021-03-100,2021-03-01,05:28,ATROPELLO,1,0,1.0,LIMA,HUARAL,CHANCAY,URBANA,CARRETERA,NACIONAL,PE-1N,-11.53777846548452,-77.2829764573073,DESPEJADO,RURAL,TRAMO RECTO,PLANA ,ASFALTADA,,,,,IMPRUDENCIA DEL PEATÓN,CRUCE INDEBIDO POR LA CALZADA,5
A-2021-03-69,2021-03-01,08:00,CAÍDA DE PASAJERO,1,0,0.0,LIMA,LIMA,INDEPENDENCIA,URBANA,AVENIDA,URBANO,NO CORRESPONDE,-11.9969,-77.0544,DESPEJADO,COMERCIAL,TRAMO RECTO,PLANA ,ASFALTADA,,,,,EN PROCESO DE INVESTIGACIÓN,NO CUENTA CON CAUSA ESPECIFICA,8
A-2021-03-1,2021-03-01,08:50,ATROPELLO,1,0,1.0,PUNO,YUNGUYO,YUNGUYO,RURAL,CARRETERA,DEPARTAMENTAL,PU-130,-16.30911252,-69.06047903,DESPEJADO,RURAL,TRAMO RECTO,PLANA ,ASFALTADA,,,,,IMPRUDENCIA DEL CONDUCTOR,EXCESO DE VELOCIDAD,8
A-2021-03-6,2021-03-01,15:00,DESPISTE,1,0,1.0,JUNIN,TARMA,SAN PEDRO DE CAJAS,RURAL,CARRETERA,PROVINCIAL,JU-548,-11.16358188421908,-75.8564661443685,DESPEJADO,RURAL,TRAMO RECTO,INCLINADA,TROCHA,,,,,IMPRUDENCIA DEL CONDUCTOR,CONDUCIR EN ESTADO DE EBRIEDAD Y/O DROGADICCIÓN,15
A-2021-03-93,2021-03-01,19:30,CHOQUE,1,0,2.0,SAN MARTIN,LAMAS,BARRANQUITA,RURAL,CARRETERA,DEPARTAMENTAL,SM-105,-6.21662,-75.99639,DESPEJADO,RURAL,TRAMO RECTO,PLANA ,ASFALTADA,,,,,IMPRUDENCIA DEL CONDUCTOR,CONDUCIR EN ESTADO DE EBRIEDAD Y/O DROGADICCIÓN,19
A-2021-03-273,2021-03-02,02:00,DESPISTE,1,1,1.0,HUANCAVELICA,HUAYTARA,PILPICHACA,RURAL,CARRETERA,NACIONAL,PE-28A,-13.450225,-74.983666,NUBLADO,RURAL,TRAMO RECTO,INCLINADA,ASFALTADA,,,,,IMPRUDENCIA DEL CONDUCTOR,FATIGA Y/O CANSANCIO,2
A-2021-03-5,2021-03-02,05:50,DESPISTE,1,2,1.0,ICA,PISCO,SAN CLEMENTE,RURAL,CARRETERA,NACIONAL,PE-1S,-13.630134,-76.152208,DESPEJADO,RURAL,TRAMO RECTO,PLANA ,ASFALTADA,,,,,IMPRUDENCIA DEL CONDUCTOR,FATIGA Y/O CANSANCIO,5
A-2021-03-65,2021-03-02,07:45,CHOQUE,4,0,2.0,CUSCO,QUISPICANCHI,OCONGATE,RURAL,CARRETERA,NACIONAL,PE-30C,-13.652514,-71.305902,DESPEJADO,RURAL,CURVA,PLANA ,ASFALTADA,SI,PREVENTIVA (P),INFORMATIVA (I),NO,IMPRUDENCIA DEL CONDUCTOR,INVASIÓN DE CARRIL,7
A-2021-03-58,2021-03-02,13:30,DESPISTE,1,0,1.0,LA LIBERTAD,SANCHEZ CARRION,HUAMACHUCO,RURAL,CARRETERA,NACIONAL,PE-3N,-7.915461,-78.14592,DESPEJADO,RURAL,CURVA,PLANA ,ASFALTADA,,,,,EN PROCESO DE INVESTIGACIÓN,NO CUENTA CON CAUSA ESPECIFICA,13
A-2021-03-12,2021-03-02,21:40,DESPISTE,1,4,1.0,CAJAMARCA,CELENDIN,SOROCHUCO,RURAL,CARRETERA,PROVINCIAL,CA-1024,-6.91790623,-78.2523829,LLUVIOSO,RURAL,CURVA,INCLINADA,AFIRMADO,,,,,IMPRUDENCIA DEL CONDUCTOR,CONDUCIR EN ESTADO DE EBRIEDAD Y/O DROGADICCIÓN,21
A-2021-03-11,2021-03-03,07:45,CHOQUE,1,1,2.0,ANCASH,RECUAY,CATAC,RURAL,CARRETERA,NACIONAL,PE-3N,-9.859137723842816,-77.40590948703202,DESPEJADO,RURAL,CURVA,PLANA ,ASFALTADA,,,,,IMPRUDENCIA DEL CONDUCTOR,FATIGA Y/O CANSANCIO,7
A-2021-03-365,2021-03-03,15:03,DESPISTE,2,0,1.0,PIURA,AYABACA,SAPILLICA,RURAL,CARRETERA,PROVINCIAL,PI-745,-4.767575262701006,-80.03604948149277,DESPEJADO,RURAL,TRAMO RECTO,PLANA ,AFIRMADO,,,,,IMPRUDENCIA DEL CONDUCTOR,OTRO (IMPRUDENCIA DEL CONDUCTOR),15
A-2021-03-84,2021-03-03,16:15,ATROPELLO,1,0,0.0,LORETO,MAYNAS,BELEN,URBANA,CALLE,URBANO,NO CORRESPONDE,-3.760023,-73.248444,SOLEADO,COMERCIAL,TRAMO RECTO,PLANA ,ASFALTADA,,,,,IMPRUDENCIA DEL PEATÓN,CRUCE INDEBIDO POR LA CALZADA,16
A-2021-03-99,2021-03-03,17:50,CHOQUE,1,2,0.0,SAN MARTIN,PICOTA,PICOTA,RURAL,CARRETERA,NACIONAL,PE-5N,-6.89955,-76.33663,LLUVIOSO,RURAL,TRAMO RECTO,PLANA ,ASFALTADA,,,,,IMPRUDENCIA DEL CONDUCTOR,EXCESO DE VELOCIDAD,17
A-2021-03-170,2021-03-03,18:00,ATROPELLO,1,0,1.0,LIMA,LIMA,SAN JUAN DE LURIGANCHO,URBANA,CARRETERA,SIN CLASIFICAR,SIN CLASIFICAR,-11.960103612746728,-76.98185596768646,DESPEJADO,RESIDENCIAL,INTERSECCIÓN,PLANA ,ASFALTADA,,,,,IMPRUDENCIA DEL PEATÓN,OTRO (IMPRUDENCIA DEL PEATÓN),18
A-2021-03-7,2021-03-03,19:00,DESPISTE,1,0,1.0,AREQUIPA,AREQUIPA,CERRO COLORADO,URBANA,CARRETERA,DEPARTAMENTAL,AR-123,-16.3354896,-71.5971248,DESPEJADO,RESIDENCIAL,ÓVALO,PLANA ,ASFALTADA,,,,,EN PROCESO DE INVESTIGACIÓN,NO CUENTA CON CAUSA ESPECIFICA,19
A-2021-03-103,2021-03-03,21:36,CHOQUE,1,0,2.0,CUSCO,CANCHIS,MARANGANI,RURAL,CARRETERA,NACIONAL,PE-3S,-14.321561,-71.200158,DESPEJADO,RURAL,TRAMO RECTO,PLANA ,ASFALTADA,NO,,,SI,IMPRUDENCIA DEL CONDUCTOR,INVASIÓN DE CARRIL,21
A-2021-03-64,2021-03-03,22:00,CAÍDA DE PASAJERO,1,0,0.0,CUSCO,CHUMBIVILCAS,QUIÑOTA,RURAL,CARRETERA,NACIONAL,PE-3SG,-14.311253,-72.142777,DESPEJADO,RURAL,TRAMO RECTO,PLANA ,AFIRMADO,,,,,NEGLIGENCIA DEL CONDUCTOR,OTRO (NEGLIGENCIA DEL CONDUCTOR),22
A-2021-03-96,2021-03-04,06:28,CHOQUE,1,0,2.0,LIMA,HUAURA,SANTA MARIA,URBANA,CARRETERA,NACIONAL,PE-1N,-11.112764002167914,-77.59242894031976,DESPEJADO,RURAL,TRAMO RECTO,PLANA ,ASFALTADA,SI,REGULADORA (R),INFORMATIVA (I),NO,IMPRUDENCIA DEL CONDUCTOR,NO ESTABLECER EL DERECHO DE PASO,6
A-2021-03-36,2021-03-04,10:00,CHOQUE,1,0,2.0,LAMBAYEQUE,LAMBAYEQUE,MORROPE,URBANA,CARRETERA,NACIONAL,PE-1N,-6.6306533,-79.9547741,SOLEADO,INDUSTRIAL,TRAMO RECTO,PLANA ,ASFALTADA,SI,PREVENTIVA (P),REGULADORA (R),NO,EN PROCESO DE INVESTIGACIÓN,NO CUENTA CON CAUSA ESPECIFICA,10
A-2021-03-8,2021-03-04,10:20,CHOQUE CON OBJETO FIJO,1,0,0.0,MADRE DE DIOS,TAMBOPATA,TAMBOPATA,RURAL,CARRETERA,DEPARTAMENTAL,MD-102,-12.633364,-69.183511,SOLEADO,RURAL,OTRO,PLANA ,TROCHA,,,,,NEGLIGENCIA DEL CONDUCTOR,OTRO (NEGLIGENCIA DEL CONDUCTOR),10
A-2021-03-171,2021-03-04,20:40,VOLCADURA,1,0,1.0,LIMA,LIMA,SAN JUAN DE LURIGANCHO,URBANA,AVENIDA,URBANO,NO CORRESPONDE,-11.961697,-76.982522,DESPEJADO,RURAL,SINUOSA,INCLINADA,ASFALTADA,,,,,EN PROCESO DE INVESTIGACIÓN,NO CUENTA CON CAUSA ESPECIFICA,20
A-2021-03-175,2021-03-05,00:30,DESPISTE,1,0,1.0,LIMA,LIMA,SAN MARTIN DE PORRES,URBANA,AVENIDA,URBANO,NO CORRESPONDE,-12.031772,-77.077474,DESPEJADO,COMERCIAL,INTERSECCIÓN,PLANA ,ASFALTADA,,,,,INFRAESTRUCTURA Y ENTORNO VIAL,OTRO (INFRAESTRUCTURA Y ENTORNO VIAL),0
A-2021-03-37,2021-03-05,15:00,DESPISTE,1,1,1.0,CUSCO,CHUMBIVILCAS,COLQUEMARCA,RURAL,CARRETERA,PROVINCIAL,CU-1544,-14.2836,-72.0403,NUBLADO,RURAL,CURVA,PLANA ,AFIRMADO,,,,,IMPRUDENCIA DEL CONDUCTOR,EXCESO DE VELOCIDAD,15
A-2021-03-27,2021-03-05,18:00,DESPISTE,1,0,1.0,AREQUIPA,AREQUIPA,YURA,RURAL,CARRETERA,NACIONAL,PE-34A,-16.1780492,-71.6472994,DESPEJADO,RURAL,TRAMO RECTO,INCLINADA,ASFALTADA,,,,,NEGLIGENCIA DEL CONDUCTOR,OTRO (NEGLIGENCIA DEL CONDUCTOR),18
A-2021-03-59,2021-03-05,18:10,CHOQUE,1,3,2.0,LA LIBERTAD,CHEPEN,PACANGA,RURAL,CARRETERA,PROVINCIAL,LI-500,-7.195012,-79.496807,DESPEJADO,RURAL,TRAMO RECTO,PLANA ,ASFALTADA,,,,,IMPRUDENCIA DEL CONDUCTOR,INVASIÓN DE CARRIL,18
A-2021-03-352,2021-03-05,19:00,ATROPELLO,1,0,0.0,LIMA,LIMA,LIMA,URBANA,JIRÓN,URBANO,NO CORRESPONDE,-12.050964,-77.039908,DESPEJADO,RESIDENCIAL,INTERSECCIÓN,PLANA ,ASFALTADA,SI,PREVENTIVA (P),,NO,IMPRUDENCIA DEL PEATÓN,ESTADO DE EBRIEDAD Y/O DROGADICCIÓN,19
A-2021-03-258,2021-03-05,19:30,ATROPELLO,1,1,1.0,JUNIN,HUANCAYO,SAPALLANGA,URBANA,CARRETERA,NACIONAL,PE-3SC,-12.1380528,-75.16620673,DESPEJADO,COMERCIAL,TRAMO RECTO,PLANA ,ASFALTADA,,,,,EN PROCESO DE INVESTIGACIÓN,NO CUENTA CON CAUSA ESPECIFICA,19
A-2021-03-201,2021-03-05,21:30,ATROPELLO,1,0,1.0,LIMA,LIMA,SAN JUAN DE MIRAFLORES,URBANA,CARRETERA,NACIONAL,PE-1S,-12.185667,-76.974538,DESPEJADO,RURAL,TRAMO RECTO,PLANA ,ASFALTADA,,,,,IMPRUDENCIA DEL CONDUCTOR,OTRO (IMPRUDENCIA DEL CONDUCTOR),21
A-2021-03-178,2021-03-06,02:20,ATROPELLO FUGA,1,0,0.0,LAMBAYEQUE,CHICLAYO,LAGUNAS,RURAL,CARRETERA,NACIONAL,PE-1N,-6.938924,-79.723199,DESPEJADO,RURAL,TRAMO RECTO,PLANA ,ASFALTADA,,,,,IMPRUDENCIA DEL PEATÓN,CRUCE INDEBIDO POR LA CALZADA,2
A-2021-03-202,2021-03-06,03:50,ATROPELLO,3,0,,LIMA,LIMA,COMAS,URBANA,CARRETERA,NACIONAL,PE-1N,-11.939114,-77.071492,DESPEJADO,RESIDENCIAL,OTRO,PLANA ,ASFALTADA,,,,,IMPRUDENCIA DEL CONDUCTOR,OTRO (IMPRUDENCIA DEL CONDUCTOR),3