codigo_siniestro,fecha_siniestro,hora_siniestro,clase_siniestro,cantidad_fallecidos,cantidad_lesionados,cantidad_vehiculos_danados,departamento,provincia,distrito,zona,tipo_via,red_vial,cod_carretera,latitud,longitud,condicion_climatica,zonificacion,caracteristicas_via,perfil_longitudinal_via,superficie_calzada,existe_senal_vertical,clasificacion_senal_vertical_1,clasificacion_senal_vertical_2,existe_senal_horizontal,causa_factor_principal,causa_especifica,hora_del_dia
A-2021-04-23,2021-04-04,17:20,CHOQUE,1,1,2.0,LA LIBERTAD,CHEPEN,PACANGA,RURAL,CARRETERA,NACIONAL,PE-1N,-7.156068,-79.444243,DESPEJADO,RURAL,TRAMO RECTO,PLANA ,ASFALTADA,,,,,IMPRUDENCIA DEL CONDUCTOR,ADELANTAR INDEBIDAMENTE,17
A-2021-04-203,2021-04-04,17:30,DESPISTE,1,0,1.0,PIURA,AYABACA,PACAIPAMPA,RURAL,CARRETERA,NACIONAL,PE-1NR,-5.008129,-79.713425,DESPEJADO,RURAL,CURVA,INCLINADA,TROCHA,,,,,EN PROCESO DE INVESTIGACIÓN,NO CUENTA CON CAUSA ESPECIFICA,17
A-2021-04-20,2021-04-04,19:00,CHOQUE,1,0,2.0,ANCASH,HUARAZ,TARICA,RURAL,CARRETERA,NACIONAL,PE-3N,-9.44103432558107,-77.54961201855198,NUBLADO,RURAL,CURVA,INCLINADA,ASFALTADA,NO,,,SI,IMPRUDENCIA DEL CONDUCTOR,INVASIÓN DE CARRIL,19
A-2021-04-161,2021-04-04,21:00,DESPISTE,1,0,1.0,APURIMAC,ANDAHUAYLAS,TALAVERA,RURAL,CARRETERA,SIN CLASIFICAR,SIN CLASIFICAR,-13.5634716,-73.4540211,LLUVIOSO,RURAL,CURVA,INCLINADA,TROCHA,,,,,INFRAESTRUCTURA Y ENTORNO VIAL,SUPERFICIE DETERIORADA,21
A-2021-04-26,2021-04-04,21:30,ATROPELLO,1,0,1.0,LIMA,HUAURA,VEGUETA,URBANA,CARRETERA,NACIONAL,PE-1N,-10.928013700836738,-77.65143687572593,DESPEJADO,ESCOLAR,TRAMO RECTO,PLANA ,ASFALTADA,SI,PREVENTIVA (P),REGULADORA (R),NO,IMPRUDENCIA DEL PEATÓN,ESTADO DE EBRIEDAD Y/O DROGADICCIÓN,21
A-2021-04-24,2021-04-04,22:00,CHOQUE FUGA,1,0,1.0,CUSCO,CANCHIS,SAN PEDRO,URBANA,CARRETERA,NACIONAL,PE-3S,-14.184078,-71.351995,DESPEJADO,RURAL,TRAMO RECTO,PLANA ,ASFALTADA,,,,,EN PROCESO DE INVESTIGACIÓN,NO CUENTA CON CAUSA ESPECIFICA,22
A-2021-04-199,2021-04-05,07:30,CHOQUE,1,6,2.0,HUANCAVELICA,HUAYTARA,PILPICHACA,RURAL,CARRETERA,NACIONAL,PE-28A,-13.44379,-74.964815,DESPEJADO,RURAL,TRAMO RECTO,PLANA ,ASFALTADA,,,,,IMPRUDENCIA DEL CONDUCTOR,EXCESO DE VELOCIDAD,7
A-2021-04-143,2021-04-05,13:55,ATROPELLO,1,0,0.0,CUSCO,CUSCO,SAN SEBASTIAN,URBANA,AVENIDA,URBANO,NO CORRESPONDE,-13.53252,-71.929495,DESPEJADO,RESIDENCIAL,TRAMO RECTO,PLANA ,ASFALTADA,,,,,IMPRUDENCIA DEL PEATÓN,CRUCE INDEBIDO POR LA CALZADA,13
A-2021-04-100,2021-04-05,14:00,DESPISTE,5,2,1.0,ANCASH,BOLOGNESI,ANTONIO RAYMONDI,RURAL,CARRETERA,PROVINCIAL,AN-1240,-10.179600375182709,-77.47241302532659,SOLEADO,RURAL,CURVA,PLANA ,AFIRMADO,,,,,IMPRUDENCIA DEL CONDUCTOR,EXCESO DE VELOCIDAD,14
A-2021-04-28,2021-04-05,14:15,CHOQUE,1,1,2.0,CAJAMARCA,CAJAMARCA,CAJAMARCA,URBANA,JIRÓN,URBANO,NO CORRESPONDE,-7.15509546,-78.51223546,DESPEJADO,ESCOLAR,TRAMO RECTO,PLANA ,CONCRETO,SI,PREVENTIVA (P),PREVENTIVA (P),SI,IMPRUDENCIA DEL CONDUCTOR,EXCESO DE VELOCIDAD,14
A-2021-04-116,2021-04-05,15:30,DESPISTE,6,8,1.0,PUNO,SANDIA,LIMBANI,RURAL,CARRETERA,DEPARTAMENTAL,PU-106,-14.133438,-69.683171,NUBLADO,RURAL,CURVA,INCLINADA,TROCHA,,,,,IMPRUDENCIA DEL CONDUCTOR,EXCESO DE VELOCIDAD,15
A-2021-04-60,2021-04-05,17:00,CHOQUE,1,0,2.0,AYACUCHO,HUAMANGA,CARMEN ALTO,RURAL,CARRETERA,NACIONAL,PE-3S,-13.2162044,-74.2269812,DESPEJADO,RURAL,CURVA,PLANA ,ASFALTADA,SI,PREVENTIVA (P),PREVENTIVA (P),NO,IMPRUDENCIA DEL CONDUCTOR,CONDUCIR EN ESTADO DE EBRIEDAD Y/O DROGADICCIÓN,17
A-2021-04-41,2021-04-05,18:36,CHOQUE FUGA,1,0,1.0,JUNIN,SATIPO,MAZAMARI,RURAL,CARRETERA,NACIONAL,PE-5S,-11.30223695862583,-74.54661386778807,DESPEJADO,RURAL,CURVA,PLANA ,ASFALTADA,,,,,EN PROCESO DE INVESTIGACIÓN,NO CUENTA CON CAUSA ESPECIFICA,18
A-2021-04-89,2021-04-05,20:30,DESPISTE,1,0,1.0,APURIMAC,COTABAMBAS,MARA,RURAL,CARRETERA,NACIONAL,PE-3SY,-14.065016610059931,-72.06663619986575,DESPEJADO,RURAL,SINUOSA,PLANA ,ASFALTADA,SI,PREVENTIVA (P),PREVENTIVA (P),NO,IMPRUDENCIA DEL CONDUCTOR,OTRO (IMPRUDENCIA DEL CONDUCTOR),20
A-2021-04-27,2021-04-06,01:30,DESPISTE,1,1,1.0,CAJAMARCA,SAN PABLO,SAN BERNARDINO,RURAL,CARRETERA,NACIONAL,PE-08A,-7.165161,-78.83830201,LLUVIOSO,RURAL,CURVA,INCLINADA,ASFALTADA,SI,PREVENTIVA (P),,SI,IMPRUDENCIA DEL CONDUCTOR,FATIGA Y/O CANSANCIO,1
A-2021-04-315,2021-04-06,05:00,CHOQUE,1,1,1.0,HUANUCO,HUANUCO,CHINCHAO,RURAL,CARRETERA,NACIONAL,PE-18A,-9.529889,-75.965192,LLUVIOSO,RURAL,SINUOSA,INCLINADA,ASFALTADA,,,,,IMPRUDENCIA DEL CONDUCTOR,ADELANTAR INDEBIDAMENTE,5
A-2021-04-220,2021-04-06,10:20,CHOQUE,1,4,0.0,LIMA,LIMA,EL AGUSTINO,URBANA,AVENIDA,URBANO,NO CORRESPONDE,-12.054878,-77.004339,DESPEJADO,INDUSTRIAL,TRAMO RECTO,PLANA ,ASFALTADA,,,,,EN PROCESO DE INVESTIGACIÓN,NO CUENTA CON CAUSA ESPECIFICA,10
A-2021-04-90,2021-04-06,12:15,ATROPELLO,1,0,1.0,PUNO,SAN ROMAN,CABANA,RURAL,CARRETERA,DEPARTAMENTAL,PU-121,-15.63747592480151,-70.3295756686597,DESPEJADO,RURAL,CURVA,PLANA ,ASFALTADA,,,,,NEGLIGENCIA DEL CONDUCTOR,OTRO (NEGLIGENCIA DEL CONDUCTOR),12
A-2021-04-32,2021-04-06,12:30,DESPISTE,1,1,1.0,CAJAMARCA,CUTERVO,CHOROS,RURAL,CARRETERA,NACIONAL,PE-3ND,-6.02857,-78.791621,DESPEJADO,RURAL,CURVA,INCLINADA,ASFALTADA,,,,,EN PROCESO DE INVESTIGACIÓN,NO CUENTA CON CAUSA ESPECIFICA,12
A-2021-04-45,2021-04-06,15:20,DESPISTE,1,1,1.0,CUSCO,ANTA,ANTA,RURAL,CARRETERA,NACIONAL,PE-3S,-13.474206,-72.15724,DESPEJADO,RURAL,TRAMO RECTO,INCLINADA,ASFALTADA,SI,REGULADORA (R),,NO,IMPRUDENCIA DEL CONDUCTOR,EXCESO DE VELOCIDAD,15
A-2021-04-320,2021-04-07,04:30,CHOQUE,1,0,,ANCASH,CASMA,COMANDANTE NOEL,URBANA,CARRETERA,NACIONAL,PE-1N,-9.426303877037506,-78.36322055623961,DESPEJADO,RESIDENCIAL,TRAMO RECTO,PLANA ,ASFALTADA,,,,,EN PROCESO DE INVESTIGACIÓN,NO CUENTA CON CAUSA ESPECIFICA,4
A-2021-04-30,2021-04-07,10:30,ESPECIAL,1,0,1.0,AREQUIPA,ISLAY,COCACHACRA,RURAL,CARRETERA,NACIONAL,PE-1S,-17.03281264289713,-71.69802188826868,DESPEJADO,RURAL,OTRO,PLANA ,ASFALTADA,SI,PREVENTIVA (P),REGULADORA (R),SI,IMPRUDENCIA DEL CONDUCTOR,OTRO (IMPRUDENCIA DEL CONDUCTOR),10
A-2021-04-221,2021-04-07,17:00,ATROPELLO,1,0,,LIMA,LIMA,RIMAC,URBANA,AVENIDA,URBANO,NO CORRESPONDE,-12.041403,-77.020181,DESPEJADO,RESIDENCIAL,TRAMO RECTO,PLANA ,ASFALTADA,,,,,IMPRUDENCIA DEL PEATÓN,OTRO (IMPRUDENCIA DEL PEATÓN),17
A-2021-04-222,2021-04-07,18:00,ATROPELLO FUGA,1,0,0.0,LIMA,LIMA,LIMA,URBANA,AVENIDA,URBANO,NO CORRESPONDE,-12.05516205666465,-77.01369525044477,DESPEJADO,INDUSTRIAL,TRAMO RECTO,PLANA ,ASFALTADA,,,,,EN PROCESO DE INVESTIGACIÓN,NO CUENTA CON CAUSA ESPECIFICA,18
A-2021-04-232,2021-04-07,18:00,ATROPELLO,1,0,,LIMA,LIMA,EL AGUSTINO,URBANA,JIRÓN,URBANO,NO CORRESPONDE,-12.053118221273774,-77.00628305305597,DESPEJADO,COMERCIAL,TRAMO RECTO,PLANA ,ASFALTADA,,,,,NEGLIGENCIA DEL CONDUCTOR,OTRO (NEGLIGENCIA DEL CONDUCTOR),18
A-2021-04-231,2021-04-07,21:20,ATROPELLO,1,0,,LIMA,LIMA,PUENTE PIEDRA,URBANA,CARRETERA,NACIONAL,PE-1N,-11.83371,-77.113468,DESPEJADO,RURAL,TRAMO RECTO,PLANA ,ASFALTADA,,,,,IMPRUDENCIA DEL CONDUCTOR,OTRO (IMPRUDENCIA DEL CONDUCTOR),21
A-2021-04-124,2021-04-08,01:00,DESPISTE,1,1,0.0,CUSCO,CHUMBIVILCAS,LIVITACA,RURAL,CARRETERA,DEPARTAMENTAL,CU-126,-14.317023,-71.736049,DESPEJADO,RURAL,TRAMO RECTO,PLANA ,ASFALTADA,,,,,IMPRUDENCIA DEL CONDUCTOR,EXCESO DE VELOCIDAD,1
A-2021-04-71,2021-04-08,04:45,DESPISTE,1,1,1.0,LORETO,MAYNAS,SAN JUAN BAUTISTA,RURAL,CARRETERA,DEPARTAMENTAL,LO-103,-4.091061573355892,-73.45173545621408,SOLEADO,RURAL,PUENTE,PLANA ,ASFALTADA,,,,,EN PROCESO DE INVESTIGACIÓN,NO CUENTA CON CAUSA ESPECIFICA,4
A-2021-04-299,2021-04-08,06:00,DESPISTE,11,19,1.0,AYACUCHO,PARINACOCHAS,CORACORA,RURAL,CARRETERA,NACIONAL,PE-30A,-14.6399303,-73.71511169,DESPEJADO,RURAL,CURVA,INCLINADA,ASFALTADA,SI,PREVENTIVA (P),PREVENTIVA (P),NO,IMPRUDENCIA DEL CONDUCTOR,FATIGA Y/O CANSANCIO,6
A-2021-04-247,2021-04-08,09:00,DESPISTE,1,1,1.0,LIMA,BARRANCA,PARAMONGA,RURAL,CARRETERA,NACIONAL,PE-16,-10.56150256814494,-77.75940758797587,SOLEADO,RURAL,TRAMO RECTO,PLANA ,TROCHA,,,,,IMPRUDENCIA DEL CONDUCTOR,EXCESO DE VELOCIDAD,9
A-2021-04-29,2021-04-08,10:00,DESPISTE,1,0,1.0,AREQUIPA,AREQUIPA,UCHUMAYO,RURAL,CARRETERA,DEPARTAMENTAL,AR-115,-16.485472868789834,-71.62227539440323,DESPEJADO,RURAL,TRAMO RECTO,INCLINADA,ASFALTADA,NO,,,SI,IMPRUDENCIA DEL CONDUCTOR,CONDUCIR EN ESTADO DE EBRIEDAD Y/O DROGADICCIÓN,10
A-2021-04-40,2021-04-08,12:33,DESPISTE,1,0,1.0,JUNIN,TARMA,SAN PEDRO DE CAJAS,RURAL,CARRETERA,DEPARTAMENTAL,JU-105,-11.256094405732266,-75.90572115138157,NUBLADO,RURAL,CURVA,INCLINADA,AFIRMADO,,,,,EN PROCESO DE INVESTIGACIÓN,NO CUENTA CON CAUSA ESPECIFICA,12
A-2021-04-55,2021-04-08,14:50,ATROPELLO,1,1,1.0,SAN MARTIN,RIOJA,NUEVA CAJAMARCA,URBANA,CARRETERA,NACIONAL,PE-5N,-5.821697,-77.378454,DESPEJADO,RURAL,TRAMO RECTO,PLANA ,ASFALTADA,,,,,IMPRUDENCIA DEL PEATÓN,OTRO (IMPRUDENCIA DEL PEATÓN),14
A-2021-04-31,2021-04-08,17:50,CHOQUE,2,0,2.0,PUNO,CHUCUITO,JULI,RURAL,CARRETERA,NACIONAL,PE-3S,-16.16267320425616,-69.54302245792485,DESPEJADO,RURAL,TRAMO RECTO,PLANA ,ASFALTADA,,,,,IMPRUDENCIA DEL CONDUCTOR,NO ESTABLECER EL DERECHO DE PASO,17
A-2021-04-87,2021-04-08,18:45,CHOQUE,1,2,2.0,CUSCO,QUISPICANCHI,OCONGATE,RURAL,CARRETERA,NACIONAL,PE-30C,-13.6114352,-71.2451296,NUBLADO,RURAL,CURVA,INCLINADA,ASFALTADA,,,,,IMPRUDENCIA DEL CONDUCTOR,EXCESO DE VELOCIDAD,18
A-2021-04-234,2021-04-09,08:10,DESPISTE,1,0,0.0,LIMA,LIMA,SAN MARTIN DE PORRES,URBANA,CARRETERA,NACIONAL,PE-1N,-12.0208394,-77.0591224,DESPEJADO,COMERCIAL,TRAMO RECTO,PLANA ,ASFALTADA,,,,,EN PROCESO DE INVESTIGACIÓN,NO CUENTA CON CAUSA ESPECIFICA,8
A-2021-04-63,2021-04-09,09:00,VOLCADURA,1,0,1.0,PUNO,PUNO,PAUCARCOLLA,RURAL,CARRETERA,SIN CLASIFICAR,SIN CLASIFICAR,-15.786983164153632,-70.08120213017172,DESPEJADO,RURAL,CURVA,INCLINADA,TROCHA,,,,,NEGLIGENCIA DEL CONDUCTOR,CONDUCIR CON FALLAS DE FRENOS,9
A-2021-04-42,2021-04-09,14:30,CHOQUE,1,3,2.0,AREQUIPA,AREQUIPA,SAN JUAN DE TARUCANI,RURAL,CARRETERA,NACIONAL,PE-34A,-16.019093,-71.2838097,LLUVIOSO,RURAL,CURVA,PLANA ,ASFALTADA,,,,,IMPRUDENCIA DEL CONDUCTOR,OTRO (IMPRUDENCIA DEL CONDUCTOR),14
A-2021-04-88,2021-04-09,18:00,CHOQUE,1,2,2.0,CAJAMARCA,CONTUMAZA,CONTUMAZA,URBANA,CARRETERA,NACIONAL,PE-08,-7.23580207,-78.70758406,DESPEJADO,COMERCIAL,CURVA,INCLINADA,ASFALTADA,SI,PREVENTIVA (P),PREVENTIVA (P),SI,IMPRUDENCIA DEL CONDUCTOR,CONDUCIR EN ESTADO DE EBRIEDAD Y/O DROGADICCIÓN,18
A-2021-04-316,2021-04-09,18:20,DESPISTE,1,1,1.0,HUANUCO,HUANUCO,CHINCHAO,RURAL,CARRETERA,NACIONAL,PE-18A,-9.525074,-75.954437,DESPEJADO,RURAL,TRAMO RECTO,PLANA ,ASFALTADA,,,,,IMPRUDENCIA DEL CONDUCTOR,OTRO (IMPRUDENCIA DEL CONDUCTOR),18
A-2021-04-233,2021-04-09,20:20,ATROPELLO FUGA,1,0,,LIMA,LIMA,SAN JUAN DE LURIGANCHO,URBANA,AVENIDA,URBANO,NO CORRESPONDE,-11.969483,-77.005295,DESPEJADO,INDUSTRIAL,TRAMO RECTO,PLANA ,ASFALTADA,,,,,IMPRUDENCIA DEL PEATÓN,OTRO (IMPRUDENCIA DEL PEATÓN),20
A-2021-04-326,2021-04-09,20:50,ATROPELLO,1,0,0.0,SAN MARTIN,SAN MARTIN,TARAPOTO,URBANA,CARRETERA,NACIONAL,PE-5N,-6.533466,-76.373776,SOLEADO,COMERCIAL,OTRO,PLANA ,ASFALTADA,NO,,,SI,EN PROCESO DE INVESTIGACIÓN,NO CUENTA CON CAUSA ESPECIFICA,20
A-2021-04-104,2021-04-09,21:30,CHOQUE,1,0,2.0,APURIMAC,ANDAHUAYLAS,ANDAHUAYLAS,URBANA,CARRETERA,NACIONAL,PE-3S,-13.664063,-73.406394,DESPEJADO,COMERCIAL,TRAMO RECTO,PLANA ,ASFALTADA,NO,,,SI,IMPRUDENCIA DEL CONDUCTOR,CONDUCIR EN ESTADO DE EBRIEDAD Y/O DROGADICCIÓN,21
A-2021-04-44,2021-04-10,04:00,DESPISTE,1,0,1.0,CUSCO,CANAS,PAMPAMARCA,RURAL,CARRETERA,NACIONAL,PE-34F,-14.124041695076892,-71.45938409956628,NUBLADO,RURAL,TRAMO RECTO,INCLINADA,ASFALTADA,,,,,IMPRUDENCIA DEL CONDUCTOR,EXCESO DE VELOCIDAD,4
A-2021-04-235,2021-04-10,08:00,ATROPELLO,1,0,,LIMA,LIMA,COMAS,URBANA,AVENIDA,URBANO,NO CORRESPONDE,-11.936976,-77.057317,DESPEJADO,COMERCIAL,TRAMO RECTO,PLANA ,ASFALTADA,,,,,IMPRUDENCIA DEL CONDUCTOR,OTRO (IMPRUDENCIA DEL CONDUCTOR),8
A-2021-04-80,2021-04-10,08:00,DESPISTE,1,0,1.0,PIURA,PIURA,LA ARENA,RURAL,CARRETERA,SIN CLASIFICAR,SIN CLASIFICAR,-5.327202,-80.709734,DESPEJADO,RURAL,OTRO,PLANA ,AFIRMADO,,,,,EN PROCESO DE INVESTIGACIÓN,NO CUENTA CON CAUSA ESPECIFICA,8
A-2021-04-214,2021-04-10,09:40,ATROPELLO,1,0,1.0,LAMBAYEQUE,CHICLAYO,PIMENTEL,,CARRETERA,NACIONAL,PE-1N,-6.779284,-79.8729521,LLUVIOSO,RESIDENCIAL,TRAMO RECTO,PLANA ,ASFALTADA,,,,,EN PROCESO DE INVESTIGACIÓN,NO CUENTA CON CAUSA ESPECIFICA,9
A-2021-04-91,2021-04-10,10:30,ATROPELLO,1,0,0.0,PUNO,MOHO,HUAYRAPATA,URBANA,JIRÓN,URBANO,NO CORRESPONDE,-15.32126358,-69.34099316,DESPEJADO,RESIDENCIAL,TRAMO RECTO,PLANA ,CONCRETO,,,,,IMPRUDENCIA DEL PEATÓN,CRUCE INDEBIDO POR LA CALZADA,10
A-2021-04-122,2021-04-10,14:00,ATROPELLO FUGA,1,0,0.0,APURIMAC,ANDAHUAYLAS,JOSE MARIA ARGUEDAS,RURAL,CARRETERA,NACIONAL,PE-30B,-13.770326,-73.35418,NUBLADO,RURAL,TRAMO RECTO,PLANA ,TROCHA,,,,,EN PROCESO DE INVESTIGACIÓN,NO CUENTA CON CAUSA ESPECIFICA,14
A-2021-04-239,2021-04-10,14:30,DESPISTE,1,6,,LIMA,LIMA,LIMA,URBANA,AVENIDA,URBANO,NO CORRESPONDE,-12.046567,-77.045112,SOLEADO,INDUSTRIAL,TRAMO RECTO,PLANA ,ASFALTADA,,,,,NEGLIGENCIA DEL CONDUCTOR,OTRO (NEGLIGENCIA DEL CONDUCTOR),14
A-2021-04-317,2021-04-10,15:00,ATROPELLO,1,0,1.0,HUANUCO,HUANUCO,AMARILIS,RURAL,CARRETERA,NACIONAL,PE-18A,-9.888402,-76.207281,DESPEJADO,COMERCIAL,TRAMO RECTO,INCLINADA,ASFALTADA,,,,,IMPRUDENCIA DEL PEATÓN,CRUCE INDEBIDO POR LA CALZADA,15
A-2021-04-49,2021-04-10,15:15,ATROPELLO FUGA,1,0,0.0,TACNA,TACNA,ALTO DE LA ALIANZA,URBANA,AVENIDA,URBANO,NO CORRESPONDE,-17.994464,-70.251829,SOLEADO,COMERCIAL,TRAMO RECTO,INCLINADA,ASFALTADA,,,,,IMPRUDENCIA DEL PEATÓN,CRUCE INDEBIDO POR LA CALZADA,15
A-2021-04-82,2021-04-10,16:00,CHOQUE,1,2,0.0,JUNIN,JAUJA,CURICACA,URBANA,CARRETERA,NACIONAL,PE-3S,-11.814453,-75.614052,LLUVIOSO,RURAL,CURVA,INCLINADA,ASFALTADA,SI,REGULADORA (R),PREVENTIVA (P),NO,EN PROCESO DE INVESTIGACIÓN,NO CUENTA CON CAUSA ESPECIFICA,16
A-2021-04-46,2021-04-10,18:35,ATROPELLO,1,0,1.0,CUSCO,CUSCO,SANTIAGO,RURAL,CARRETERA,DEPARTAMENTAL,CU-119,-13.60298,-71.956285,DESPEJADO,RURAL,TRAMO RECTO,INCLINADA,ASFALTADA,SI,PREVENTIVA (P),,SI,IMPRUDENCIA DEL CONDUCTOR,EXCESO DE VELOCIDAD,18
A-2021-04-43,2021-04-10,22:00,CHOQUE CON OBJETO FIJO,1,2,3.0,AREQUIPA,AREQUIPA,CERRO COLORADO,URBANA,CARRETERA,DEPARTAMENTAL,AR-123,-16.349449,-71.609067,DESPEJADO,RESIDENCIAL,TRAMO RECTO,INCLINADA,ASFALTADA,,,,,IMPRUDENCIA DEL CONDUCTOR,EXCESO DE VELOCIDAD,22
A-2021-04-39,2021-04-10,22:30,CHOQUE,1,2,3.0,CALLAO,CALLAO,MI PERU,URBANA,AVENIDA,URBANO,NO CORRESPONDE,-11.856284191345669,-77.12128517216202,DESPEJADO,RESIDENCIAL,TRAMO RECTO,INCLINADA,ASFALTADA,,,,,IMPRUDENCIA DEL CONDUCTOR,OTRO (IMPRUDENCIA DEL CONDUCTOR),22
A-2021-04-258,2021-04-11,04:20,CHOQUE,1,0,0.0,LIMA,LIMA,LURIN,RURAL,CARRETERA,NACIONAL,PE-1S,-12.28545,-76.87457,DESPEJADO,INDUSTRIAL,TRAMO RECTO,PLANA ,ASFALTADA,,,,,EN PROCESO DE INVESTIGACIÓN,NO CUENTA CON CAUSA ESPECIFICA,4
A-2021-04-48,2021-04-11,05:10,CHOQUE,1,0,2.0,LA LIBERTAD,VIRU,GUADALUPITO,RURAL,CARRETERA,NACIONAL,PE-1N,-8.957886,-78.629494,DESPEJADO,RURAL,TRAMO RECTO,PLANA ,ASFALTADA,,,,,IMPRUDENCIA DEL CONDUCTOR,EXCESO DE VELOCIDAD,5
A-2021-04-240,2021-04-11,09:40,ATROPELLO,1,0,,LIMA,LIMA,SAN JUAN DE LURIGANCHO,URBANA,CALLE,URBANO,NO CORRESPONDE,-12.01158658248876,-77.00225764657088,SOLEADO,INDUSTRIAL,TRAMO RECTO,PLANA ,ASFALTADA,,,,,IMPRUDENCIA DEL CONDUCTOR,OTRO (IMPRUDENCIA DEL CONDUCTOR),9
A-2021-04-248,2021-04-11,17:00,ATROPELLO,1,1,,LIMA,BARRANCA,BARRANCA,RURAL,CARRETERA,NACIONAL,PE-1N,-10.73740879294424,-77.74961095594773,,,,,,,,,,EN PROCESO DE INVESTIGACIÓN,NO CUENTA CON CAUSA ESPECIFICA,17
A-2021-04-322,2021-04-11,19:40,CHOQUE,1,0,2.0,SAN MARTIN,SAN MARTIN,LA BANDA DE SHILCAYO,RURAL,CARRETERA,NACIONAL,PE-5NB,-6.490609,-76.334311,DESPEJADO,RURAL,CURVA,INCLINADA,ASFALTADA,,,,,IMPRUDENCIA DEL CONDUCTOR,INVASIÓN DE CARRIL,19
A-2021-04-148,2021-04-11,23:00,CHOQUE,1,4,2.0,PUNO,LAMPA,CALAPUJA,RURAL,CARRETERA,NACIONAL,PE-3S,-15.306874856261128,-70.23276326719375,NUBLADO,RURAL,TRAMO RECTO,PLANA ,ASFALTADA,SI,INFORMATIVA (I),INFORMATIVA (I),SI,IMPRUDENCIA DEL CONDUCTOR,CONDUCIR EN ESTADO DE EBRIEDAD Y/O DROGADICCIÓN,23
A-2021-04-56,2021-04-12,00:15,DESPISTE,2,0,1.0,JUNIN,CHANCHAMAYO,PICHANAQUI,RURAL,CARRETERA,PROVINCIAL,JU-1488,-10.853432177122563,-74.85401646881803,DESPEJADO,RURAL,CURVA,INCLINADA,AFIRMADO,,,,,EN PROCESO DE INVESTIGACIÓN,NO CUENTA CON CAUSA ESPECIFICA,0
A-2021-04-249,2021-04-12,02:40,CHOQUE,1,0,2.0,LIMA,BARRANCA,PARAMONGA,RURAL,CARRETERA,NACIONAL,PE-1N,-10.65534662249617,-77.8399700098646,SOLEADO,RURAL,TRAMO RECTO,PLANA ,ASFALTADA,,,,,IMPRUDENCIA DEL CONDUCTOR,OTRO (IMPRUDENCIA DEL CONDUCTOR),2
A-2021-04-102,2021-04-12,07:00,DESPISTE,20,14,1.0,ANCASH,SIHUAS,SAN JUAN,RURAL,CARRETERA,NACIONAL,PE-14C,-8.69666005388224,-77.53486365347635,LLUVIOSO,RURAL,TRAMO RECTO,INCLINADA,AFIRMADO,,,,,IMPRUDENCIA DEL CONDUCTOR,OTRO (IMPRUDENCIA DEL CONDUCTOR),7
A-2021-04-324,2021-04-12,09:00,ESPECIAL,1,0,1.0,SAN MARTIN,LAMAS,TABALOSOS,RURAL,CARRETERA,NACIONAL,PE-5N,-6.38853,-76.62908,SOLEADO,RURAL,TRAMO RECTO,INCLINADA,ASFALTADA,NO,,,SI,INFRAESTRUCTURA Y ENTORNO VIAL,FACTOR AMBIENTAL,9
A-2021-04-74,2021-04-12,11:00,CHOQUE,1,0,2.0,PIURA,PIURA,LA ARENA,RURAL,CARRETERA,NACIONAL,PE-1NK,-5.3270303,-80.7091891,DESPEJADO,RURAL,TRAMO RECTO,PLANA ,ASFALTADA,,,,,EN PROCESO DE INVESTIGACIÓN,NO CUENTA CON CAUSA ESPECIFICA,11
A-2021-04-321,2021-04-12,14:40,CHOQUE,1,0,,ANCASH,CASMA,COMANDANTE NOEL,RURAL,CARRETERA,NACIONAL,PE-1N,-9.386123724420107,-78.38270036653594,DESPEJADO,RURAL,TRAMO RECTO,PLANA ,ASFALTADA,,,,,EN PROCESO DE INVESTIGACIÓN,NO CUENTA CON CAUSA ESPECIFICA,14
A-2021-04-154,2021-04-12,21:20,ATROPELLO,1,0,1.0,JUNIN,HUANCAYO,EL TAMBO,URBANA,AVENIDA,URBANO,NO CORRESPONDE,-12.044233,-75.226414,DESPEJADO,COMERCIAL,TRAMO RECTO,PLANA ,ASFALTADA,,,,,EN PROCESO DE INVESTIGACIÓN,NO CUENTA CON CAUSA ESPECIFICA,21
A-2021-04-274,2021-04-13,08:10,VOLCADURA,1,2,1.0,AREQUIPA,AREQUIPA,VITOR,RURAL,CARRETERA,NACIONAL,PE-1S,-16.44309281961517,-71.98043251709701,DESPEJADO,RURAL,TRAMO RECTO,PLANA ,ASFALTADA,NO,,,SI,IMPRUDENCIA DEL CONDUCTOR,OTRO (IMPRUDENCIA DEL CONDUCTOR),8
A-2021-04-114,2021-04-13,13:20,DESPISTE,1,0,1.0,PUNO,AZANGARO,SANTIAGO DE PUPUJA,RURAL,CARRETERA,SIN CLASIFICAR,SIN CLASIFICAR,-15.143904525808171,-70.28900647426507,NUBLADO,RURAL,TRAMO RECTO,PLANA ,TROCHA,,,,,IMPRUDENCIA DEL CONDUCTOR,EXCESO DE VELOCIDAD,13
A-2021-04-111,2021-04-13,15:30,DESPISTE,1,0,2.0,LA LIBERTAD,SANCHEZ CARRION,HUAMACHUCO,RURAL,CARRETERA,NACIONAL,PE-3N,-7.818842,-78.051671,DESPEJADO,RURAL,TRAMO RECTO,PLANA ,ASFALTADA,,,,,EN PROCESO DE INVESTIGACIÓN,NO CUENTA CON CAUSA ESPECIFICA,15