codigo_siniestro,fecha_siniestro,hora_siniestro,clase_siniestro,cantidad_fallecidos,cantidad_lesionados,cantidad_vehiculos_danados,departamento,provincia,distrito,zona,tipo_via,red_vial,cod_carretera,latitud,longitud,condicion_climatica,zonificacion,caracteristicas_via,perfil_longitudinal_via,superficie_calzada,existe_senal_vertical,clasificacion_senal_vertical_1,clasificacion_senal_vertical_2,existe_senal_horizontal,causa_factor_principal,causa_especifica,hora_del_dia
A-2021-05-15,2021-05-05,12:30,DESPISTE,1,0,1.0,APURIMAC,ANDAHUAYLAS,HUANCARAMA,RURAL,CARRETERA,PROVINCIAL,AP-597,-13.6516219,-73.0590121,DESPEJADO,RURAL,CURVA,INCLINADA,TROCHA,,,,,IMPRUDENCIA DEL CONDUCTOR,CONDUCIR EN ESTADO DE EBRIEDAD Y/O DROGADICCIÓN,12
A-2021-05-308,2021-05-05,13:30,CHOQUE,1,0,2.0,ICA,PISCO,SAN CLEMENTE,URBANA,CARRETERA,NACIONAL,PE-28A,-13.678722126115671,-76.13532408819252,DESPEJADO,COMERCIAL,TRAMO RECTO,PLANA ,ASFALTADA,,,,,EN PROCESO DE INVESTIGACIÓN,NO CUENTA CON CAUSA ESPECIFICA,13
A-2021-05-189,2021-05-05,14:00,DESPISTE,3,1,1.0,CUSCO,LA CONVENCION,HUAYOPATA,RURAL,CARRETERA,NACIONAL,PE-28B,-13.133249,-72.316248,NIEBLA,RURAL,CURVA,INCLINADA,ASFALTADA,SI,REGULADORA (R),REGULADORA (R),SI,NEGLIGENCIA DEL CONDUCTOR,OTRO (NEGLIGENCIA DEL CONDUCTOR),14
A-2021-05-74,2021-05-05,17:00,DESPISTE,1,1,1.0,CUSCO,ANTA,LIMATAMBO,RURAL,CARRETERA,NACIONAL,PE-3S,-13.457944,-72.4116,DESPEJADO,RURAL,CURVA,INCLINADA,ASFALTADA,,,,,NEGLIGENCIA DEL CONDUCTOR,OTRO (NEGLIGENCIA DEL CONDUCTOR),17
A-2021-05-175,2021-05-05,19:15,CHOQUE,1,1,2.0,LIMA,BARRANCA,BARRANCA,RURAL,CARRETERA,NACIONAL,PE-1N,-10.7369133660656,-77.74969622049346,DESPEJADO,RURAL,TRAMO RECTO,PLANA ,ASFALTADA,,,,,IMPRUDENCIA DEL CONDUCTOR,OTRO (IMPRUDENCIA DEL CONDUCTOR),19
A-2021-05-258,2021-05-05,20:10,DESPISTE,1,0,1.0,LAMBAYEQUE,CHICLAYO,MONSEFU,URBANA,CARRETERA,NACIONAL,PE-1N,-6.8512811,-79.8269899,DESPEJADO,COMERCIAL,TRAMO RECTO,PLANA ,ASFALTADA,SI,PREVENTIVA (P),REGULADORA (R),NO,EN PROCESO DE INVESTIGACIÓN,NO CUENTA CON CAUSA ESPECIFICA,20
A-2021-05-128,2021-05-05,21:50,ATROPELLO,1,1,,LIMA,LIMA,LIMA,URBANA,AVENIDA,URBANO,NO CORRESPONDE,-12.044108,-77.046872,DESPEJADO,INDUSTRIAL,TRAMO RECTO,PLANA ,ASFALTADA,,,,,IMPRUDENCIA DEL PEATÓN,OTRO (IMPRUDENCIA DEL PEATÓN),21
A-2021-05-129,2021-05-06,13:45,ATROPELLO,1,0,0.0,LIMA,LIMA,CHACLACAYO,URBANA,CARRETERA,NACIONAL,PE-22,-11.9919966,-76.8256921,DESPEJADO,INDUSTRIAL,TRAMO RECTO,PLANA ,CONCRETO,,,,,EN PROCESO DE INVESTIGACIÓN,NO CUENTA CON CAUSA ESPECIFICA,13
A-2021-05-21,2021-05-07,02:40,CHOQUE,2,0,2.0,LA LIBERTAD,VIRU,VIRU,RURAL,CARRETERA,NACIONAL,PE-1N,-8.412773,-78.798247,DESPEJADO,RURAL,TRAMO RECTO,PLANA ,ASFALTADA,,,,,IMPRUDENCIA DEL CONDUCTOR,NO ESTABLECER EL DERECHO DE PASO,2
A-2021-05-18,2021-05-07,04:40,ATROPELLO,1,0,1.0,ICA,NASCA,NASCA,URBANA,CARRETERA,NACIONAL,PE-1S,-14.8729674,-74.9904761,DESPEJADO,RESIDENCIAL,TRAMO RECTO,PLANA ,ASFALTADA,,,,,EN PROCESO DE INVESTIGACIÓN,NO CUENTA CON CAUSA ESPECIFICA,4
A-2021-05-142,2021-05-07,09:55,ATROPELLO,1,0,1.0,PUNO,HUANCANE,TARACO,RURAL,CARRETERA,NACIONAL,PE-34H,-15.281613,-69.9257604,DESPEJADO,RURAL,TRAMO RECTO,PLANA ,ASFALTADA,SI,INFORMATIVA (I),REGULADORA (R),SI,IMPRUDENCIA DEL PEATÓN,CRUCE INDEBIDO POR LA CALZADA,9
A-2021-05-64,2021-05-07,10:45,DESPISTE,1,0,1.0,MOQUEGUA,MARISCAL NIETO,MOQUEGUA,RURAL,CARRETERA,DEPARTAMENTAL,MO-107,-17.210263,-70.921352,SOLEADO,RURAL,TRAMO RECTO,INCLINADA,ASFALTADA,SI,REGULADORA (R),PREVENTIVA (P),NO,IMPRUDENCIA DEL CONDUCTOR,EXCESO DE VELOCIDAD,10
A-2021-05-67,2021-05-07,15:10,DESPISTE,1,2,1.0,PIURA,TALARA,LA BREA,,CARRETERA,NACIONAL,PE-1N,-4.68356635520392,-81.09414331545014,DESPEJADO,RURAL,TRAMO RECTO,PLANA ,ASFALTADA,,,,,EN PROCESO DE INVESTIGACIÓN,NO CUENTA CON CAUSA ESPECIFICA,15
A-2021-05-22,2021-05-07,15:30,DESPISTE,1,0,1.0,LA LIBERTAD,SANTIAGO DE CHUCO,SANTIAGO DE CHUCO,RURAL,CARRETERA,NACIONAL,PE-3N,-8.141737,-78.197709,DESPEJADO,RURAL,TRAMO RECTO,PLANA ,ASFALTADA,,,,,IMPRUDENCIA DEL CONDUCTOR,FATIGA Y/O CANSANCIO,15
A-2021-05-17,2021-05-07,19:10,CHOQUE,1,0,1.0,AREQUIPA,CAYLLOMA,SAN ANTONIO DE CHUCA,RURAL,CARRETERA,NACIONAL,PE-34A,-15.841667921338228,-71.10177723625667,DESPEJADO,RURAL,TRAMO RECTO,PLANA ,ASFALTADA,NO,,,SI,IMPRUDENCIA DEL CONDUCTOR,INVASIÓN DE CARRIL,19
A-2021-05-30,2021-05-07,20:00,DESPISTE,2,0,1.0,ANCASH,HUAYLAS,CARAZ,RURAL,CARRETERA,NACIONAL,PE-3N,-9.077566096117572,-77.78314446226604,DESPEJADO,RURAL,CURVA,INCLINADA,ASFALTADA,SI,PREVENTIVA (P),,SI,IMPRUDENCIA DEL CONDUCTOR,EXCESO DE VELOCIDAD,20
A-2021-05-109,2021-05-08,03:50,CHOQUE,1,0,2.0,JUNIN,CHANCHAMAYO,PICHANAQUI,RURAL,CARRETERA,NACIONAL,PE-5S,-10.932901566892642,-74.86769527334864,DESPEJADO,RURAL,TRAMO RECTO,PLANA ,ASFALTADA,,,,,EN PROCESO DE INVESTIGACIÓN,NO CUENTA CON CAUSA ESPECIFICA,3
A-2021-05-43,2021-05-08,04:45,CHOQUE,1,1,2.0,APURIMAC,ABANCAY,CURAHUASI,RURAL,CARRETERA,NACIONAL,PE-3S,-13.541964783452272,-72.80367104108937,DESPEJADO,RURAL,CURVA,INCLINADA,ASFALTADA,SI,REGULADORA (R),PREVENTIVA (P),SI,IMPRUDENCIA DEL CONDUCTOR,EXCESO DE VELOCIDAD,4
A-2021-05-153,2021-05-08,05:40,ATROPELLO,1,0,0.0,AYACUCHO,HUAMANGA,SAN JUAN BAUTISTA,URBANA,CARRETERA,NACIONAL,PE-3S,-13.203862,-74.217087,DESPEJADO,RURAL,CURVA,INCLINADA,ASFALTADA,,,,,IMPRUDENCIA DEL CONDUCTOR,EXCESO DE VELOCIDAD,5
A-2021-05-20,2021-05-08,07:45,CHOQUE,1,0,2.0,PUNO,CHUCUITO,POMATA,RURAL,CARRETERA,NACIONAL,PE-3S,-16.260407,-69.296237,DESPEJADO,RURAL,TRAMO RECTO,PLANA ,ASFALTADA,,,,,EN PROCESO DE INVESTIGACIÓN,NO CUENTA CON CAUSA ESPECIFICA,7
A-2021-05-27,2021-05-08,17:30,CHOQUE,1,0,2.0,SAN MARTIN,MOYOBAMBA,CALZADA,URBANA,CARRETERA,NACIONAL,PE-5N,-6.0414216,-77.1308047,DESPEJADO,RESIDENCIAL,TRAMO RECTO,PLANA ,ASFALTADA,,,,,IMPRUDENCIA DEL CONDUCTOR,OTRO (IMPRUDENCIA DEL CONDUCTOR),17
A-2021-05-23,2021-05-08,19:20,CHOQUE,1,0,2.0,LA LIBERTAD,VIRU,GUADALUPITO,RURAL,CARRETERA,NACIONAL,PE-1N,-8.954141,-78.629623,DESPEJADO,RURAL,TRAMO RECTO,PLANA ,ASFALTADA,,,,,IMPRUDENCIA DEL CONDUCTOR,EXCESO DE VELOCIDAD,19
A-2021-05-269,2021-05-08,19:20,ATROPELLO,1,0,,LIMA,HUARAL,HUARAL,URBANA,AVENIDA,URBANO,NO CORRESPONDE,-11.491536,-77.211604,,,,,,,,,,EN PROCESO DE INVESTIGACIÓN,NO CUENTA CON CAUSA ESPECIFICA,19
A-2021-05-26,2021-05-08,19:50,CHOQUE,2,3,2.0,LA LIBERTAD,VIRU,VIRU,RURAL,CARRETERA,NACIONAL,PE-1N,-8.415622,-78.789251,DESPEJADO,RURAL,TRAMO RECTO,PLANA ,ASFALTADA,,,,,IMPRUDENCIA DEL CONDUCTOR,FATIGA Y/O CANSANCIO,19
A-2021-05-48,2021-05-08,20:30,DESPISTE,1,1,1.0,APURIMAC,ABANCAY,CURAHUASI,RURAL,CARRETERA,NACIONAL,PE-3S,-13.540684,-72.690852,DESPEJADO,RURAL,CURVA,PLANA ,ASFALTADA,,,,,IMPRUDENCIA DEL CONDUCTOR,CONDUCIR EN ESTADO DE EBRIEDAD Y/O DROGADICCIÓN,20
A-2021-05-130,2021-05-09,02:00,ATROPELLO,1,0,,LIMA,LIMA,SAN JUAN DE MIRAFLORES,URBANA,CARRETERA,NACIONAL,PE-1S,-12.17513,-76.97776,DESPEJADO,INDUSTRIAL,TRAMO RECTO,PLANA ,ASFALTADA,,,,,IMPRUDENCIA DEL PEATÓN,ESTADO DE EBRIEDAD Y/O DROGADICCIÓN,2
A-2021-05-72,2021-05-09,04:15,CHOQUE CON OBJETO FIJO,1,1,1.0,PIURA,PAITA,PAITA,,AVENIDA,URBANO,NO CORRESPONDE,-5.092568522791758,-81.10497948374011,DESPEJADO,COMERCIAL,INTERSECCIÓN,PLANA ,CONCRETO,,,,,EN PROCESO DE INVESTIGACIÓN,NO CUENTA CON CAUSA ESPECIFICA,4
A-2021-05-92,2021-05-09,05:00,DESPISTE,2,0,1.0,APURIMAC,COTABAMBAS,COTABAMBAS,RURAL,CARRETERA,NACIONAL,PE-3SF,-13.6899950332972,-72.3357962695401,DESPEJADO,RURAL,TRAMO RECTO,PLANA ,ASFALTADA,,,,,IMPRUDENCIA DEL CONDUCTOR,FATIGA Y/O CANSANCIO,5
A-2021-05-216,2021-05-09,08:30,DESPISTE,1,0,1.0,LIMA,BARRANCA,BARRANCA,RURAL,CARRETERA,PROVINCIAL,LM-519,-10.683096746105509,-77.5875042875954,DESPEJADO,RURAL,TRAMO RECTO,PLANA ,TROCHA,,,,,IMPRUDENCIA DEL CONDUCTOR,EXCESO DE VELOCIDAD,8
A-2021-05-79,2021-05-09,18:44,CHOQUE,1,2,2.0,TUMBES,ZARUMILLA,PAPAYAL,RURAL,CARRETERA,DEPARTAMENTAL,TU-101,-3.597169772707001,-80.20990498828526,DESPEJADO,RURAL,TRAMO RECTO,PLANA ,ASFALTADA,SI,PREVENTIVA (P),PREVENTIVA (P),NO,IMPRUDENCIA DEL CONDUCTOR,GIRAR IMPRUDENTEMENTE,18
A-2021-05-32,2021-05-09,21:00,CHOQUE,1,2,2.0,SAN MARTIN,MOYOBAMBA,MOYOBAMBA,URBANA,CARRETERA,NACIONAL,PE-5N,-6.045477,-77.015953,DESPEJADO,RESIDENCIAL,CURVA,INCLINADA,ASFALTADA,,,,,IMPRUDENCIA DEL CONDUCTOR,CONDUCIR EN ESTADO DE EBRIEDAD Y/O DROGADICCIÓN,21
A-2021-05-84,2021-05-09,22:30,CHOQUE FUGA,1,0,2.0,CUSCO,CHUMBIVILCAS,SANTO TOMAS,URBANA,CALLE,URBANO,NO CORRESPONDE,-14.448563,-72.084076,DESPEJADO,RESIDENCIAL,TRAMO RECTO,PLANA ,ASFALTADA,,,,,IMPRUDENCIA DEL CONDUCTOR,EXCESO DE VELOCIDAD,22
A-2021-05-28,2021-05-10,01:00,DESPISTE,1,0,1.0,PUNO,CHUCUITO,HUACULLANI,RURAL,CARRETERA,DEPARTAMENTAL,PU-131,-16.620514622644144,-69.40568275124429,DESPEJADO,RURAL,TRAMO RECTO,PLANA ,ASFALTADA,,,,,INFRAESTRUCTURA Y ENTORNO VIAL,SUPERFICIE DETERIORADA,1
A-2021-05-174,2021-05-10,06:00,DESPISTE,2,0,1.0,LAMBAYEQUE,CHICLAYO,LAGUNAS,RURAL,CARRETERA,NACIONAL,PE-1N,-6.974972,-79.672524,NUBLADO,RURAL,TRAMO RECTO,PLANA ,ASFALTADA,,,,,EN PROCESO DE INVESTIGACIÓN,NO CUENTA CON CAUSA ESPECIFICA,6
A-2021-05-58,2021-05-10,07:00,DESPISTE,1,0,1.0,LAMBAYEQUE,LAMBAYEQUE,MORROPE,RURAL,CARRETERA,NACIONAL,PE-1N,-6.525155041984445,-80.04043742758363,DESPEJADO,RURAL,OTRO,PLANA ,ASFALTADA,SI,PREVENTIVA (P),PREVENTIVA (P),NO,EN PROCESO DE INVESTIGACIÓN,NO CUENTA CON CAUSA ESPECIFICA,7
A-2021-05-78,2021-05-10,13:00,ATROPELLO,1,0,0.0,APURIMAC,CHINCHEROS,ROCCHACC,URBANA,AVENIDA,URBANO,NO CORRESPONDE,-13.4404845,-73.5999776,SOLEADO,COMERCIAL,TRAMO RECTO,PLANA ,TROCHA,,,,,IMPRUDENCIA DEL CONDUCTOR,OTRO (IMPRUDENCIA DEL CONDUCTOR),13
A-2021-05-194,2021-05-10,18:12,CHOQUE,1,0,2.0,PUNO,AZANGARO,SAN ANTON,RURAL,CARRETERA,NACIONAL,PE-34B,-14.5411033,-70.2900262,DESPEJADO,RURAL,TRAMO RECTO,PLANA ,ASFALTADA,,,,,IMPRUDENCIA DEL CONDUCTOR,EXCESO DE VELOCIDAD,18
A-2021-05-34,2021-05-10,21:00,CHOQUE,1,1,3.0,ICA,ICA,SANTIAGO,RURAL,CARRETERA,NACIONAL,PE-1S,-14.218953,-75.707239,DESPEJADO,RURAL,TRAMO RECTO,PLANA ,ASFALTADA,,,,,EN PROCESO DE INVESTIGACIÓN,NO CUENTA CON CAUSA ESPECIFICA,21
A-2021-05-54,2021-05-10,21:15,CHOQUE,1,0,2.0,PIURA,PIURA,CATACAOS,RURAL,CARRETERA,NACIONAL,PE-1N,-5.276932,-80.613759,DESPEJADO,RURAL,TRAMO RECTO,PLANA ,ASFALTADA,NO,,,SI,EN PROCESO DE INVESTIGACIÓN,NO CUENTA CON CAUSA ESPECIFICA,21
A-2021-05-131,2021-05-10,22:00,ATROPELLO FUGA,1,0,0.0,LIMA,LIMA,LOS OLIVOS,URBANA,CARRETERA,NACIONAL,PE-1N,-11.965534,-77.067883,DESPEJADO,INDUSTRIAL,TRAMO RECTO,PLANA ,CONCRETO,,,,,EN PROCESO DE INVESTIGACIÓN,NO CUENTA CON CAUSA ESPECIFICA,22
A-2021-05-69,2021-05-10,23:30,CHOQUE,1,0,2.0,PIURA,TALARA,EL ALTO,,CARRETERA,SIN CLASIFICAR,SIN CLASIFICAR,-4.235331377255618,-81.12563250127883,DESPEJADO,INDUSTRIAL,TRAMO RECTO,PLANA ,ASFALTADA,,,,,EN PROCESO DE INVESTIGACIÓN,NO CUENTA CON CAUSA ESPECIFICA,23
A-2021-05-210,2021-05-11,13:15,ATROPELLO,2,0,1.0,PUNO,HUANCANE,TARACO,RURAL,CARRETERA,NACIONAL,PE-34H,-15.298358082645134,-70.00006019210296,DESPEJADO,RURAL,TRAMO RECTO,PLANA ,ASFALTADA,,,,,NEGLIGENCIA DEL CONDUCTOR,OTRO (NEGLIGENCIA DEL CONDUCTOR),13
A-2021-05-183,2021-05-11,15:30,DESPISTE,1,0,1.0,LAMBAYEQUE,FERREÑAFE,PITIPO,RURAL,CARRETERA,DEPARTAMENTAL,LA-111,-6.5567402,-79.7682136,DESPEJADO,RURAL,TRAMO RECTO,PLANA ,ASFALTADA,,,,,EN PROCESO DE INVESTIGACIÓN,NO CUENTA CON CAUSA ESPECIFICA,15
A-2021-05-35,2021-05-11,17:30,CHOQUE,1,2,2.0,ICA,PALPA,SANTA CRUZ,RURAL,CARRETERA,NACIONAL,PE-1S,-14.490291747835574,-75.30455818676043,DESPEJADO,RURAL,TRAMO RECTO,PLANA ,ASFALTADA,,,,,EN PROCESO DE INVESTIGACIÓN,NO CUENTA CON CAUSA ESPECIFICA,17
A-2021-05-42,2021-05-12,21:00,ATROPELLO,1,1,1.0,TACNA,TACNA,LA YARADA LOS PALOS,RURAL,CARRETERA,NACIONAL,PE-1SD,-18.158335,-70.462288,DESPEJADO,COMERCIAL,TRAMO RECTO,PLANA ,ASFALTADA,SI,PREVENTIVA (P),,SI,IMPRUDENCIA DEL CONDUCTOR,OTRO (IMPRUDENCIA DEL CONDUCTOR),21
A-2021-05-53,2021-05-13,04:30,DESPISTE,1,1,1.0,AREQUIPA,CARAVELI,ATICO,RURAL,CARRETERA,NACIONAL,PE-1S,-16.302635,-73.396271,DESPEJADO,RURAL,CURVA,INCLINADA,ASFALTADA,NO,,,SI,EN PROCESO DE INVESTIGACIÓN,NO CUENTA CON CAUSA ESPECIFICA,4
A-2021-05-50,2021-05-13,07:33,ATROPELLO,1,0,1.0,TACNA,TACNA,ALTO DE LA ALIANZA,URBANA,AVENIDA,URBANO,NO CORRESPONDE,-17.987599,-70.244088,DESPEJADO,RESIDENCIAL,INTERSECCIÓN,INCLINADA,ASFALTADA,SI,INFORMATIVA (I),INFORMATIVA (I),SI,IMPRUDENCIA DEL CONDUCTOR,NO ESTABLECER EL DERECHO DE PASO,7
A-2021-05-287,2021-05-13,08:20,CHOQUE,1,0,2.0,LAMBAYEQUE,CHICLAYO,CHICLAYO,URBANA,CARRETERA,NACIONAL,PE-1N,-6.785434,-79.869206,DESPEJADO,RURAL,TRAMO RECTO,PLANA ,ASFALTADA,SI,REGULADORA (R),REGULADORA (R),NO,EN PROCESO DE INVESTIGACIÓN,NO CUENTA CON CAUSA ESPECIFICA,8
A-2021-05-93,2021-05-13,11:30,DESPISTE,1,0,1.0,PIURA,AYABACA,SUYO,RURAL,CARRETERA,PROVINCIAL,PI-603,-4.547547,-80.206153,DESPEJADO,RURAL,SINUOSA,PLANA ,TROCHA,,,,,EN PROCESO DE INVESTIGACIÓN,NO CUENTA CON CAUSA ESPECIFICA,11
A-2021-05-41,2021-05-13,15:10,CHOQUE,1,0,1.0,PUNO,CHUCUITO,POMATA,RURAL,CARRETERA,DEPARTAMENTAL,PU-130,-16.287404033734546,-69.22546263693665,DESPEJADO,RURAL,TRAMO RECTO,PLANA ,ASFALTADA,,,,,IMPRUDENCIA DEL CONDUCTOR,INVASIÓN DE CARRIL,15
A-2021-05-195,2021-05-13,19:00,CHOQUE,1,0,2.0,PUNO,HUANCANE,PUSI,RURAL,CARRETERA,PROVINCIAL,PU-909,-15.419878082612398,-70.0500696320667,DESPEJADO,RURAL,TRAMO RECTO,PLANA ,ASFALTADA,,,,,NEGLIGENCIA DEL CONDUCTOR,CONDUCIR CON FALLAS ELÉCTRICAS,19
A-2021-05-46,2021-05-13,19:20,CHOQUE,1,5,2.0,HUANUCO,LEONCIO PRADO,JOSE CRESPO Y CASTILLO,RURAL,CARRETERA,NACIONAL,PE-5N,-8.963253,-76.095438,DESPEJADO,RURAL,TRAMO RECTO,PLANA ,ASFALTADA,,,,,IMPRUDENCIA DEL CONDUCTOR,EXCESO DE VELOCIDAD,19
A-2021-05-178,2021-05-13,19:30,ATROPELLO,1,0,,PUNO,SAN ROMAN,SAN MIGUEL,RURAL,CARRETERA,NACIONAL,PE-3S,-15.43497260605749,-70.14088673661455,,,,,,,,,,EN PROCESO DE INVESTIGACIÓN,NO CUENTA CON CAUSA ESPECIFICA,19
A-2021-05-71,2021-05-14,10:00,DESPISTE,1,0,1.0,LA LIBERTAD,PATAZ,TAYABAMBA,RURAL,CARRETERA,NACIONAL,PE-10C,-8.304154,-77.270799,DESPEJADO,RURAL,TRAMO RECTO,PLANA ,ASFALTADA,,,,,EN PROCESO DE INVESTIGACIÓN,NO CUENTA CON CAUSA ESPECIFICA,10
A-2021-05-251,2021-05-14,15:00,CHOQUE,1,2,3.0,CAJAMARCA,JAEN,JAEN,RURAL,CARRETERA,NACIONAL,PE-5N,-5.836237,-78.756643,SOLEADO,RURAL,CURVA,PLANA ,ASFALTADA,SI,REGULADORA (R),REGULADORA (R),NO,EN PROCESO DE INVESTIGACIÓN,NO CUENTA CON CAUSA ESPECIFICA,15
A-2021-05-317,2021-05-14,16:00,VOLCADURA,1,0,3.0,HUANUCO,HUANUCO,CHINCHAO,RURAL,CARRETERA,NACIONAL,PE-18A,-9.695459,-76.086889,LLUVIOSO,RURAL,CURVA,PLANA ,ASFALTADA,,,,,IMPRUDENCIA DEL CONDUCTOR,INVASIÓN DE CARRIL,16
A-2021-05-132,2021-05-14,17:45,ATROPELLO,1,0,,LIMA,LIMA,SANTA ANITA,URBANA,AVENIDA,URBANO,NO CORRESPONDE,-12.042317376940453,-76.97828863347918,DESPEJADO,INDUSTRIAL,TRAMO RECTO,PLANA ,ASFALTADA,,,,,IMPRUDENCIA DEL CONDUCTOR,EXCESO DE VELOCIDAD,17
A-2021-05-76,2021-05-14,19:45,ATROPELLO,1,0,1.0,ICA,PISCO,PISCO,URBANA,CALLE,URBANO,NO CORRESPONDE,-13.7084423,-76.2046293,DESPEJADO,COMERCIAL,INTERSECCIÓN,PLANA ,ASFALTADA,,,,,IMPRUDENCIA DEL PEATÓN,CRUCE INDEBIDO POR LA CALZADA,19
A-2021-05-114,2021-05-14,21:30,CHOQUE CON OBJETO FIJO,1,0,1.0,CAJAMARCA,CAJAMARCA,CAJAMARCA,URBANA,JIRÓN,URBANO,NO CORRESPONDE,-7.15010397,-78.51644851,DESPEJADO,COMERCIAL,TRAMO RECTO,INCLINADA,CONCRETO,,,,,IMPRUDENCIA DEL CONDUCTOR,CONDUCIR EN ESTADO DE EBRIEDAD Y/O DROGADICCIÓN,21
A-2021-05-187,2021-05-15,11:30,CHOQUE,1,1,2.0,LAMBAYEQUE,CHICLAYO,JOSE LEONARDO ORTIZ,URBANA,AVENIDA,URBANO,NO CORRESPONDE,-6.762234,-79.829662,SOLEADO,RESIDENCIAL,TRAMO RECTO,PLANA ,ASFALTADA,,,,,EN PROCESO DE INVESTIGACIÓN,NO CUENTA CON CAUSA ESPECIFICA,11
A-2021-05-120,2021-05-15,12:45,DESPISTE,1,1,1.0,CUSCO,CANAS,KUNTURKANKI,RURAL,CARRETERA,SIN CLASIFICAR,SIN CLASIFICAR,-14.499621,-71.329169,DESPEJADO,RURAL,CURVA,PLANA ,TROCHA,,,,,NEGLIGENCIA DEL CONDUCTOR,OTRO (NEGLIGENCIA DEL CONDUCTOR),12
A-2021-05-121,2021-05-15,15:45,CHOQUE,1,0,2.0,CUSCO,LA CONVENCION,SANTA ANA,RURAL,CARRETERA,NACIONAL,PE-28B,-12.804034,-72.683129,DESPEJADO,RURAL,TRAMO RECTO,PLANA ,ASFALTADA,,,,,NEGLIGENCIA DEL CONDUCTOR,OTRO (NEGLIGENCIA DEL CONDUCTOR),15
A-2021-05-86,2021-05-15,18:45,VOLCADURA,1,0,1.0,CUSCO,ESPINAR,COPORAQUE,RURAL,CARRETERA,NACIONAL,PE-3S,-14.748404,-71.484805,DESPEJADO,RURAL,CURVA,INCLINADA,TROCHA,,,,,EN PROCESO DE INVESTIGACIÓN,NO CUENTA CON CAUSA ESPECIFICA,18
A-2021-05-110,2021-05-15,19:00,CHOQUE,2,3,2.0,ANCASH,CARHUAZ,ACOPAMPA,RURAL,CARRETERA,NACIONAL,PE-3N,-9.300778609747743,-77.62263159386384,NUBLADO,RURAL,CURVA,INCLINADA,ASFALTADA,SI,PREVENTIVA (P),,SI,IMPRUDENCIA DEL CONDUCTOR,CONDUCIR EN ESTADO DE EBRIEDAD Y/O DROGADICCIÓN,19
A-2021-05-122,2021-05-15,19:00,ATROPELLO FUGA,1,0,1.0,CUSCO,PAUCARTAMBO,KOSÑIPATA,RURAL,CARRETERA,NACIONAL,PE-3S,-12.964499,-71.4214,NUBLADO,RURAL,TRAMO RECTO,PLANA ,TROCHA,SI,REGULADORA (R),INFORMATIVA (I),NO,IMPRUDENCIA DEL CONDUCTOR,EXCESO DE VELOCIDAD,19
A-2021-05-75,2021-05-15,21:50,CHOQUE,1,0,2.0,LA LIBERTAD,CHEPEN,PACANGA,RURAL,CARRETERA,NACIONAL,PE-1N,-7.178046,-79.437756,DESPEJADO,RURAL,OTRO,PLANA ,ASFALTADA,,,,,IMPRUDENCIA DEL CONDUCTOR,GIRAR IMPRUDENTEMENTE,21
A-2021-05-115,2021-05-16,04:00,DESPISTE,1,0,,SAN MARTIN,RIOJA,YURACYACU,RURAL,CARRETERA,DEPARTAMENTAL,SM-113,-5.9460881604485,-77.2427443729863,,,,,,,,,,EN PROCESO DE INVESTIGACIÓN,NO CUENTA CON CAUSA ESPECIFICA,4
A-2021-05-68,2021-05-16,06:45,VOLCADURA,1,1,1.0,AREQUIPA,AREQUIPA,YURA,RURAL,CARRETERA,NACIONAL,PE-34A,-16.077201,-71.512188,DESPEJADO,RURAL,CURVA,PLANA ,ASFALTADA,SI,PREVENTIVA (P),PREVENTIVA (P),SI,EN PROCESO DE INVESTIGACIÓN,NO CUENTA CON CAUSA ESPECIFICA,6
A-2021-05-87,2021-05-16,17:00,CHOQUE,2,1,2.0,CUSCO,CUSCO,SAYLLA,URBANA,CARRETERA,NACIONAL,PE-3S,-13.567006,-71.833,SOLEADO,RESIDENCIAL,TRAMO RECTO,PLANA ,ASFALTADA,SI,PREVENTIVA (P),,SI,IMPRUDENCIA DEL CONDUCTOR,EXCESO DE VELOCIDAD,17
A-2021-05-161,2021-05-16,18:40,CHOQUE,1,1,,PASCO,PASCO,NINACACA,URBANA,CARRETERA,NACIONAL,PE-3N,-10.869821905685251,-76.11155199290695,,,,,,,,,,EN PROCESO DE INVESTIGACIÓN,NO CUENTA CON CAUSA ESPECIFICA,18
A-2021-05-192,2021-05-16,19:15,CHOQUE FUGA,1,1,1.0,LAMBAYEQUE,LAMBAYEQUE,MOTUPE,RURAL,CARRETERA,NACIONAL,PE-1NJ,-6.213567,-79.701722,DESPEJADO,RURAL,TRAMO RECTO,PLANA ,ASFALTADA,,,,,EN PROCESO DE INVESTIGACIÓN,NO CUENTA CON CAUSA ESPECIFICA,19
A-2021-05-188,2021-05-16,21:30,ATROPELLO FUGA,1,0,0.0,LAMBAYEQUE,LAMBAYEQUE,MOTUPE,RURAL,CARRETERA,NACIONAL,PE-1NJ,-6.2216688,-79.7073985,DESPEJADO,RURAL,TRAMO RECTO,PLANA ,ASFALTADA,,,,,EN PROCESO DE INVESTIGACIÓN,NO CUENTA CON CAUSA ESPECIFICA,21
A-2021-05-77,2021-05-17,00:50,DESPISTE,2,0,1.0,LA LIBERTAD,OTUZCO,OTUZCO,RURAL,CARRETERA,PROVINCIAL,LI-754,-7.985028,-78.67921,DESPEJADO,RURAL,TRAMO RECTO,PLANA ,CASCAJO/RIPIO,,,,,NEGLIGENCIA DEL CONDUCTOR,CONDUCIR CON FALLAS DE FRENOS,0