codigo_siniestro,fecha_siniestro,hora_siniestro,clase_siniestro,cantidad_fallecidos,cantidad_lesionados,cantidad_vehiculos_danados,departamento,provincia,distrito,zona,tipo_via,red_vial,cod_carretera,latitud,longitud,condicion_climatica,zonificacion,caracteristicas_via,perfil_longitudinal_via,superficie_calzada,existe_senal_vertical,clasificacion_senal_vertical_1,clasificacion_senal_vertical_2,existe_senal_horizontal,causa_factor_principal,causa_especifica,hora_del_dia
A-2021-06-172,2021-06-19,19:10,ATROPELLO,1,1,1.0,PIURA,PIURA,PIURA,URBANA,AVENIDA,URBANO,NO CORRESPONDE,-5.168928,-80.647644,DESPEJADO,RURAL,TRAMO RECTO,PLANA ,ASFALTADA,SI,PREVENTIVA (P),REGULADORA (R),SI,IMPRUDENCIA DEL CONDUCTOR,EXCESO DE VELOCIDAD,19
A-2021-06-154,2021-06-19,22:00,DESPISTE,1,0,1.0,ANCASH,CARLOS FERMIN FITZCARRALD,SAN LUIS,RURAL,CARRETERA,NACIONAL,PE-14C,-9.090929980876298,-77.33650086310438,SOLEADO,RURAL,CURVA,PLANA ,AFIRMADO,,,,,IMPRUDENCIA DEL CONDUCTOR,FATIGA Y/O CANSANCIO,22
A-2021-06-145,2021-06-19,23:30,ATROPELLO FUGA,1,0,,CALLAO,CALLAO,CALLAO,URBANA,CARRETERA,NACIONAL,PE-20,-11.994543831713845,-77.1258039981221,DESPEJADO,COMERCIAL,TRAMO RECTO,PLANA ,ASFALTADA,,,,,IMPRUDENCIA DEL PEATÓN,ESTADO DE EBRIEDAD Y/O DROGADICCIÓN,23
A-2021-06-193,2021-06-20,02:20,ATROPELLO,1,0,2.0,HUANCAVELICA,HUAYTARA,PILPICHACA,RURAL,CARRETERA,NACIONAL,PE-28A,-13.454586,-75.019227,DESPEJADO,RURAL,TRAMO RECTO,PLANA ,ASFALTADA,SI,PREVENTIVA (P),INFORMATIVA (I),SI,EN PROCESO DE INVESTIGACIÓN,NO CUENTA CON CAUSA ESPECIFICA,2
A-2021-06-136,2021-06-20,10:00,DESPISTE,1,0,1.0,AREQUIPA,CAMANA,NICOLAS DE PIEROLA,RURAL,CARRETERA,PROVINCIAL,AR-548,-16.472612701793096,-72.55490712914008,DESPEJADO,RURAL,CURVA,INCLINADA,AFIRMADO,,,,,IMPRUDENCIA DEL CONDUCTOR,EXCESO DE VELOCIDAD,10
A-2021-06-349,2021-06-20,11:50,CHOQUE,1,0,1.0,ANCASH,SANTA,SAMANCO,RURAL,CARRETERA,NACIONAL,PE-1N,-9.27756941674308,-78.41736935898118,DESPEJADO,RURAL,TRAMO RECTO,PLANA ,ASFALTADA,,,,,EN PROCESO DE INVESTIGACIÓN,NO CUENTA CON CAUSA ESPECIFICA,11
A-2021-06-210,2021-06-20,13:00,CHOQUE,1,0,2.0,PUNO,SAN ROMAN,CARACOTO,RURAL,CARRETERA,DEPARTAMENTAL,PU-120,-15.522839,-70.078009,SOLEADO,RURAL,TRAMO RECTO,PLANA ,ASFALTADA,,,,,IMPRUDENCIA DEL CONDUCTOR,EXCESO DE VELOCIDAD,13
A-2021-06-142,2021-06-20,15:50,DESPISTE,1,0,1.0,AREQUIPA,CAYLLOMA,MAJES,,CARRETERA,PROVINCIAL,AR-737,-16.347506,-72.282885,DESPEJADO,RURAL,OTRO,PLANA ,ASFALTADA,NO,,,SI,EN PROCESO DE INVESTIGACIÓN,NO CUENTA CON CAUSA ESPECIFICA,15
A-2021-06-357,2021-06-20,16:00,CHOQUE,1,0,,SAN MARTIN,SAN MARTIN,MORALES,URBANA,JIRÓN,URBANO,NO CORRESPONDE,-6.4795,-76.38282,DESPEJADO,COMERCIAL,TRAMO RECTO,INCLINADA,ASFALTADA,SI,PREVENTIVA (P),,SI,IMPRUDENCIA DEL CONDUCTOR,CONDUCIR EN SENTIDO CONTRARIO,16
A-2021-06-209,2021-06-20,18:45,ATROPELLO,1,0,1.0,JUNIN,CONCEPCION,CONCEPCION,URBANA,CARRETERA,NACIONAL,PE-3S,-11.903968,-75.333544,SOLEADO,RURAL,TRAMO RECTO,PLANA ,ASFALTADA,,,,,IMPRUDENCIA DEL PEATÓN,CRUCE INDEBIDO POR LA CALZADA,18
A-2021-06-328,2021-06-20,18:50,ATROPELLO FUGA,1,0,1.0,JUNIN,JAUJA,ACOLLA,URBANA,CARRETERA,NACIONAL,PE-3SA,-11.6927491,-75.5640005,DESPEJADO,COMERCIAL,TRAMO RECTO,PLANA ,ASFALTADA,,,,,IMPRUDENCIA DEL PEATÓN,ESTADO DE EBRIEDAD Y/O DROGADICCIÓN,18
A-2021-06-286,2021-06-20,19:20,CHOQUE,1,2,2.0,LAMBAYEQUE,LAMBAYEQUE,JAYANCA,RURAL,CARRETERA,NACIONAL,PE-1NJ,-6.4166449,-79.8325378,DESPEJADO,RURAL,TRAMO RECTO,PLANA ,ASFALTADA,,,,,EN PROCESO DE INVESTIGACIÓN,NO CUENTA CON CAUSA ESPECIFICA,19
A-2021-06-237,2021-06-20,20:10,ATROPELLO FUGA,1,0,1.0,LA LIBERTAD,TRUJILLO,HUANCHACO,RURAL,CARRETERA,NACIONAL,PE-1N,-8.042738,-79.084645,DESPEJADO,RURAL,TRAMO RECTO,PLANA ,ASFALTADA,,,,,EN PROCESO DE INVESTIGACIÓN,NO CUENTA CON CAUSA ESPECIFICA,20
A-2021-06-308,2021-06-20,23:30,CHOQUE,1,1,2.0,CAJAMARCA,JAEN,BELLAVISTA,URBANA,CARRETERA,PROVINCIAL,CA-744,-5.665668,-78.680329,DESPEJADO,RESIDENCIAL,INTERSECCIÓN,PLANA ,CONCRETO,,,,,EN PROCESO DE INVESTIGACIÓN,NO CUENTA CON CAUSA ESPECIFICA,23
A-2021-06-320,2021-06-21,05:00,CHOQUE,1,0,1.0,PIURA,PIURA,TAMBO GRANDE,RURAL,CARRETERA,PROVINCIAL,PI-984,-4.984016797586359,-80.61351827767209,DESPEJADO,RURAL,TRAMO RECTO,PLANA ,TROCHA,,,,,EN PROCESO DE INVESTIGACIÓN,NO CUENTA CON CAUSA ESPECIFICA,5
A-2021-06-245,2021-06-21,05:50,ATROPELLO FUGA,1,0,0.0,LIMA,LIMA,LURIN,URBANA,CARRETERA,NACIONAL,PE-1S,-12.25263,-76.92798,DESPEJADO,INDUSTRIAL,TRAMO RECTO,PLANA ,ASFALTADA,,,,,EN PROCESO DE INVESTIGACIÓN,NO CUENTA CON CAUSA ESPECIFICA,5
A-2021-06-315,2021-06-21,06:00,CHOQUE,1,0,2.0,CUSCO,ANTA,ZURITE,RURAL,CARRETERA,NACIONAL,PE-3S,-13.489164,-72.240726,DESPEJADO,RURAL,TRAMO RECTO,PLANA ,ASFALTADA,,,,,IMPRUDENCIA DEL CONDUCTOR,INVASIÓN DE CARRIL,6
A-2021-06-306,2021-06-21,08:10,CHOQUE,1,0,2.0,LAMBAYEQUE,CHICLAYO,LA VICTORIA,RURAL,CARRETERA,NACIONAL,PE-1N,-6.813826,-79.829436,SOLEADO,RURAL,TRAMO RECTO,PLANA ,ASFALTADA,,,,,EN PROCESO DE INVESTIGACIÓN,NO CUENTA CON CAUSA ESPECIFICA,8
A-2021-06-155,2021-06-21,11:00,DESPISTE,1,2,1.0,ANCASH,HUARAZ,PIRA,RURAL,CARRETERA,NACIONAL,PE-14,-9.559358645745403,-77.70584727008071,DESPEJADO,RURAL,CURVA,INCLINADA,ASFALTADA,SI,REGULADORA (R),,SI,IMPRUDENCIA DEL CONDUCTOR,EXCESO DE VELOCIDAD,11
A-2021-06-246,2021-06-21,12:20,ATROPELLO,1,0,,LIMA,LIMA,ATE,URBANA,AVENIDA,URBANO,NO CORRESPONDE,-12.014492,-76.819179,DESPEJADO,RESIDENCIAL,TRAMO RECTO,PLANA ,ASFALTADA,,,,,IMPRUDENCIA DEL CONDUCTOR,OTRO (IMPRUDENCIA DEL CONDUCTOR),12
A-2021-06-156,2021-06-21,13:40,CHOQUE,1,2,2.0,CAJAMARCA,SAN PABLO,SAN PABLO,RURAL,CARRETERA,PROVINCIAL,CA-1277,-7.09682997,-78.822862,SOLEADO,RURAL,CURVA,INCLINADA,ASFALTADA,SI,REGULADORA (R),,SI,IMPRUDENCIA DEL CONDUCTOR,INVASIÓN DE CARRIL,13
A-2021-06-247,2021-06-21,13:45,CHOQUE,1,2,0.0,LIMA,LIMA,VILLA EL SALVADOR,RURAL,AVENIDA,URBANO,NO CORRESPONDE,-12.24393,-76.92189,DESPEJADO,COMERCIAL,TRAMO RECTO,PLANA ,ASFALTADA,,,,,EN PROCESO DE INVESTIGACIÓN,NO CUENTA CON CAUSA ESPECIFICA,13
A-2021-06-147,2021-06-21,19:00,ATROPELLO,1,0,1.0,ICA,ICA,SANTIAGO,URBANA,CARRETERA,NACIONAL,PE-1S,-14.294216,-75.678891,DESPEJADO,COMERCIAL,TRAMO RECTO,PLANA ,ASFALTADA,SI,REGULADORA (R),PREVENTIVA (P),SI,IMPRUDENCIA DEL CONDUCTOR,EXCESO DE VELOCIDAD,19
A-2021-06-249,2021-06-21,22:50,CHOQUE,1,0,,LIMA,LIMA,LURIGANCHO,URBANA,CARRETERA,NACIONAL,PE-22,-11.921471,-76.676499,DESPEJADO,COMERCIAL,TRAMO RECTO,PLANA ,CONCRETO,,,,,IMPRUDENCIA DEL CONDUCTOR,EXCESO DE VELOCIDAD,22
A-2021-06-248,2021-06-22,02:30,ATROPELLO FUGA,1,0,0.0,LIMA,LIMA,INDEPENDENCIA,URBANA,CARRETERA,NACIONAL,PE-1N,-11.988199,-77.0645344,DESPEJADO,RESIDENCIAL,TRAMO RECTO,PLANA ,ASFALTADA,,,,,EN PROCESO DE INVESTIGACIÓN,NO CUENTA CON CAUSA ESPECIFICA,2
A-2021-06-148,2021-06-22,06:40,CHOQUE,1,5,2.0,ICA,ICA,SALAS,RURAL,CARRETERA,NACIONAL,PE-1S,-13.960023,-75.784643,DESPEJADO,INDUSTRIAL,TRAMO RECTO,PLANA ,ASFALTADA,,,,,IMPRUDENCIA DEL CONDUCTOR,GIRAR IMPRUDENTEMENTE,6
A-2021-06-287,2021-06-22,08:05,CHOQUE,1,0,2.0,LAMBAYEQUE,LAMBAYEQUE,JAYANCA,RURAL,CARRETERA,NACIONAL,PE-1NJ,-6.379078,-79.8114,NUBLADO,RURAL,TRAMO RECTO,PLANA ,ASFALTADA,,,,,EN PROCESO DE INVESTIGACIÓN,NO CUENTA CON CAUSA ESPECIFICA,8
A-2021-06-300,2021-06-22,10:50,DESPISTE,1,1,1.0,PUNO,LAMPA,PUCARA,RURAL,CARRETERA,NACIONAL,PE-3S,-15.0972742,-70.3563098,DESPEJADO,RURAL,TRAMO RECTO,PLANA ,ASFALTADA,,,,,NEGLIGENCIA DEL CONDUCTOR,CONDUCIR CON FALLAS DE NEUMÁTICOS,10
A-2021-06-319,2021-06-22,12:00,DESPISTE,1,0,1.0,PIURA,AYABACA,SUYO,RURAL,CARRETERA,NACIONAL,PE-1NL,-4.576617439173308,-80.18218691777935,DESPEJADO,RURAL,TRAMO RECTO,INCLINADA,ASFALTADA,,,,,EN PROCESO DE INVESTIGACIÓN,NO CUENTA CON CAUSA ESPECIFICA,12
A-2021-06-250,2021-06-22,13:35,CHOQUE,1,0,0.0,LIMA,LIMA,LOS OLIVOS,URBANA,AVENIDA,URBANO,NO CORRESPONDE,-11.99179,-77.07511,DESPEJADO,COMERCIAL,TRAMO RECTO,PLANA ,ASFALTADA,,,,,EN PROCESO DE INVESTIGACIÓN,NO CUENTA CON CAUSA ESPECIFICA,13
A-2021-06-232,2021-06-22,15:55,CHOQUE,1,1,2.0,PUNO,CARABAYA,SAN GABAN,RURAL,CARRETERA,NACIONAL,PE-34B,-13.433582290622404,-70.32961247842753,LLUVIOSO,RURAL,TRAMO RECTO,PLANA ,ASFALTADA,SI,INFORMATIVA (I),,NO,IMPRUDENCIA DEL CONDUCTOR,EXCESO DE VELOCIDAD,15
A-2021-06-163,2021-06-22,18:00,CHOQUE,1,0,0.0,PUNO,PUNO,VILQUE,RURAL,CARRETERA,DEPARTAMENTAL,PU-122,-15.7820572,-70.22156406,DESPEJADO,RURAL,TRAMO RECTO,PLANA ,ASFALTADA,,,,,IMPRUDENCIA DEL CONDUCTOR,INVASIÓN DE CARRIL,18
A-2021-06-251,2021-06-22,21:30,ATROPELLO,1,0,0.0,LIMA,LIMA,LURIN,URBANA,AVENIDA,URBANO,NO CORRESPONDE,-12.25702,-76.88783,DESPEJADO,COMERCIAL,TRAMO RECTO,PLANA ,ASFALTADA,,,,,EN PROCESO DE INVESTIGACIÓN,NO CUENTA CON CAUSA ESPECIFICA,21
A-2021-06-215,2021-06-22,23:10,CHOQUE,1,4,2.0,AYACUCHO,HUAMANGA,OCROS,RURAL,CARRETERA,NACIONAL,PE-3S,-13.40222,-73.904601,DESPEJADO,RURAL,OTRO,PLANA ,ASFALTADA,SI,PREVENTIVA (P),PREVENTIVA (P),SI,IMPRUDENCIA DEL CONDUCTOR,EXCESO DE VELOCIDAD,23
A-2021-06-252,2021-06-23,00:50,DESPISTE,1,1,0.0,LIMA,LIMA,LOS OLIVOS,URBANA,AVENIDA,URBANO,NO CORRESPONDE,-11.986489,-77.072359,DESPEJADO,INDUSTRIAL,TRAMO RECTO,PLANA ,ASFALTADA,,,,,EN PROCESO DE INVESTIGACIÓN,NO CUENTA CON CAUSA ESPECIFICA,0
A-2021-06-162,2021-06-23,07:30,CHOQUE,1,0,3.0,TUMBES,TUMBES,CORRALES,RURAL,CARRETERA,NACIONAL,PE-1N,-3.5857820643741536,-80.47399562260193,DESPEJADO,RURAL,TRAMO RECTO,PLANA ,ASFALTADA,,,,,NEGLIGENCIA DEL CONDUCTOR,CONDUCIR CON FALLAS DE CARROCERÍA,7
A-2021-06-258,2021-06-23,14:30,ATROPELLO FUGA,1,0,,LIMA,LIMA,ATE,URBANA,AVENIDA,URBANO,NO CORRESPONDE,-12.0251552,-76.9204075,DESPEJADO,COMERCIAL,TRAMO RECTO,PLANA ,ASFALTADA,,,,,IMPRUDENCIA DEL CONDUCTOR,CONDUCIR EN ESTADO DE EBRIEDAD Y/O DROGADICCIÓN,14
A-2021-06-257,2021-06-23,15:40,ATROPELLO FUGA,1,0,0.0,LIMA,LIMA,LIMA,URBANA,AVENIDA,URBANO,NO CORRESPONDE,-12.060343,-77.0083172,DESPEJADO,COMERCIAL,TRAMO RECTO,PLANA ,CONCRETO,,,,,EN PROCESO DE INVESTIGACIÓN,NO CUENTA CON CAUSA ESPECIFICA,15
A-2021-06-324,2021-06-23,17:00,CHOQUE,1,1,2.0,LAMBAYEQUE,LAMBAYEQUE,LAMBAYEQUE,,CARRETERA,NACIONAL,PE-1N,-6.6813219,-79.9039121,DESPEJADO,INDUSTRIAL,ÓVALO,PLANA ,ASFALTADA,SI,INFORMATIVA (I),REGULADORA (R),NO,EN PROCESO DE INVESTIGACIÓN,NO CUENTA CON CAUSA ESPECIFICA,17
A-2021-06-231,2021-06-23,18:00,DESPISTE,1,0,1.0,ANCASH,RECUAY,COTAPARACO,RURAL,CARRETERA,PROVINCIAL,AN-1229,-9.968398244619364,-77.52915705967843,DESPEJADO,RURAL,CURVA,INCLINADA,TROCHA,,,,,IMPRUDENCIA DEL CONDUCTOR,FATIGA Y/O CANSANCIO,18
A-2021-06-309,2021-06-23,18:00,ATROPELLO,1,0,2.0,JUNIN,JAUJA,MUQUI,URBANA,CARRETERA,NACIONAL,PE-3SB,-11.82927446,-75.44316147,DESPEJADO,RURAL,OTRO,PLANA ,ASFALTADA,,,,,IMPRUDENCIA DEL CONDUCTOR,EXCESO DE VELOCIDAD,18
A-2021-06-317,2021-06-23,18:30,ATROPELLO,1,0,1.0,CUSCO,PAUCARTAMBO,KOSÑIPATA,RURAL,CARRETERA,DEPARTAMENTAL,CU-113,-12.909693556407934,-71.40412218989076,DESPEJADO,RESIDENCIAL,TRAMO RECTO,PLANA ,TROCHA,,,,,IMPRUDENCIA DEL CONDUCTOR,EXCESO DE VELOCIDAD,18
A-2021-06-180,2021-06-23,19:00,CHOQUE,1,0,1.0,LORETO,MAYNAS,SAN JUAN BAUTISTA,RURAL,CARRETERA,DEPARTAMENTAL,LO-103,-3.899723047888033,-73.35048787087666,DESPEJADO,RURAL,TRAMO RECTO,PLANA ,ASFALTADA,,,,,EN PROCESO DE INVESTIGACIÓN,NO CUENTA CON CAUSA ESPECIFICA,19
A-2021-06-189,2021-06-23,23:00,ATROPELLO FUGA,1,0,0.0,HUANUCO,LEONCIO PRADO,MARIANO DAMASO BERAUN,RURAL,CARRETERA,NACIONAL,PE-18A,-9.431958843446022,-75.96656942106995,DESPEJADO,RURAL,TRAMO RECTO,PLANA ,ASFALTADA,,REGULADORA (R),,,IMPRUDENCIA DEL CONDUCTOR,EXCESO DE VELOCIDAD,23
A-2021-06-173,2021-06-24,07:00,CHOQUE,1,1,2.0,HUANUCO,LEONCIO PRADO,DANIEL ALOMIA ROBLES,RURAL,CARRETERA,NACIONAL,PE-5N,-9.18857425256514,-75.9226630949866,DESPEJADO,RURAL,TRAMO RECTO,PLANA ,ASFALTADA,SI,PREVENTIVA (P),REGULADORA (R),NO,IMPRUDENCIA DEL CONDUCTOR,EXCESO DE VELOCIDAD,7
A-2021-06-238,2021-06-24,09:30,CHOQUE,1,0,2.0,LA LIBERTAD,ASCOPE,PAIJAN,RURAL,CARRETERA,NACIONAL,PE-1N,-7.678769635511184,-79.32439874352757,DESPEJADO,RURAL,TRAMO RECTO,PLANA ,ASFALTADA,,,,,IMPRUDENCIA DEL CONDUCTOR,GIRAR IMPRUDENTEMENTE,9
A-2021-06-239,2021-06-24,13:00,CHOQUE,3,6,2.0,LA LIBERTAD,TRUJILLO,MOCHE,URBANA,CARRETERA,NACIONAL,PE-1N,-8.14565,-79.012371,DESPEJADO,INDUSTRIAL,TRAMO RECTO,PLANA ,ASFALTADA,,,,,IMPRUDENCIA DEL CONDUCTOR,OTRO (IMPRUDENCIA DEL CONDUCTOR),13
A-2021-06-346,2021-06-24,13:40,DESPISTE,1,0,1.0,HUANUCO,HUANUCO,PILLCO MARCA,URBANA,CARRETERA,NACIONAL,PE-3N,-9.980643,-76.244816,DESPEJADO,RURAL,TRAMO RECTO,PLANA ,ASFALTADA,,,,,IMPRUDENCIA DEL CONDUCTOR,ADELANTAR INDEBIDAMENTE,13
A-2021-06-311,2021-06-24,17:50,ATROPELLO,1,0,0.0,PUNO,AZANGARO,ASILLO,RURAL,CARRETERA,NACIONAL,PE-34B,-14.674477,-70.366127,DESPEJADO,RURAL,TRAMO RECTO,PLANA ,ASFALTADA,,,,,IMPRUDENCIA DEL PEATÓN,CRUCE INDEBIDO POR LA CALZADA,17
A-2021-06-259,2021-06-24,18:30,CHOQUE,1,0,0.0,LIMA,LIMA,ATE,URBANA,CALLE,URBANO,NO CORRESPONDE,-12.037300048041462,-76.93201594492336,NUBLADO,COMERCIAL,TRAMO RECTO,PLANA ,ASFALTADA,,,,,EN PROCESO DE INVESTIGACIÓN,NO CUENTA CON CAUSA ESPECIFICA,18
A-2021-06-190,2021-06-24,19:00,CHOQUE,1,0,2.0,ICA,ICA,PARCONA,URBANA,CARRETERA,NACIONAL,PE-1SC,-14.056365,-75.708581,DESPEJADO,COMERCIAL,TRAMO RECTO,PLANA ,ASFALTADA,,,,,EN PROCESO DE INVESTIGACIÓN,NO CUENTA CON CAUSA ESPECIFICA,19
A-2021-06-200,2021-06-24,19:50,ATROPELLO,1,0,1.0,AREQUIPA,AREQUIPA,CERRO COLORADO,URBANA,AVENIDA,URBANO,NO CORRESPONDE,-16.3274423,-71.5556384,DESPEJADO,COMERCIAL,TRAMO RECTO,PLANA ,ASFALTADA,NO,,,SI,IMPRUDENCIA DEL CONDUCTOR,NO DAR PASO PREFERENTE AL PEATÓN,19
A-2021-06-183,2021-06-24,21:20,CHOQUE,2,1,,MADRE DE DIOS,TAMBOPATA,TAMBOPATA,RURAL,CARRETERA,NACIONAL,PE-30C,-12.6597346510363,-69.3203245597664,,,,,,,,,,EN PROCESO DE INVESTIGACIÓN,NO CUENTA CON CAUSA ESPECIFICA,21
A-2021-06-294,2021-06-25,05:35,CHOQUE,1,0,1.0,CALLAO,CALLAO,VENTANILLA,URBANA,CARRETERA,NACIONAL,PE-20,-11.873062591288354,-77.12711328495267,DESPEJADO,COMERCIAL,TRAMO RECTO,PLANA ,ASFALTADA,NO,,,NO,NEGLIGENCIA DEL CONDUCTOR,OTRO (NEGLIGENCIA DEL CONDUCTOR),5
A-2021-06-219,2021-06-25,09:00,DESPISTE,2,2,1.0,CUSCO,QUISPICANCHI,CAMANTI,RURAL,CARRETERA,NACIONAL,PE-3S,-13.18691557,-70.51575479,LLUVIOSO,RURAL,CURVA,INCLINADA,ASFALTADA,NO,,,SI,IMPRUDENCIA DEL CONDUCTOR,EXCESO DE VELOCIDAD,9
A-2021-06-350,2021-06-25,09:30,DESPISTE,1,0,1.0,ANCASH,SANTA,NEPEÑA,RURAL,CARRETERA,DEPARTAMENTAL,AN-104,-9.190111729951582,-78.35678506898871,DESPEJADO,RURAL,TRAMO RECTO,PLANA ,ASFALTADA,,,,,EN PROCESO DE INVESTIGACIÓN,NO CUENTA CON CAUSA ESPECIFICA,9
A-2021-06-260,2021-06-25,12:30,ATROPELLO FUGA,1,0,0.0,LIMA,LIMA,RIMAC,URBANA,CARRETERA,NACIONAL,PE-1N,-12.04274739463909,-77.02300806760132,DESPEJADO,INDUSTRIAL,TRAMO RECTO,PLANA ,ASFALTADA,,,,,EN PROCESO DE INVESTIGACIÓN,NO CUENTA CON CAUSA ESPECIFICA,12
A-2021-06-312,2021-06-25,14:40,CHOQUE,1,0,0.0,PUNO,HUANCANE,PUSI,RURAL,CARRETERA,DEPARTAMENTAL,PU-113,-15.385754937821613,-70.08964322148354,DESPEJADO,RURAL,TRAMO RECTO,PLANA ,AFIRMADO,,,,,NEGLIGENCIA DEL CONDUCTOR,OTRO (NEGLIGENCIA DEL CONDUCTOR),14
A-2021-06-299,2021-06-25,15:30,DESPISTE,1,1,1.0,PIURA,MORROPON,SANTO DOMINGO,RURAL,CARRETERA,PROVINCIAL,PI-708,-5.03497243912157,-79.8578266567617,DESPEJADO,RURAL,TRAMO RECTO,INCLINADA,ASFALTADA,SI,PREVENTIVA (P),REGULADORA (R),NO,EN PROCESO DE INVESTIGACIÓN,NO CUENTA CON CAUSA ESPECIFICA,15
A-2021-06-221,2021-06-25,17:00,DESPISTE,3,2,1.0,CUSCO,CANAS,CHECCA,RURAL,CARRETERA,PROVINCIAL,CU-1810,-14.492229,-71.460864,DESPEJADO,RURAL,CURVA,INCLINADA,TROCHA,,,,,IMPRUDENCIA DEL CONDUCTOR,EXCESO DE VELOCIDAD,17
A-2021-06-240,2021-06-25,23:55,CHOQUE,1,1,2.0,LA LIBERTAD,TRUJILLO,LAREDO,RURAL,CARRETERA,NACIONAL,PE-10A,-8.096285,-78.962737,DESPEJADO,INDUSTRIAL,TRAMO RECTO,PLANA ,ASFALTADA,,,,,IMPRUDENCIA DEL CONDUCTOR,FATIGA Y/O CANSANCIO,23
A-2021-06-326,2021-06-26,22:20,ATROPELLO,1,0,1.0,LAMBAYEQUE,CHICLAYO,PIMENTEL,URBANA,CARRETERA,NACIONAL,PE-1N,-6.752748818246737,-79.86678567443747,DESPEJADO,COMERCIAL,TRAMO RECTO,PLANA ,ASFALTADA,,,,,IMPRUDENCIA DEL PEATÓN,ESTADO DE EBRIEDAD Y/O DROGADICCIÓN,22
A-2021-06-355,2021-06-27,02:00,CHOQUE,1,0,2.0,SAN MARTIN,SAN MARTIN,MORALES,URBANA,CARRETERA,NACIONAL,PE-5N,-6.49826,-76.39229,DESPEJADO,COMERCIAL,INTERSECCIÓN,PLANA ,ASFALTADA,NO,,,SI,IMPRUDENCIA DEL CONDUCTOR,CONDUCIR EN ESTADO DE EBRIEDAD Y/O DROGADICCIÓN,2
A-2021-06-213,2021-06-27,03:00,ATROPELLO FUGA,1,0,,MADRE DE DIOS,TAMBOPATA,INAMBARI,RURAL,CARRETERA,NACIONAL,PE-30C,-12.8771848139546,-70.0402617188448,,,,,,,,,,EN PROCESO DE INVESTIGACIÓN,NO CUENTA CON CAUSA ESPECIFICA,3
A-2021-06-305,2021-06-27,03:45,DESPISTE,1,0,1.0,ICA,ICA,PARCONA,URBANA,CARRETERA,NACIONAL,PE-1SC,-14.0611623,-75.7207144,DESPEJADO,COMERCIAL,TRAMO RECTO,PLANA ,ASFALTADA,NO,,,SI,EN PROCESO DE INVESTIGACIÓN,NO CUENTA CON CAUSA ESPECIFICA,3
A-2021-06-211,2021-06-27,03:46,ATROPELLO,1,1,2.0,SAN MARTIN,RIOJA,ELIAS SOPLIN VARGAS,URBANA,CARRETERA,NACIONAL,PE-5N,-5.979007,-77.288573,DESPEJADO,RURAL,TRAMO RECTO,INCLINADA,ASFALTADA,SI,REGULADORA (R),INFORMATIVA (I),NO,IMPRUDENCIA DEL PEATÓN,USO DE DISPOSITIVOS MÓVILES Y/O ELECTRÓNICOS,3
A-2021-06-283,2021-06-27,06:00,CHOQUE,1,1,2.0,AREQUIPA,CAMANA,NICOLAS DE PIEROLA,RURAL,CARRETERA,PROVINCIAL,AR-548,-16.57889943703677,-72.71130139837734,DESPEJADO,RURAL,CURVA,PLANA ,ASFALTADA,,,,,EN PROCESO DE INVESTIGACIÓN,NO CUENTA CON CAUSA ESPECIFICA,6
A-2021-06-225,2021-06-27,07:30,VOLCADURA,1,0,2.0,PUNO,SAN ROMAN,JULIACA,URBANA,JIRÓN,URBANO,NO CORRESPONDE,-15.500896,-70.130469,DESPEJADO,COMERCIAL,INTERSECCIÓN,PLANA ,CONCRETO,,,,,IMPRUDENCIA DEL CONDUCTOR,EXCESO DE VELOCIDAD,7
A-2021-06-201,2021-06-27,14:20,DESPISTE,2,2,1.0,AREQUIPA,AREQUIPA,CERRO COLORADO,URBANA,CARRETERA,DEPARTAMENTAL,AR-123,-16.3665336,-71.6378436,DESPEJADO,RESIDENCIAL,TRAMO RECTO,PLANA ,ASFALTADA,,,,,EN PROCESO DE INVESTIGACIÓN,NO CUENTA CON CAUSA ESPECIFICA,14
A-2021-06-202,2021-06-27,14:20,CHOQUE,1,1,2.0,ICA,ICA,LOS AQUIJES,RURAL,AVENIDA,URBANO,NO CORRESPONDE,-14.102249467716202,-75.68214878831114,DESPEJADO,RURAL,CURVA,PLANA ,ASFALTADA,,,,,IMPRUDENCIA DEL CONDUCTOR,EXCESO DE VELOCIDAD,14
A-2021-06-272,2021-06-27,16:00,DESPISTE,1,0,1.0,AREQUIPA,CARAVELI,JAQUI,RURAL,CARRETERA,PROVINCIAL,AR-514,-15.4486459358603,-74.4027313767021,DESPEJADO,RURAL,SINUOSA,INCLINADA,TROCHA,,,,,EN PROCESO DE INVESTIGACIÓN,NO CUENTA CON CAUSA ESPECIFICA,16
A-2021-06-297,2021-06-27,16:15,CHOQUE,1,0,2.0,LA LIBERTAD,GRAN CHIMU,CASCAS,RURAL,CARRETERA,DEPARTAMENTAL,LI-106,-7.557302,-78.720412,DESPEJADO,RURAL,CURVA,PLANA ,AFIRMADO,,,,,IMPRUDENCIA DEL CONDUCTOR,INVASIÓN DE CARRIL,16
A-2021-06-358,2021-06-27,17:30,ATROPELLO FUGA,1,0,,CALLAO,CALLAO,CALLAO,URBANA,CARRETERA,NACIONAL,PE-20B,-11.99989364,-77.118705716,DESPEJADO,INDUSTRIAL,TRAMO RECTO,PLANA ,ASFALTADA,,,,,NEGLIGENCIA DEL CONDUCTOR,OTRO (NEGLIGENCIA DEL CONDUCTOR),17