codigo_siniestro,fecha_siniestro,hora_siniestro,clase_siniestro,cantidad_fallecidos,cantidad_lesionados,cantidad_vehiculos_danados,departamento,provincia,distrito,zona,tipo_via,red_vial,cod_carretera,latitud,longitud,condicion_climatica,zonificacion,caracteristicas_via,perfil_longitudinal_via,superficie_calzada,existe_senal_vertical,clasificacion_senal_vertical_1,clasificacion_senal_vertical_2,existe_senal_horizontal,causa_factor_principal,causa_especifica,hora_del_dia
A-2021-07-232,2021-07-30,15:40,ATROPELLO,1,1,1.0,LAMBAYEQUE,LAMBAYEQUE,JAYANCA,RURAL,CARRETERA,NACIONAL,PE-1NJ,-6.3369347926516175,-79.76568276892179,SOLEADO,RURAL,CURVA,INCLINADA,ASFALTADA,SI,PREVENTIVA (P),REGULADORA (R),NO,IMPRUDENCIA DEL PEATÓN,CRUCE INDEBIDO POR LA CALZADA,15
A-2021-07-194,2021-07-30,18:30,CHOQUE,2,1,2.0,ANCASH,HUARI,HUANTAR,RURAL,CARRETERA,DEPARTAMENTAL,AN-110,-9.45896106255815,-77.15569725611024,DESPEJADO,RURAL,TRAMO RECTO,INCLINADA,ASFALTADA,,,,,EN PROCESO DE INVESTIGACIÓN,NO CUENTA CON CAUSA ESPECIFICA,18
A-2021-07-263,2021-07-30,20:30,CHOQUE,1,1,0.0,LIMA,LIMA,SAN MIGUEL,URBANA,AVENIDA,URBANO,NO CORRESPONDE,-12.064318,-77.078369,DESPEJADO,COMERCIAL,TRAMO RECTO,PLANA ,ASFALTADA,,,,,EN PROCESO DE INVESTIGACIÓN,NO CUENTA CON CAUSA ESPECIFICA,20
A-2021-07-212,2021-07-31,12:40,CHOQUE,1,0,2.0,LA LIBERTAD,PACASMAYO,PACASMAYO,RURAL,CARRETERA,NACIONAL,PE-1N,-7.397249,-79.557872,DESPEJADO,RURAL,TRAMO RECTO,PLANA ,ASFALTADA,,,,,EN PROCESO DE INVESTIGACIÓN,NO CUENTA CON CAUSA ESPECIFICA,12
A-2021-07-273,2021-07-31,18:00,DESPISTE,1,2,1.0,JUNIN,HUANCAYO,CHONGOS ALTO,RURAL,CARRETERA,DEPARTAMENTAL,JU-110,-12.50149,-75.48682,DESPEJADO,RURAL,CURVA,INCLINADA,TROCHA,,,,,IMPRUDENCIA DEL CONDUCTOR,OTRO (IMPRUDENCIA DEL CONDUCTOR),18
A-2021-07-252,2021-07-31,18:30,ATROPELLO FUGA,1,0,0.0,PUNO,AZANGARO,ARAPA,RURAL,CARRETERA,DEPARTAMENTAL,PU-153,-15.035550465919982,-70.0686228108176,DESPEJADO,RURAL,TRAMO RECTO,PLANA ,ASFALTADA,,,,,NEGLIGENCIA DEL CONDUCTOR,OTRO (NEGLIGENCIA DEL CONDUCTOR),18
A-2021-07-211,2021-07-31,22:30,VOLCADURA,1,0,1.0,APURIMAC,ANDAHUAYLAS,ANDAHUAYLAS,URBANA,CARRETERA,NACIONAL,PE-30B,-13.665293,-73.383853,DESPEJADO,RURAL,CURVA,INCLINADA,ASFALTADA,SI,PREVENTIVA (P),REGULADORA (R),NO,IMPRUDENCIA DEL CONDUCTOR,CONDUCIR EN ESTADO DE EBRIEDAD Y/O DROGADICCIÓN,22
A-2021-08-1,2021-08-01,05:30,ATROPELLO,2,1,2.0,ICA,ICA,SANTIAGO,RURAL,CARRETERA,NACIONAL,PE-1S,-14.206483,-75.714058,DESPEJADO,RURAL,TRAMO RECTO,PLANA ,ASFALTADA,NO,,,NO,EN PROCESO DE INVESTIGACIÓN,NO CUENTA CON CAUSA ESPECIFICA,5
A-2021-08-6,2021-08-01,07:20,VOLCADURA,1,0,1.0,CAJAMARCA,CONTUMAZA,YONAN,RURAL,CARRETERA,NACIONAL,PE-08,-7.253871,-79.079097,DESPEJADO,RURAL,CURVA,PLANA ,ASFALTADA,NO,,,SI,IMPRUDENCIA DEL CONDUCTOR,EXCESO DE VELOCIDAD,7
A-2021-08-162,2021-08-01,10:00,ATROPELLO,1,1,2.0,CUSCO,CANCHIS,SICUANI,URBANA,CARRETERA,NACIONAL,PE-3S,-14.22136,-71.28799,DESPEJADO,RESIDENCIAL,TRAMO RECTO,PLANA ,ASFALTADA,NO,,,SI,IMPRUDENCIA DEL CONDUCTOR,EXCESO DE VELOCIDAD,10
A-2021-08-183,2021-08-01,10:30,CHOQUE,1,0,2.0,PUNO,SAN ROMAN,CARACOTO,RURAL,CARRETERA,DEPARTAMENTAL,PU-120,-15.5190984,-70.0857448,DESPEJADO,RURAL,TRAMO RECTO,PLANA ,ASFALTADA,,,,,IMPRUDENCIA DEL CONDUCTOR,EXCESO DE VELOCIDAD,10
A-2021-08-121,2021-08-01,12:20,ATROPELLO,1,0,1.0,LAMBAYEQUE,LAMBAYEQUE,MORROPE,URBANA,CARRETERA,NACIONAL,PE-1N,-6.595664,-79.976538,DESPEJADO,RESIDENCIAL,TRAMO RECTO,PLANA ,ASFALTADA,,,,,EN PROCESO DE INVESTIGACIÓN,NO CUENTA CON CAUSA ESPECIFICA,12
A-2021-08-185,2021-08-01,15:30,CHOQUE,1,0,2.0,PUNO,CARABAYA,MACUSANI,RURAL,CARRETERA,NACIONAL,PE-34B,-14.1704231,-70.3346811,DESPEJADO,RURAL,TRAMO RECTO,PLANA ,ASFALTADA,,,,,IMPRUDENCIA DEL CONDUCTOR,CONDUCIR EN SENTIDO CONTRARIO,15
A-2021-08-17,2021-08-01,16:55,ATROPELLO FUGA,1,0,0.0,PIURA,HUANCABAMBA,HUANCABAMBA,RURAL,CARRETERA,NACIONAL,PE-02A,-5.25665757,-79.46255343,DESPEJADO,RURAL,TRAMO RECTO,PLANA ,ASFALTADA,,,,,EN PROCESO DE INVESTIGACIÓN,NO CUENTA CON CAUSA ESPECIFICA,16
A-2021-08-3,2021-08-01,17:30,CHOQUE,1,0,2.0,ANCASH,RECUAY,RECUAY,RURAL,CARRETERA,NACIONAL,PE-3N,-9.723791969787198,-77.45699374041939,DESPEJADO,RURAL,SINUOSA,INCLINADA,ASFALTADA,SI,PREVENTIVA (P),PREVENTIVA (P),SI,IMPRUDENCIA DEL CONDUCTOR,INVASIÓN DE CARRIL,17
A-2021-08-215,2021-08-01,19:00,CHOQUE CON OBJETO FIJO,1,0,1.0,LIMA,LIMA,SAN MARTIN DE PORRES,URBANA,CARRETERA,NACIONAL,PE-1N,-12.020936452251252,-77.05918365829173,DESPEJADO,ESCOLAR,PUENTE,PLANA ,ASFALTADA,,,,,EN PROCESO DE INVESTIGACIÓN,NO CUENTA CON CAUSA ESPECIFICA,19
A-2021-08-9,2021-08-01,19:00,ATROPELLO FUGA,1,0,0.0,AREQUIPA,AREQUIPA,LA JOYA,RURAL,CARRETERA,DEPARTAMENTAL,AR-114,-16.456416,-71.843513,DESPEJADO,RURAL,CURVA,PLANA ,ASFALTADA,NO,,,SI,EN PROCESO DE INVESTIGACIÓN,NO CUENTA CON CAUSA ESPECIFICA,19
A-2021-08-2,2021-08-01,21:00,CHOQUE FUGA,1,0,1.0,PUNO,CHUCUITO,ZEPITA,RURAL,CARRETERA,SIN CLASIFICAR,SIN CLASIFICAR,-16.537059264974175,-69.09898637882296,DESPEJADO,RURAL,OTRO,INCLINADA,TROCHA,,,,,IMPRUDENCIA DEL CONDUCTOR,EXCESO DE VELOCIDAD,21
A-2021-08-18,2021-08-02,04:30,DESPISTE,1,0,1.0,PIURA,MORROPON,CHULUCANAS,RURAL,CARRETERA,PROVINCIAL,PI-788,-5.0861814,-80.1234345,DESPEJADO,RURAL,CURVA,PLANA ,ASFALTADA,SI,PREVENTIVA (P),,NO,EN PROCESO DE INVESTIGACIÓN,NO CUENTA CON CAUSA ESPECIFICA,4
A-2021-08-291,2021-08-02,06:00,CHOQUE,1,2,2.0,PIURA,SULLANA,SULLANA,RURAL,CARRETERA,NACIONAL,PE-1N,-5.01321,-80.70007,DESPEJADO,RURAL,TRAMO RECTO,PLANA ,ASFALTADA,,,,,EN PROCESO DE INVESTIGACIÓN,NO CUENTA CON CAUSA ESPECIFICA,6
A-2021-08-36,2021-08-02,06:30,DESPISTE,1,0,1.0,CAJAMARCA,CUTERVO,CUTERVO,RURAL,CARRETERA,SIN CLASIFICAR,SIN CLASIFICAR,-6.32453046,-78.78396314,DESPEJADO,RURAL,CURVA,INCLINADA,AFIRMADO,,,,,EN PROCESO DE INVESTIGACIÓN,NO CUENTA CON CAUSA ESPECIFICA,6
A-2021-08-54,2021-08-02,10:30,DESPISTE,1,3,1.0,HUANCAVELICA,CASTROVIRREYNA,ARMA,RURAL,CARRETERA,NACIONAL,PE-26,-13.1208769860007,-75.5427216953769,DESPEJADO,RURAL,TRAMO RECTO,PLANA ,ASFALTADA,NO,,,SI,EN PROCESO DE INVESTIGACIÓN,NO CUENTA CON CAUSA ESPECIFICA,10
A-2021-08-199,2021-08-02,12:30,DESPISTE,1,0,1.0,PUNO,AZANGARO,AZANGARO,RURAL,CARRETERA,SIN CLASIFICAR,SIN CLASIFICAR,-14.922155,-70.165595,DESPEJADO,RURAL,TRAMO RECTO,PLANA ,TROCHA,,,,,IMPRUDENCIA DEL CONDUCTOR,EXCESO DE VELOCIDAD,12
A-2021-08-220,2021-08-02,19:00,DESPISTE,1,0,2.0,LIMA,LIMA,SAN BARTOLO,URBANA,CARRETERA,NACIONAL,PE-1S,-12.38429587608215,-76.77102851603604,DESPEJADO,RESIDENCIAL,TRAMO RECTO,PLANA ,ASFALTADA,,,,,EN PROCESO DE INVESTIGACIÓN,NO CUENTA CON CAUSA ESPECIFICA,19
A-2021-08-292,2021-08-02,19:20,CHOQUE,2,0,1.0,PIURA,PAITA,LA HUACA,RURAL,CARRETERA,DEPARTAMENTAL,PI-102,-4.9167,-80.95936,DESPEJADO,RURAL,TRAMO RECTO,PLANA ,ASFALTADA,,,,,EN PROCESO DE INVESTIGACIÓN,NO CUENTA CON CAUSA ESPECIFICA,19
A-2021-08-13,2021-08-02,21:20,CHOQUE,2,2,2.0,PIURA,SECHURA,BELLAVISTA DE LA UNION,RURAL,CARRETERA,PROVINCIAL,PI-1045,-5.430341667,-80.74022166666667,DESPEJADO,RURAL,TRAMO RECTO,PLANA ,ASFALTADA,SI,REGULADORA (R),PREVENTIVA (P),NO,EN PROCESO DE INVESTIGACIÓN,NO CUENTA CON CAUSA ESPECIFICA,21
A-2021-08-205,2021-08-03,03:00,CHOQUE,2,1,3.0,AYACUCHO,LA MAR,TAMBO,RURAL,CARRETERA,NACIONAL,PE-28B,-12.962231,-74.076273,DESPEJADO,RURAL,CURVA,INCLINADA,ASFALTADA,,,,,NEGLIGENCIA DEL CONDUCTOR,CONDUCIR CON FALLAS DE FRENOS,3
A-2021-08-111,2021-08-03,03:35,ATROPELLO FUGA,1,0,0.0,LAMBAYEQUE,CHICLAYO,LA VICTORIA,RURAL,CARRETERA,NACIONAL,PE-1N,-6.817081171582661,-79.82943875697003,DESPEJADO,RURAL,TRAMO RECTO,PLANA ,ASFALTADA,,,,,EN PROCESO DE INVESTIGACIÓN,NO CUENTA CON CAUSA ESPECIFICA,3
A-2021-08-14,2021-08-03,05:15,CHOQUE,1,1,2.0,CALLAO,CALLAO,VENTANILLA,URBANA,AVENIDA,URBANO,NO CORRESPONDE,-11.829234987499738,-77.12120340024269,DESPEJADO,RESIDENCIAL,TRAMO RECTO,PLANA ,ASFALTADA,,,,,NEGLIGENCIA DEL CONDUCTOR,OTRO (NEGLIGENCIA DEL CONDUCTOR),5
A-2021-08-322,2021-08-03,06:31,DESPISTE,1,4,1.0,SAN MARTIN,SAN MARTIN,LA BANDA DE SHILCAYO,RURAL,CARRETERA,NACIONAL,PE-5NB,-6.49832,-76.340749,DESPEJADO,RURAL,TRAMO RECTO,PLANA ,ASFALTADA,NO,,,SI,IMPRUDENCIA DEL CONDUCTOR,EXCESO DE VELOCIDAD,6
A-2021-08-227,2021-08-03,15:00,ATROPELLO,1,0,0.0,LIMA,LIMA,COMAS,URBANA,AVENIDA,URBANO,NO CORRESPONDE,-11.945384,-77.063179,DESPEJADO,ESCOLAR,TRAMO RECTO,PLANA ,ASFALTADA,,,,,EN PROCESO DE INVESTIGACIÓN,NO CUENTA CON CAUSA ESPECIFICA,15
A-2021-08-224,2021-08-03,17:00,CHOQUE,1,1,2.0,LIMA,LIMA,CARABAYLLO,URBANA,AVENIDA,URBANO,NO CORRESPONDE,-11.8635734,-77.008134,DESPEJADO,RURAL,TRAMO RECTO,PLANA ,ASFALTADA,,,,,EN PROCESO DE INVESTIGACIÓN,NO CUENTA CON CAUSA ESPECIFICA,17
A-2021-08-321,2021-08-04,03:03,CHOQUE,1,2,2.0,SAN MARTIN,SAN MARTIN,TARAPOTO,URBANA,JIRÓN,URBANO,NO CORRESPONDE,-6.484362,-76.372188,DESPEJADO,COMERCIAL,INTERSECCIÓN,PLANA ,ASFALTADA,,,,,IMPRUDENCIA DEL CONDUCTOR,OTRO (IMPRUDENCIA DEL CONDUCTOR),3
A-2021-08-123,2021-08-04,05:05,CHOQUE,1,1,2.0,LAMBAYEQUE,LAMBAYEQUE,OLMOS,RURAL,CARRETERA,NACIONAL,PE-1N,-6.281792018219773,-80.30686674668517,NUBLADO,RURAL,TRAMO RECTO,PLANA ,ASFALTADA,SI,PREVENTIVA (P),REGULADORA (R),NO,IMPRUDENCIA DEL CONDUCTOR,INVASIÓN DE CARRIL,5
A-2021-08-112,2021-08-04,08:20,ATROPELLO,1,0,0.0,LAMBAYEQUE,CHICLAYO,JOSE LEONARDO ORTIZ,URBANA,AVENIDA,URBANO,NO CORRESPONDE,-6.7559365,-79.8246708,DESPEJADO,RESIDENCIAL,TRAMO RECTO,PLANA ,ASFALTADA,,,,,EN PROCESO DE INVESTIGACIÓN,NO CUENTA CON CAUSA ESPECIFICA,8
A-2021-08-187,2021-08-04,09:00,CHOQUE FUGA,1,1,4.0,PUNO,AZANGARO,ARAPA,RURAL,CARRETERA,DEPARTAMENTAL,PU-114,-15.122866389345909,-70.07096940149098,SOLEADO,RURAL,TRAMO RECTO,PLANA ,ASFALTADA,,,,,INFRAESTRUCTURA Y ENTORNO VIAL,OBRAS TEMPORALES,9
A-2021-08-225,2021-08-04,13:00,ATROPELLO FUGA,1,0,0.0,LIMA,LIMA,CHORRILLOS,URBANA,CALLE,URBANO,NO CORRESPONDE,-12.17003,-77.02477,DESPEJADO,RESIDENCIAL,INTERSECCIÓN,PLANA ,ASFALTADA,,,,,EN PROCESO DE INVESTIGACIÓN,NO CUENTA CON CAUSA ESPECIFICA,13
A-2021-08-51,2021-08-04,18:45,CHOQUE,1,1,2.0,LA LIBERTAD,CHEPEN,PACANGA,RURAL,CARRETERA,NACIONAL,PE-1N,-7.168367,-79.440414,DESPEJADO,RURAL,TRAMO RECTO,PLANA ,ASFALTADA,,,,,IMPRUDENCIA DEL CONDUCTOR,CONDUCIR EN ESTADO DE EBRIEDAD Y/O DROGADICCIÓN,18
A-2021-08-21,2021-08-04,22:41,ATROPELLO FUGA,1,0,,CAJAMARCA,CELENDIN,CELENDIN,URBANA,AVENIDA,URBANO,NO CORRESPONDE,-6.875732,-78.140011,DESPEJADO,RESIDENCIAL,TRAMO RECTO,INCLINADA,AFIRMADO,,,,,IMPRUDENCIA DEL CONDUCTOR,OTRO (IMPRUDENCIA DEL CONDUCTOR),22
A-2021-08-120,2021-08-05,03:10,CHOQUE FUGA,1,2,1.0,LAMBAYEQUE,CHICLAYO,PIMENTEL,RURAL,CARRETERA,NACIONAL,PE-1N,-6.7767084,-79.8745727,DESPEJADO,COMERCIAL,TRAMO RECTO,PLANA ,ASFALTADA,,,,,EN PROCESO DE INVESTIGACIÓN,NO CUENTA CON CAUSA ESPECIFICA,3
A-2021-08-184,2021-08-05,05:10,CHOQUE,1,0,2.0,JUNIN,SATIPO,PANGOA,RURAL,CARRETERA,NACIONAL,PE-28C,-11.408608463246155,-74.48906960331489,DESPEJADO,RURAL,TRAMO RECTO,INCLINADA,ASFALTADA,,,,,EN PROCESO DE INVESTIGACIÓN,NO CUENTA CON CAUSA ESPECIFICA,5
A-2021-08-308,2021-08-05,05:45,DESPISTE,1,0,1.0,ANCASH,HUARMEY,HUARMEY,RURAL,CARRETERA,NACIONAL,PE-1N,-9.999281556007912,-78.18488797955541,DESPEJADO,RURAL,TRAMO RECTO,PLANA ,ASFALTADA,,,,,EN PROCESO DE INVESTIGACIÓN,NO CUENTA CON CAUSA ESPECIFICA,5
A-2021-08-228,2021-08-05,10:30,CHOQUE,1,1,2.0,LIMA,LIMA,SAN MARTIN DE PORRES,URBANA,AVENIDA,URBANO,NO CORRESPONDE,-11.981456751057491,-77.09696517185316,DESPEJADO,COMERCIAL,TRAMO RECTO,PLANA ,ASFALTADA,,,,,EN PROCESO DE INVESTIGACIÓN,NO CUENTA CON CAUSA ESPECIFICA,10
A-2021-08-261,2021-08-05,10:31,ATROPELLO,1,0,0.0,LIMA,LIMA,LA VICTORIA,URBANA,AVENIDA,URBANO,NO CORRESPONDE,-12.06384,-77.021884,SOLEADO,COMERCIAL,TRAMO RECTO,PLANA ,ASFALTADA,,,,,EN PROCESO DE INVESTIGACIÓN,NO CUENTA CON CAUSA ESPECIFICA,10
A-2021-08-189,2021-08-05,11:50,CHOQUE,1,1,2.0,PUNO,SAN ROMAN,CABANILLAS,RURAL,CARRETERA,NACIONAL,PE-34A,-15.6535889,-70.3585267,DESPEJADO,RURAL,CURVA,PLANA ,ASFALTADA,,,,,NEGLIGENCIA DEL CONDUCTOR,OTRO (NEGLIGENCIA DEL CONDUCTOR),11
A-2021-08-56,2021-08-05,16:05,ATROPELLO,1,0,1.0,UCAYALI,CORONEL PORTILLO,CALLERIA,RURAL,JIRÓN,URBANO,NO CORRESPONDE,-8.36233927119179,-74.55228384526,DESPEJADO,RURAL,TRAMO RECTO,PLANA ,AFIRMADO,,,,,IMPRUDENCIA DEL PEATÓN,OTRO (IMPRUDENCIA DEL PEATÓN),16
A-2021-08-25,2021-08-05,16:30,CHOQUE,1,0,2.0,CAJAMARCA,CAJABAMBA,CAJABAMBA,URBANA,CARRETERA,NACIONAL,PE-3N,-7.61178933,-78.05854328,DESPEJADO,RESIDENCIAL,TRAMO RECTO,PLANA ,ASFALTADA,,,,,IMPRUDENCIA DEL CONDUCTOR,GIRAR IMPRUDENTEMENTE,16
A-2021-08-118,2021-08-05,17:00,CHOQUE,1,0,2.0,LAMBAYEQUE,CHICLAYO,TUMAN,RURAL,CARRETERA,NACIONAL,PE-06A,-6.744491581501243,-79.68672388694293,SOLEADO,RURAL,CURVA,INCLINADA,ASFALTADA,SI,PREVENTIVA (P),INFORMATIVA (I),NO,IMPRUDENCIA DEL CONDUCTOR,INVASIÓN DE CARRIL,17
A-2021-08-53,2021-08-05,19:10,ATROPELLO FUGA,1,0,1.0,LA LIBERTAD,TRUJILLO,HUANCHACO,RURAL,CARRETERA,NACIONAL,PE-1N,-8.128608,-79.072843,DESPEJADO,RURAL,TRAMO RECTO,PLANA ,ASFALTADA,,,,,EN PROCESO DE INVESTIGACIÓN,NO CUENTA CON CAUSA ESPECIFICA,19
A-2021-08-154,2021-08-05,19:30,CAÍDA DE PASAJERO,1,0,,LAMBAYEQUE,LAMBAYEQUE,LAMBAYEQUE,RURAL,CARRETERA,NACIONAL,PE-1NJ,-6.626742,-79.888111,,,,,,,,,,EN PROCESO DE INVESTIGACIÓN,NO CUENTA CON CAUSA ESPECIFICA,19
A-2021-08-26,2021-08-05,22:00,CHOQUE,1,0,2.0,ANCASH,RECUAY,CATAC,RURAL,CARRETERA,NACIONAL,PE-16,-10.136476105001297,-77.30179868370803,DESPEJADO,RURAL,TRAMO RECTO,PLANA ,ASFALTADA,SI,PREVENTIVA (P),INFORMATIVA (I),SI,IMPRUDENCIA DEL CONDUCTOR,INVASIÓN DE CARRIL,22
A-2021-08-145,2021-08-06,11:00,CHOQUE,1,2,2.0,CUSCO,URUBAMBA,URUBAMBA,RURAL,CARRETERA,NACIONAL,PE-28B,-13.277328,-72.209828,DESPEJADO,RURAL,CURVA,INCLINADA,ASFALTADA,,,,,EN PROCESO DE INVESTIGACIÓN,NO CUENTA CON CAUSA ESPECIFICA,11
A-2021-08-283,2021-08-06,13:30,DESPISTE,1,0,,MOQUEGUA,MARISCAL NIETO,MOQUEGUA,RURAL,CARRETERA,NACIONAL,PE-1S,-17.266918,-71.190611,,,,,,,,,,EN PROCESO DE INVESTIGACIÓN,NO CUENTA CON CAUSA ESPECIFICA,13
A-2021-08-58,2021-08-06,16:30,VOLCADURA,1,1,1.0,LA LIBERTAD,VIRU,VIRU,RURAL,CARRETERA,NACIONAL,PE-1N,-8.486936,-78.695287,DESPEJADO,RURAL,TRAMO RECTO,PLANA ,ASFALTADA,,,,,IMPRUDENCIA DEL CONDUCTOR,OTRO (IMPRUDENCIA DEL CONDUCTOR),16
A-2021-08-190,2021-08-06,19:15,ATROPELLO,1,0,1.0,PUNO,AZANGARO,AZANGARO,RURAL,CARRETERA,NACIONAL,PE-34B,-14.899844350752929,-70.19152211824833,DESPEJADO,RURAL,TRAMO RECTO,PLANA ,ASFALTADA,,,,,IMPRUDENCIA DEL CONDUCTOR,EXCESO DE VELOCIDAD,19
A-2021-08-27,2021-08-06,21:00,ATROPELLO,1,0,1.0,ANCASH,HUARI,UCO,RURAL,CARRETERA,NACIONAL,PE-14A,-9.210169251087024,-76.94633119681846,DESPEJADO,RURAL,CURVA,PLANA ,AFIRMADO,,,,,EN PROCESO DE INVESTIGACIÓN,NO CUENTA CON CAUSA ESPECIFICA,21
A-2021-08-200,2021-08-06,22:40,ATROPELLO,1,0,1.0,PUNO,SAN ROMAN,CABANILLAS,RURAL,CARRETERA,NACIONAL,PE-34A,-15.671918992152094,-70.37607365423928,DESPEJADO,RURAL,TRAMO RECTO,PLANA ,ASFALTADA,,,,,IMPRUDENCIA DEL PEATÓN,CRUCE INDEBIDO POR LA CALZADA,22
A-2021-08-122,2021-08-07,05:30,CHOQUE,1,0,2.0,LAMBAYEQUE,CHICLAYO,POMALCA,RURAL,CARRETERA,NACIONAL,PE-06A,-6.765193006862402,-79.73642526223388,DESPEJADO,RURAL,TRAMO RECTO,PLANA ,ASFALTADA,,,,,IMPRUDENCIA DEL CONDUCTOR,VEHÍCULO MAL ESTACIONADO,5
A-2021-08-76,2021-08-07,07:15,DESPISTE,3,2,1.0,HUANCAVELICA,CASTROVIRREYNA,TICRAPO,RURAL,CARRETERA,NACIONAL,PE-28D,-13.4647297908054,-75.4726935919309,DESPEJADO,RURAL,SINUOSA,INCLINADA,ASFALTADA,,,,,EN PROCESO DE INVESTIGACIÓN,NO CUENTA CON CAUSA ESPECIFICA,7
A-2021-08-52,2021-08-07,09:30,CHOQUE,1,2,2.0,CAJAMARCA,HUALGAYOC,BAMBAMARCA,RURAL,CARRETERA,PROVINCIAL,CA-1063,-6.71807833,-78.470115,DESPEJADO,RURAL,CURVA,INCLINADA,AFIRMADO,,,,,IMPRUDENCIA DEL CONDUCTOR,CONDUCIR EN SENTIDO CONTRARIO,9
A-2021-08-263,2021-08-07,12:30,CHOQUE,1,2,2.0,LIMA,BARRANCA,PARAMONGA,RURAL,CARRETERA,NACIONAL,PE-16,-10.43982860426835,-77.72763843361777,DESPEJADO,RURAL,TRAMO RECTO,PLANA ,ASFALTADA,,,,,IMPRUDENCIA DEL CONDUCTOR,CAÍDA DE MERCANCÍA,12
A-2021-08-229,2021-08-07,21:37,CHOQUE FUGA,1,0,1.0,LIMA,LIMA,LOS OLIVOS,URBANA,CARRETERA,NACIONAL,PE-1N,-11.95932691237056,-77.06894151054783,DESPEJADO,ESCOLAR,TRAMO RECTO,PLANA ,ASFALTADA,,,,,EN PROCESO DE INVESTIGACIÓN,NO CUENTA CON CAUSA ESPECIFICA,21
A-2021-08-272,2021-08-08,02:40,ATROPELLO FUGA,1,1,1.0,LIMA,HUAURA,HUACHO,URBANA,CARRETERA,DEPARTAMENTAL,LM-101,-11.100064,-77.596177,DESPEJADO,RESIDENCIAL,INTERSECCIÓN,PLANA ,ASFALTADA,,,,,IMPRUDENCIA DEL CONDUCTOR,EXCESO DE VELOCIDAD,2
A-2021-08-274,2021-08-08,04:40,CHOQUE,1,0,1.0,LIMA,HUAURA,HUACHO,URBANA,AVENIDA,URBANO,NO CORRESPONDE,-11.107406,-77.598784,DESPEJADO,RESIDENCIAL,INTERSECCIÓN,PLANA ,ASFALTADA,,,,,IMPRUDENCIA DEL CONDUCTOR,CONDUCIR EN ESTADO DE EBRIEDAD Y/O DROGADICCIÓN,4
A-2021-08-113,2021-08-08,06:40,CHOQUE,1,3,2.0,AREQUIPA,AREQUIPA,SAN JUAN DE TARUCANI,RURAL,CARRETERA,NACIONAL,PE-34A,-16.056325,-71.351488,DESPEJADO,RURAL,OTRO,INCLINADA,ASFALTADA,NO,,,SI,EN PROCESO DE INVESTIGACIÓN,NO CUENTA CON CAUSA ESPECIFICA,6
A-2021-08-320,2021-08-08,08:00,CHOQUE,1,0,2.0,SAN MARTIN,LAMAS,LAMAS,RURAL,CARRETERA,DEPARTAMENTAL,SM-104,-6.424076411473288,-76.51867457146695,LLUVIOSO,RURAL,TRAMO RECTO,PLANA ,ASFALTADA,NO,,,SI,IMPRUDENCIA DEL CONDUCTOR,EXCESO DE VELOCIDAD,8
A-2021-08-155,2021-08-08,08:15,DESPISTE,1,0,1.0,LAMBAYEQUE,CHICLAYO,CHICLAYO,URBANA,CARRETERA,DEPARTAMENTAL,LA-111,-6.784131,-79.833373,DESPEJADO,RESIDENCIAL,TRAMO RECTO,PLANA ,ASFALTADA,,,,,EN PROCESO DE INVESTIGACIÓN,NO CUENTA CON CAUSA ESPECIFICA,8
A-2021-08-293,2021-08-08,13:20,CHOQUE,1,0,1.0,PIURA,SULLANA,SULLANA,RURAL,CARRETERA,NACIONAL,PE-1N,-4.91808,-80.69704,DESPEJADO,INDUSTRIAL,TRAMO RECTO,PLANA ,ASFALTADA,,,,,EN PROCESO DE INVESTIGACIÓN,NO CUENTA CON CAUSA ESPECIFICA,13
A-2021-08-315,2021-08-08,19:30,CAÍDA DE PASAJERO,1,1,,APURIMAC,COTABAMBAS,CHALLHUAHUACHO,RURAL,CARRETERA,PROVINCIAL,AP-962,-14.148128919207895,-72.29347077496062,,,,,,,,,,EN PROCESO DE INVESTIGACIÓN,NO CUENTA CON CAUSA ESPECIFICA,19
A-2021-08-82,2021-08-08,20:10,CHOQUE,1,3,,TUMBES,TUMBES,SAN JUAN DE LA VIRGEN,RURAL,CARRETERA,DEPARTAMENTAL,TU-104,-3.61532449425017,-80.43716856461634,,,,,,,,,,EN PROCESO DE INVESTIGACIÓN,NO CUENTA CON CAUSA ESPECIFICA,20
A-2021-08-146,2021-08-08,23:31,CHOQUE,1,2,2.0,CUSCO,CUSCO,SAYLLA,URBANA,CARRETERA,NACIONAL,PE-3S,-13.5670037299904,-71.8330807948842,NUBLADO,RESIDENCIAL,TRAMO RECTO,PLANA ,ASFALTADA,SI,PREVENTIVA (P),PREVENTIVA (P),SI,IMPRUDENCIA DEL CONDUCTOR,EXCESO DE VELOCIDAD,23
A-2021-08-294,2021-08-09,00:00,DESPISTE,4,0,1.0,PIURA,AYABACA,AYABACA,RURAL,CARRETERA,NACIONAL,PE-1NT,-4.707886182295068,-79.8152446530959,NUBLADO,RURAL,OTRO,INCLINADA,TROCHA,,,,,EN PROCESO DE INVESTIGACIÓN,NO CUENTA CON CAUSA ESPECIFICA,0
A-2021-08-59,2021-08-09,05:45,ATROPELLO,1,0,1.0,LA LIBERTAD,VIRU,VIRU,RURAL,CARRETERA,NACIONAL,PE-1N,-8.413602,-78.795044,DESPEJADO,RURAL,TRAMO RECTO,PLANA ,ASFALTADA,,,,,IMPRUDENCIA DEL PEATÓN,CRUCE INDEBIDO POR LA CALZADA,5