codigo_siniestro,fecha_siniestro,hora_siniestro,clase_siniestro,cantidad_fallecidos,cantidad_lesionados,cantidad_vehiculos_danados,departamento,provincia,distrito,zona,tipo_via,red_vial,cod_carretera,latitud,longitud,condicion_climatica,zonificacion,caracteristicas_via,perfil_longitudinal_via,superficie_calzada,existe_senal_vertical,clasificacion_senal_vertical_1,clasificacion_senal_vertical_2,existe_senal_horizontal,causa_factor_principal,causa_especifica,hora_del_dia
A-2021-09-110,2021-09-22,06:40,CHOQUE,2,3,2.0,AREQUIPA,CAYLLOMA,MAJES,RURAL,CARRETERA,NACIONAL,PE-1S,-16.372293,-72.171032,DESPEJADO,RURAL,TRAMO RECTO,PLANA ,ASFALTADA,SI,INFORMATIVA (I),INFORMATIVA (I),SI,EN PROCESO DE INVESTIGACIÓN,NO CUENTA CON CAUSA ESPECIFICA,6
A-2021-09-101,2021-09-22,14:30,CHOQUE,1,0,2.0,PUNO,HUANCANE,HUANCANE,RURAL,CARRETERA,NACIONAL,PE-34H,-15.2162068,-69.8305542,DESPEJADO,RURAL,CURVA,PLANA ,ASFALTADA,,,,,IMPRUDENCIA DEL CONDUCTOR,CONDUCIR EN SENTIDO CONTRARIO,14
A-2021-09-137,2021-09-22,15:00,CAÍDA DE PASAJERO,1,1,2.0,LA LIBERTAD,ASCOPE,PAIJAN,RURAL,CALLE,URBANO,NO CORRESPONDE,-7.74059,-79.29443,DESPEJADO,RURAL,CURVA,PLANA ,AFIRMADO,,,,,IMPRUDENCIA DEL CONDUCTOR,ADELANTAR INDEBIDAMENTE,15
A-2021-09-109,2021-09-22,18:00,ATROPELLO,1,1,1.0,LAMBAYEQUE,LAMBAYEQUE,MOTUPE,RURAL,CARRETERA,NACIONAL,PE-1NJ,-6.166112969135729,-79.69931417118441,SOLEADO,RURAL,TRAMO RECTO,PLANA ,ASFALTADA,,,,,IMPRUDENCIA DEL CONDUCTOR,EXCESO DE VELOCIDAD,18
A-2021-09-274,2021-09-23,12:00,ATROPELLO,1,0,1.0,SAN MARTIN,LAMAS,TABALOSOS,RURAL,CARRETERA,NACIONAL,PE-5N,-6.38746,-76.62982,DESPEJADO,RURAL,TRAMO RECTO,PLANA ,ASFALTADA,NO,,,SI,IMPRUDENCIA DEL CONDUCTOR,CONDUCIR EN ESTADO DE EBRIEDAD Y/O DROGADICCIÓN,12
A-2021-09-133,2021-09-23,12:15,CHOQUE CON OBJETO FIJO,1,0,1.0,LIMA,LIMA,SAN JUAN DE MIRAFLORES,URBANA,CARRETERA,NACIONAL,PE-1S,-12.168898,-76.979617,DESPEJADO,COMERCIAL,TRAMO RECTO,PLANA ,ASFALTADA,,,,,IMPRUDENCIA DEL CONDUCTOR,EXCESO DE VELOCIDAD,12
A-2021-09-139,2021-09-23,21:40,ATROPELLO FUGA,1,0,0.0,LA LIBERTAD,ASCOPE,PAIJAN,RURAL,CARRETERA,PROVINCIAL,LI-610,-7.727119,-79.320461,DESPEJADO,RURAL,TRAMO RECTO,PLANA ,ASFALTADA,,,,,EN PROCESO DE INVESTIGACIÓN,NO CUENTA CON CAUSA ESPECIFICA,21
A-2021-09-94,2021-09-23,21:40,CHOQUE,1,5,2.0,ICA,CHINCHA,EL CARMEN,RURAL,CARRETERA,NACIONAL,PE-1S,-13.549631121672846,-76.13308179365009,DESPEJADO,RESIDENCIAL,INTERSECCIÓN,PLANA ,ASFALTADA,SI,REGULADORA (R),PREVENTIVA (P),SI,IMPRUDENCIA DEL CONDUCTOR,INVASIÓN DE CARRIL,21
A-2021-09-90,2021-09-23,22:30,CHOQUE,1,4,2.0,TUMBES,CONTRALMIRANTE VILLAR,CANOAS DE PUNTA SAL,RURAL,CARRETERA,NACIONAL,PE-1N,-4.03217977682774,-80.96008122895779,DESPEJADO,RURAL,TRAMO RECTO,PLANA ,ASFALTADA,,,,,IMPRUDENCIA DEL CONDUCTOR,INVASIÓN DE CARRIL,22
A-2021-09-95,2021-09-24,04:30,CHOQUE CON OBJETO FIJO,1,1,1.0,ICA,ICA,PARCONA,URBANA,CALLE,URBANO,NO CORRESPONDE,-14.044012892455326,-75.69898373115758,DESPEJADO,RESIDENCIAL,TRAMO RECTO,PLANA ,ASFALTADA,,,,,EN PROCESO DE INVESTIGACIÓN,NO CUENTA CON CAUSA ESPECIFICA,4
A-2021-09-96,2021-09-24,06:00,DESPISTE,1,0,1.0,AYACUCHO,LUCANAS,LEONCIO PRADO,RURAL,CARRETERA,NACIONAL,PE-30A,-14.693459,-74.515248,DESPEJADO,RURAL,SINUOSA,INCLINADA,ASFALTADA,,,,,EN PROCESO DE INVESTIGACIÓN,NO CUENTA CON CAUSA ESPECIFICA,6
A-2021-09-112,2021-09-24,11:20,DESPISTE,1,1,1.0,AREQUIPA,CAYLLOMA,CALLALLI,RURAL,CARRETERA,NACIONAL,PE-34J,-15.587193,-71.050195,DESPEJADO,RURAL,TRAMO RECTO,PLANA ,ASFALTADA,SI,PREVENTIVA (P),PREVENTIVA (P),SI,EN PROCESO DE INVESTIGACIÓN,NO CUENTA CON CAUSA ESPECIFICA,11
A-2021-09-135,2021-09-24,12:20,CHOQUE,1,0,0.0,LIMA,LIMA,VILLA EL SALVADOR,URBANA,AVENIDA,URBANO,NO CORRESPONDE,-12.227974,-76.938119,SOLEADO,RESIDENCIAL,TRAMO RECTO,PLANA ,ASFALTADA,,,,,EN PROCESO DE INVESTIGACIÓN,NO CUENTA CON CAUSA ESPECIFICA,12
A-2021-09-186,2021-09-24,17:40,ATROPELLO,1,0,0.0,PUNO,MELGAR,NUÑOA,URBANA,JIRÓN,URBANO,NO CORRESPONDE,-14.477117992542915,-70.63612282597065,DESPEJADO,RESIDENCIAL,INTERSECCIÓN,PLANA ,ASFALTADA,,,,,IMPRUDENCIA DEL PEATÓN,OTRO (IMPRUDENCIA DEL PEATÓN),17
A-2021-09-257,2021-09-24,18:00,CHOQUE,1,0,2.0,PIURA,AYABACA,SUYO,RURAL,CARRETERA,NACIONAL,PE-1NL,-4.5517,-80.0963,DESPEJADO,RURAL,TRAMO RECTO,PLANA ,ASFALTADA,,,,,EN PROCESO DE INVESTIGACIÓN,NO CUENTA CON CAUSA ESPECIFICA,18
A-2021-09-120,2021-09-24,18:25,CHOQUE,1,0,2.0,SAN MARTIN,MOYOBAMBA,CALZADA,RURAL,CARRETERA,NACIONAL,PE-5N,-6.03501466,-77.11573144,DESPEJADO,RURAL,TRAMO RECTO,PLANA ,ASFALTADA,,,,,EN PROCESO DE INVESTIGACIÓN,NO CUENTA CON CAUSA ESPECIFICA,18
A-2021-09-98,2021-09-24,21:30,CHOQUE,1,3,2.0,ICA,ICA,SANTIAGO,RURAL,CARRETERA,NACIONAL,PE-1S,-14.144087162902592,-75.7160197317997,DESPEJADO,RURAL,TRAMO RECTO,PLANA ,ASFALTADA,SI,PREVENTIVA (P),,NO,IMPRUDENCIA DEL CONDUCTOR,OTRO (IMPRUDENCIA DEL CONDUCTOR),21
A-2021-09-215,2021-09-25,00:10,CHOQUE,1,0,2.0,LAMBAYEQUE,CHICLAYO,PICSI,RURAL,CARRETERA,DEPARTAMENTAL,LA-111,-6.7052155,-79.7744233,DESPEJADO,RURAL,TRAMO RECTO,PLANA ,ASFALTADA,,,,,EN PROCESO DE INVESTIGACIÓN,NO CUENTA CON CAUSA ESPECIFICA,0
A-2021-09-267,2021-09-25,03:00,DESPISTE,1,0,1.0,CAJAMARCA,JAEN,COLASAY,RURAL,CARRETERA,PROVINCIAL,CA-672,-5.973568925257869,-79.06261677102088,DESPEJADO,RURAL,TRAMO RECTO,INCLINADA,TROCHA,,,,,EN PROCESO DE INVESTIGACIÓN,NO CUENTA CON CAUSA ESPECIFICA,3
A-2021-09-229,2021-09-25,05:45,CHOQUE,1,0,2.0,LAMBAYEQUE,LAMBAYEQUE,MORROPE,RURAL,CARRETERA,NACIONAL,PE-1N,-6.525331,-80.0401517,DESPEJADO,RURAL,TRAMO RECTO,INCLINADA,TROCHA,,,,,EN PROCESO DE INVESTIGACIÓN,NO CUENTA CON CAUSA ESPECIFICA,5
A-2021-09-154,2021-09-25,06:00,DESPISTE,1,0,0.0,LIMA,LIMA,LIMA,URBANA,AVENIDA,URBANO,NO CORRESPONDE,-12.050135,-77.077167,SOLEADO,RESIDENCIAL,TRAMO RECTO,PLANA ,ASFALTADA,,,,,EN PROCESO DE INVESTIGACIÓN,NO CUENTA CON CAUSA ESPECIFICA,6
A-2021-09-97,2021-09-25,09:30,DESPISTE,1,0,1.0,CAJAMARCA,SAN MARCOS,PEDRO GALVEZ,RURAL,CARRETERA,SIN CLASIFICAR,SIN CLASIFICAR,-7.281821437921813,-78.08243567466137,DESPEJADO,RURAL,TRAMO RECTO,PLANA ,AFIRMADO,,,,,IMPRUDENCIA DEL CONDUCTOR,OTRO (IMPRUDENCIA DEL CONDUCTOR),9
A-2021-09-140,2021-09-25,10:00,CHOQUE,1,0,2.0,LA LIBERTAD,VIRU,CHAO,RURAL,CARRETERA,NACIONAL,PE-1N,-8.53713,-78.679147,DESPEJADO,RURAL,TRAMO RECTO,PLANA ,ASFALTADA,,,,,IMPRUDENCIA DEL CONDUCTOR,NO ESTABLECER EL DERECHO DE PASO,10
A-2021-09-211,2021-09-25,11:40,CHOQUE,1,0,2.0,LAMBAYEQUE,LAMBAYEQUE,MOCHUMI,RURAL,CARRETERA,NACIONAL,PE-1NJ,-6.532391,-79.865197,SOLEADO,RURAL,TRAMO RECTO,PLANA ,ASFALTADA,,,,,EN PROCESO DE INVESTIGACIÓN,NO CUENTA CON CAUSA ESPECIFICA,11
A-2021-09-111,2021-09-25,15:26,VOLCADURA,1,0,2.0,AREQUIPA,AREQUIPA,UCHUMAYO,RURAL,CARRETERA,DEPARTAMENTAL,AR-115,-16.4874134,-71.6235753,SOLEADO,RURAL,CURVA,INCLINADA,ASFALTADA,NO,,,SI,EN PROCESO DE INVESTIGACIÓN,NO CUENTA CON CAUSA ESPECIFICA,15
A-2021-09-246,2021-09-25,19:30,CHOQUE,1,0,2.0,JUNIN,JAUJA,JAUJA,RURAL,CARRETERA,NACIONAL,PE-3SA,-11.778941,-75.483473,DESPEJADO,RURAL,INTERSECCIÓN,PLANA ,ASFALTADA,,,,,IMPRUDENCIA DEL CONDUCTOR,CONDUCIR EN ESTADO DE EBRIEDAD Y/O DROGADICCIÓN,19
A-2021-09-258,2021-09-25,20:30,DESPISTE,1,0,1.0,PIURA,PAITA,PAITA,URBANA,CARRETERA,DEPARTAMENTAL,PI-103,-5.101015131741215,-81.10908325865849,DESPEJADO,RURAL,TRAMO RECTO,PLANA ,ASFALTADA,SI,PREVENTIVA (P),REGULADORA (R),NO,EN PROCESO DE INVESTIGACIÓN,NO CUENTA CON CAUSA ESPECIFICA,20
A-2021-09-182,2021-09-25,23:00,ATROPELLO,1,3,1.0,PIURA,SECHURA,SECHURA,URBANA,CARRETERA,PROVINCIAL,PI-1058,-5.563217,-80.811242,DESPEJADO,RESIDENCIAL,TRAMO RECTO,PLANA ,ASFALTADA,NO,,,SI,EN PROCESO DE INVESTIGACIÓN,NO CUENTA CON CAUSA ESPECIFICA,23
A-2021-09-99,2021-09-26,00:50,VOLCADURA,1,3,1.0,ICA,NASCA,MARCONA,RURAL,CARRETERA,SIN CLASIFICAR,SIN CLASIFICAR,-15.3975951,-75.142132,NUBLADO,RURAL,OTRO,PLANA ,TROCHA,,,,,IMPRUDENCIA DEL CONDUCTOR,CONDUCIR EN ESTADO DE EBRIEDAD Y/O DROGADICCIÓN,0
A-2021-09-142,2021-09-26,15:40,ATROPELLO,1,0,1.0,LA LIBERTAD,TRUJILLO,TRUJILLO,URBANA,AVENIDA,URBANO,NO CORRESPONDE,-8.092923,-79.017566,DESPEJADO,COMERCIAL,TRAMO RECTO,PLANA ,ASFALTADA,,,,,EN PROCESO DE INVESTIGACIÓN,NO CUENTA CON CAUSA ESPECIFICA,15
A-2021-09-169,2021-09-26,16:30,DESPISTE,1,6,1.0,CUSCO,CHUMBIVILCAS,VELILLE,RURAL,CARRETERA,NACIONAL,PE-3SW,-14.618753,-71.740671,DESPEJADO,RURAL,SINUOSA,INCLINADA,ASFALTADA,,,,,IMPRUDENCIA DEL CONDUCTOR,EXCESO DE VELOCIDAD,16
A-2021-09-141,2021-09-26,19:30,DESPISTE,1,11,1.0,SAN MARTIN,MOYOBAMBA,MOYOBAMBA,RURAL,CARRETERA,DEPARTAMENTAL,SM-100,-6.049048,-76.956868,DESPEJADO,RURAL,CURVA,INCLINADA,CASCAJO/RIPIO,,,,,EN PROCESO DE INVESTIGACIÓN,NO CUENTA CON CAUSA ESPECIFICA,19
A-2021-09-105,2021-09-26,21:00,ATROPELLO FUGA,1,0,0.0,AREQUIPA,AREQUIPA,SACHACA,URBANA,AVENIDA,URBANO,NO CORRESPONDE,-16.4173344,-71.5834855,DESPEJADO,RESIDENCIAL,TRAMO RECTO,PLANA ,ASFALTADA,,,,,EN PROCESO DE INVESTIGACIÓN,NO CUENTA CON CAUSA ESPECIFICA,21
A-2021-09-115,2021-09-27,03:00,VOLCADURA,1,0,1.0,TUMBES,ZARUMILLA,MATAPALO,RURAL,CARRETERA,PROVINCIAL,TU-524,-3.691311302438237,-80.26531396462646,DESPEJADO,RURAL,TRAMO RECTO,INCLINADA,TROCHA,,,,,IMPRUDENCIA DEL CONDUCTOR,CONDUCIR EN ESTADO DE EBRIEDAD Y/O DROGADICCIÓN,3
A-2021-09-248,2021-09-27,03:20,DESPISTE,1,0,1.0,JUNIN,HUANCAYO,HUANCAYO,URBANA,AVENIDA,URBANO,NO CORRESPONDE,-12.06235,-75.20229,DESPEJADO,COMERCIAL,INTERSECCIÓN,PLANA ,ASFALTADA,,,,,IMPRUDENCIA DEL CONDUCTOR,CONDUCIR EN ESTADO DE EBRIEDAD Y/O DROGADICCIÓN,3
A-2021-09-181,2021-09-27,04:30,DESPISTE,1,1,1.0,CUSCO,CANCHIS,CHECACUPE,RURAL,CARRETERA,NACIONAL,PE-3S,-13.9934193,-71.4626391,DESPEJADO,RURAL,TRAMO RECTO,PLANA ,ASFALTADA,,,,,IMPRUDENCIA DEL CONDUCTOR,EXCESO DE VELOCIDAD,4
A-2021-09-247,2021-09-27,05:11,DESPISTE,4,2,0.0,JUNIN,JAUJA,LLOCLLAPAMPA,RURAL,CARRETERA,NACIONAL,PE-3S,-11.783232,-75.575759,DESPEJADO,RURAL,CURVA,PLANA ,ASFALTADA,,,,,IMPRUDENCIA DEL CONDUCTOR,EXCESO DE VELOCIDAD,5
A-2021-09-108,2021-09-27,06:35,CHOQUE,3,3,2.0,AREQUIPA,AREQUIPA,LA JOYA,RURAL,CARRETERA,NACIONAL,PE-1S,-16.510706,-71.8120445,DESPEJADO,RURAL,TRAMO RECTO,PLANA ,ASFALTADA,SI,REGULADORA (R),REGULADORA (R),NO,IMPRUDENCIA DEL CONDUCTOR,INVASIÓN DE CARRIL,6
A-2021-09-161,2021-09-27,11:00,DESPISTE,1,1,1.0,ANCASH,POMABAMBA,PAROBAMBA,RURAL,CARRETERA,PROVINCIAL,AN-585,-8.69607135915343,-77.43129672288616,DESPEJADO,RURAL,CURVA,INCLINADA,AFIRMADO,,,,,NEGLIGENCIA DEL CONDUCTOR,OTRO (NEGLIGENCIA DEL CONDUCTOR),11
A-2021-09-216,2021-09-27,15:00,CHOQUE FUGA,1,3,1.0,LAMBAYEQUE,LAMBAYEQUE,OLMOS,RURAL,CARRETERA,NACIONAL,PE-1NJ,-5.9627901,-79.7535165,DESPEJADO,RURAL,TRAMO RECTO,PLANA ,ASFALTADA,,,,,EN PROCESO DE INVESTIGACIÓN,NO CUENTA CON CAUSA ESPECIFICA,15
A-2021-09-156,2021-09-27,18:00,ATROPELLO,1,0,0.0,LIMA,LIMA,LURIN,URBANA,AVENIDA,URBANO,NO CORRESPONDE,-12.277608,-76.869489,NUBLADO,COMERCIAL,TRAMO RECTO,PLANA ,ASFALTADA,,,,,EN PROCESO DE INVESTIGACIÓN,NO CUENTA CON CAUSA ESPECIFICA,18
A-2021-09-155,2021-09-27,20:30,ATROPELLO,1,0,0.0,LIMA,LIMA,BREÑA,URBANA,AVENIDA,URBANO,NO CORRESPONDE,-12.068307746191367,-77.048367843082,DESPEJADO,COMERCIAL,TRAMO RECTO,PLANA ,ASFALTADA,,,,,EN PROCESO DE INVESTIGACIÓN,NO CUENTA CON CAUSA ESPECIFICA,20
A-2021-09-236,2021-09-28,09:20,DESPISTE,3,3,1.0,AYACUCHO,LA MAR,CHUNGUI,RURAL,CARRETERA,DEPARTAMENTAL,AY-102,-13.221061,-73.629836,LLUVIOSO,RURAL,CURVA,INCLINADA,TROCHA,,,,,EN PROCESO DE INVESTIGACIÓN,NO CUENTA CON CAUSA ESPECIFICA,9
A-2021-09-177,2021-09-28,10:46,ATROPELLO,1,0,0.0,LORETO,MAYNAS,IQUITOS,URBANA,CALLE,URBANO,NO CORRESPONDE,-3.755339670284915,-73.27128319823574,SOLEADO,COMERCIAL,INTERSECCIÓN,PLANA ,ASFALTADA,,,,,EN PROCESO DE INVESTIGACIÓN,NO CUENTA CON CAUSA ESPECIFICA,10
A-2021-09-205,2021-09-29,02:30,CHOQUE,1,2,,PIURA,PIURA,VEINTISEIS DE OCTUBRE,URBANA,CARRETERA,NACIONAL,PE-02,-5.178513,-80.666801,,,,,,,,,,EN PROCESO DE INVESTIGACIÓN,NO CUENTA CON CAUSA ESPECIFICA,2
A-2021-09-233,2021-09-29,05:30,CHOQUE,1,0,3.0,PUNO,MOHO,MOHO,RURAL,CARRETERA,NACIONAL,PE-34I,-15.3149803,-69.5636829,DESPEJADO,RURAL,TRAMO RECTO,PLANA ,ASFALTADA,,,,,IMPRUDENCIA DEL CONDUCTOR,EXCESO DE VELOCIDAD,5
A-2021-09-222,2021-09-29,09:30,ATROPELLO,1,0,,LIMA,LIMA,SAN JUAN DE LURIGANCHO,URBANA,AVENIDA,URBANO,NO CORRESPONDE,-11.936900367759373,-76.97113212187342,SOLEADO,RESIDENCIAL,INTERSECCIÓN,PLANA ,ASFALTADA,,,,,IMPRUDENCIA DEL CONDUCTOR,OTRO (IMPRUDENCIA DEL CONDUCTOR),9
A-2021-09-217,2021-09-29,10:30,DESPISTE,1,0,1.0,JUNIN,JAUJA,PARCO,RURAL,CALLE,URBANO,NO CORRESPONDE,-11.820974,-75.507486,DESPEJADO,RURAL,PASE A DESNIVEL,INCLINADA,TROCHA,,,,,IMPRUDENCIA DEL CONDUCTOR,OTRO (IMPRUDENCIA DEL CONDUCTOR),10
A-2021-09-224,2021-09-29,12:00,ATROPELLO,1,0,0.0,LIMA,LIMA,LIMA,URBANA,AVENIDA,URBANO,NO CORRESPONDE,-12.062737737424804,-77.04355287372726,SOLEADO,COMERCIAL,TRAMO RECTO,PLANA ,ASFALTADA,,,,,EN PROCESO DE INVESTIGACIÓN,NO CUENTA CON CAUSA ESPECIFICA,12
A-2021-09-265,2021-09-29,15:06,CHOQUE,1,0,2.0,CAJAMARCA,JAEN,JAEN,URBANA,OTRO,URBANO,NO CORRESPONDE,-5.703239,-78.807528,DESPEJADO,RESIDENCIAL,INTERSECCIÓN,PLANA ,CONCRETO,,,,,EN PROCESO DE INVESTIGACIÓN,NO CUENTA CON CAUSA ESPECIFICA,15
A-2021-09-223,2021-09-29,20:00,CHOQUE,1,0,0.0,LIMA,LIMA,LURIN,URBANA,AVENIDA,URBANO,NO CORRESPONDE,-12.275765644225062,-76.87090862740266,SOLEADO,COMERCIAL,TRAMO RECTO,PLANA ,ASFALTADA,,,,,EN PROCESO DE INVESTIGACIÓN,NO CUENTA CON CAUSA ESPECIFICA,20
A-2021-09-226,2021-09-30,00:48,CHOQUE CON OBJETO FIJO,1,1,1.0,LIMA,LIMA,COMAS,URBANA,AVENIDA,URBANO,NO CORRESPONDE,-11.951160927516437,-77.05056302644783,DESPEJADO,ESCOLAR,TRAMO RECTO,PLANA ,ASFALTADA,,,,,EN PROCESO DE INVESTIGACIÓN,NO CUENTA CON CAUSA ESPECIFICA,0
A-2021-09-237,2021-09-30,05:00,DESPISTE,1,3,1.0,AYACUCHO,LA MAR,CHUNGUI,RURAL,CARRETERA,DEPARTAMENTAL,AY-102,-13.216081,-73.634727,DESPEJADO,RURAL,CURVA,INCLINADA,ASFALTADA,,,,,IMPRUDENCIA DEL CONDUCTOR,EXCESO DE VELOCIDAD,5
A-2021-09-275,2021-09-30,06:00,VOLCADURA,1,0,1.0,SAN MARTIN,PICOTA,SAN HILARION,RURAL,CARRETERA,NACIONAL,PE-5N,-6.99929,-76.44187,DESPEJADO,RURAL,TRAMO RECTO,PLANA ,ASFALTADA,NO,,,SI,IMPRUDENCIA DEL CONDUCTOR,CONDUCIR EN ESTADO DE EBRIEDAD Y/O DROGADICCIÓN,6
A-2021-09-213,2021-09-30,11:20,CHOQUE,1,3,2.0,CAJAMARCA,CONTUMAZA,YONAN,RURAL,CARRETERA,NACIONAL,PE-08,-7.23926398,-79.22229602,SOLEADO,RURAL,TRAMO RECTO,PLANA ,AFIRMADO,NO,,,NO,IMPRUDENCIA DEL CONDUCTOR,INVASIÓN DE CARRIL,11
A-2021-09-230,2021-09-30,18:45,CHOQUE,1,0,2.0,PUNO,LAMPA,CALAPUJA,RURAL,CARRETERA,NACIONAL,PE-3S,-15.3458064,-70.1807105,DESPEJADO,RURAL,TRAMO RECTO,PLANA ,ASFALTADA,,,,,IMPRUDENCIA DEL CONDUCTOR,CONDUCIR EN SENTIDO CONTRARIO,18
A-2021-09-227,2021-09-30,21:00,ATROPELLO,1,0,1.0,PUNO,SAN ROMAN,JULIACA,URBANA,CARRETERA,NACIONAL,PE-3S,-15.4634461,-70.1389322,DESPEJADO,RURAL,TRAMO RECTO,PLANA ,ASFALTADA,,,,,IMPRUDENCIA DEL PEATÓN,CRUCE INDEBIDO POR LA CALZADA,21
A-2021-10-237,2021-10-01,18:55,CHOQUE,1,0,,CAJAMARCA,JAEN,JAEN,RURAL,CARRETERA,NACIONAL,PE-5N,-5.832726,-78.748357,DESPEJADO,RURAL,CURVA,INCLINADA,ASFALTADA,,,,,EN PROCESO DE INVESTIGACIÓN,NO CUENTA CON CAUSA ESPECIFICA,18
A-2021-10-254,2021-10-01,19:30,CHOQUE,1,0,2.0,LIMA,BARRANCA,SUPE,RURAL,CARRETERA,NACIONAL,PE-1N,-10.856982110062484,-77.69072533603766,DESPEJADO,RURAL,TRAMO RECTO,PLANA ,ASFALTADA,,,,,EN PROCESO DE INVESTIGACIÓN,NO CUENTA CON CAUSA ESPECIFICA,19
A-2021-10-40,2021-10-01,19:30,ATROPELLO FUGA,1,0,0.0,LIMA,LIMA,SAN JUAN DE LURIGANCHO,URBANA,AVENIDA,URBANO,NO CORRESPONDE,-11.98678826956822,-77.01574397392685,DESPEJADO,COMERCIAL,TRAMO RECTO,PLANA ,ASFALTADA,,,,,EN PROCESO DE INVESTIGACIÓN,NO CUENTA CON CAUSA ESPECIFICA,19
A-2021-10-279,2021-10-01,21:00,CHOQUE,1,0,2.0,ANCASH,SANTA,SANTA,URBANA,CARRETERA,NACIONAL,PE-1N,-8.998258205771755,-78.61797806714192,DESPEJADO,RESIDENCIAL,TRAMO RECTO,PLANA ,ASFALTADA,,,,,EN PROCESO DE INVESTIGACIÓN,NO CUENTA CON CAUSA ESPECIFICA,21
A-2021-10-70,2021-10-01,21:40,DESPISTE,3,1,1.0,LA LIBERTAD,PATAZ,PIAS,URBANA,CARRETERA,PROVINCIAL,LI-865,-7.89231008535038,-77.56053383383959,DESPEJADO,RURAL,TRAMO RECTO,PLANA ,TROCHA,,,,,IMPRUDENCIA DEL CONDUCTOR,ADELANTAR INDEBIDAMENTE,21
A-2021-10-2,2021-10-02,02:00,DESPISTE,5,25,1.0,HUANCAVELICA,HUAYTARA,TAMBO,RURAL,CARRETERA,NACIONAL,PE-28A,-13.5020815314854,-75.1389084543188,DESPEJADO,RURAL,SINUOSA,PLANA ,ASFALTADA,,,,,EN PROCESO DE INVESTIGACIÓN,NO CUENTA CON CAUSA ESPECIFICA,2
A-2021-10-19,2021-10-02,10:00,DESPISTE,1,1,,ANCASH,SIHUAS,CASHAPAMPA,RURAL,CARRETERA,NACIONAL,PE-14C,-8.595565513920915,-77.65579275880476,,,,,,,,,,EN PROCESO DE INVESTIGACIÓN,NO CUENTA CON CAUSA ESPECIFICA,10
A-2021-10-4,2021-10-02,11:30,ATROPELLO FUGA,1,0,1.0,PIURA,PIURA,CATACAOS,URBANA,CARRETERA,NACIONAL,PE-1N,-5.228525,-80.65309,DESPEJADO,COMERCIAL,TRAMO RECTO,PLANA ,ASFALTADA,SI,INFORMATIVA (I),,NO,EN PROCESO DE INVESTIGACIÓN,NO CUENTA CON CAUSA ESPECIFICA,11
A-2021-10-288,2021-10-02,12:30,DESPISTE,1,1,,JUNIN,CHUPACA,HUACHAC,RURAL,CARRETERA,PROVINCIAL,JU-868,-12.052939,-75.352517,DESPEJADO,RURAL,TRAMO RECTO,INCLINADA,TROCHA,,,,,IMPRUDENCIA DEL CONDUCTOR,OTRO (IMPRUDENCIA DEL CONDUCTOR),12
A-2021-10-3,2021-10-02,17:00,CHOQUE,1,0,2.0,ICA,ICA,SALAS,RURAL,CARRETERA,NACIONAL,PE-1S,-13.951114,-75.79674,DESPEJADO,RURAL,TRAMO RECTO,PLANA ,ASFALTADA,,,,,EN PROCESO DE INVESTIGACIÓN,NO CUENTA CON CAUSA ESPECIFICA,17
A-2021-10-239,2021-10-02,19:22,ATROPELLO,1,0,,LAMBAYEQUE,CHICLAYO,LA VICTORIA,URBANA,OTRO,URBANO,NO CORRESPONDE,-6.796301,-79.843871,DESPEJADO,COMERCIAL,INTERSECCIÓN,PLANA ,ASFALTADA,,,,,IMPRUDENCIA DEL CONDUCTOR,EXCESO DE VELOCIDAD,19
A-2021-10-9,2021-10-02,20:20,CHOQUE,1,0,,APURIMAC,ANDAHUAYLAS,JOSE MARIA ARGUEDAS,RURAL,CARRETERA,PROVINCIAL,AP-693,-13.76823096846766,-73.36587238577928,DESPEJADO,RURAL,CURVA,INCLINADA,AFIRMADO,,,,,IMPRUDENCIA DEL CONDUCTOR,CONDUCIR EN ESTADO DE EBRIEDAD Y/O DROGADICCIÓN,20
A-2021-10-270,2021-10-02,23:00,CHOQUE FUGA,1,0,,LORETO,MAYNAS,SAN JUAN BAUTISTA,RURAL,CARRETERA,DEPARTAMENTAL,LO-103,-3.843165595348717,-73.33486691605374,,,,,,,,,,EN PROCESO DE INVESTIGACIÓN,NO CUENTA CON CAUSA ESPECIFICA,23
A-2021-10-263,2021-10-03,04:40,CHOQUE,1,0,2.0,LIMA,BARRANCA,BARRANCA,URBANA,AVENIDA,URBANO,NO CORRESPONDE,-10.752897390545105,-77.75814059112236,LLUVIOSO,COMERCIAL,INTERSECCIÓN,PLANA ,ASFALTADA,,,,,EN PROCESO DE INVESTIGACIÓN,NO CUENTA CON CAUSA ESPECIFICA,4
A-2021-10-1,2021-10-03,06:30,ATROPELLO FUGA,1,0,0.0,PUNO,EL COLLAO,ILAVE,RURAL,CARRETERA,NACIONAL,PE-38A,-16.164515,-69.649208,DESPEJADO,RURAL,TRAMO RECTO,PLANA ,ASFALTADA,,,,,EN PROCESO DE INVESTIGACIÓN,NO CUENTA CON CAUSA ESPECIFICA,6
A-2021-10-73,2021-10-03,07:27,ATROPELLO,1,0,1.0,LA LIBERTAD,PATAZ,PARCOY,RURAL,CARRETERA,PROVINCIAL,LI-893,-8.021766,-77.476395,DESPEJADO,RURAL,TRAMO RECTO,PLANA ,ASFALTADA,,,,,NEGLIGENCIA DEL CONDUCTOR,OTRO (NEGLIGENCIA DEL CONDUCTOR),7