codigo_siniestro,fecha_siniestro,hora_siniestro,clase_siniestro,cantidad_fallecidos,cantidad_lesionados,cantidad_vehiculos_danados,departamento,provincia,distrito,zona,tipo_via,red_vial,cod_carretera,latitud,longitud,condicion_climatica,zonificacion,caracteristicas_via,perfil_longitudinal_via,superficie_calzada,existe_senal_vertical,clasificacion_senal_vertical_1,clasificacion_senal_vertical_2,existe_senal_horizontal,causa_factor_principal,causa_especifica,hora_del_dia
A-2021-11-53,2021-11-03,19:48,DESPISTE,2,0,1.0,LA LIBERTAD,CHEPEN,CHEPEN,RURAL,CARRETERA,SIN CLASIFICAR,SIN CLASIFICAR,-7.292995,-79.387354,DESPEJADO,RURAL,TRAMO RECTO,PLANA ,ASFALTADA,,,,,EN PROCESO DE INVESTIGACIÓN,NO CUENTA CON CAUSA ESPECIFICA,19
A-2021-11-39,2021-11-03,20:00,CHOQUE,1,0,2.0,PUNO,CARABAYA,CRUCERO,RURAL,CARRETERA,PROVINCIAL,PU-566,-14.352358453309698,-70.01691257460625,DESPEJADO,RURAL,TRAMO RECTO,PLANA ,ASFALTADA,,,,,IMPRUDENCIA DEL CONDUCTOR,CONDUCIR EN SENTIDO CONTRARIO,20
A-2021-11-99,2021-11-03,21:30,ATROPELLO,1,0,1.0,CUSCO,ANTA,ANTA,RURAL,CARRETERA,NACIONAL,PE-3S,-13.4767,-72.159212,NUBLADO,RURAL,TRAMO RECTO,PLANA ,ASFALTADA,,,,,IMPRUDENCIA DEL PEATÓN,CRUCE INDEBIDO POR LA CALZADA,21
A-2021-11-58,2021-11-03,21:50,CHOQUE,1,0,2.0,LA LIBERTAD,TRUJILLO,MOCHE,RURAL,AVENIDA,URBANO,NO CORRESPONDE,-8.166197,-79.021426,DESPEJADO,RURAL,TRAMO RECTO,PLANA ,ASFALTADA,,,,,IMPRUDENCIA DEL CONDUCTOR,CONDUCIR EN ESTADO DE EBRIEDAD Y/O DROGADICCIÓN,21
A-2021-11-230,2021-11-04,04:00,DESPISTE,1,1,1.0,AREQUIPA,CAMANA,OCOÑA,RURAL,CARRETERA,NACIONAL,PE-1S,-16.448390189145695,-73.11756476619998,DESPEJADO,RURAL,CURVA,INCLINADA,ASFALTADA,,,,,EN PROCESO DE INVESTIGACIÓN,NO CUENTA CON CAUSA ESPECIFICA,4
A-2021-11-194,2021-11-04,17:10,ATROPELLO,1,0,1.0,LAMBAYEQUE,LAMBAYEQUE,LAMBAYEQUE,RURAL,CARRETERA,NACIONAL,PE-1N,-6.7258713293797925,-79.8909311994564,DESPEJADO,RURAL,TRAMO RECTO,PLANA ,ASFALTADA,,,,,EN PROCESO DE INVESTIGACIÓN,NO CUENTA CON CAUSA ESPECIFICA,17
A-2021-11-138,2021-11-04,21:50,ATROPELLO,1,1,1.0,CUSCO,URUBAMBA,URUBAMBA,RURAL,CARRETERA,NACIONAL,PE-28B,-13.27875312492858,-72.19782312772281,DESPEJADO,RURAL,CURVA,PLANA ,ASFALTADA,,,,,IMPRUDENCIA DEL CONDUCTOR,CONDUCIR EN ESTADO DE EBRIEDAD Y/O DROGADICCIÓN,21
A-2021-11-20,2021-11-04,22:00,CHOQUE,1,1,,LORETO,MAYNAS,SAN JUAN BAUTISTA,URBANA,AVENIDA,URBANO,NO CORRESPONDE,-3.7787646479803767,-73.27832040849776,,,,,,,,,,EN PROCESO DE INVESTIGACIÓN,NO CUENTA CON CAUSA ESPECIFICA,22
A-2021-11-105,2021-11-05,04:40,ATROPELLO FUGA,1,0,,CUSCO,ANTA,PUCYURA,RURAL,CARRETERA,NACIONAL,PE-3S,-13.477075301294391,-72.12008725593644,DESPEJADO,RURAL,TRAMO RECTO,PLANA ,ASFALTADA,,,,,IMPRUDENCIA DEL PEATÓN,ESTADO DE EBRIEDAD Y/O DROGADICCIÓN,4
A-2021-11-142,2021-11-05,07:30,CAÍDA DE PASAJERO,1,0,0.0,LIMA,LIMA,PUENTE PIEDRA,URBANA,CARRETERA,NACIONAL,PE-1N,-11.899768,-77.067954,DESPEJADO,COMERCIAL,TRAMO RECTO,PLANA ,ASFALTADA,,,,,EN PROCESO DE INVESTIGACIÓN,NO CUENTA CON CAUSA ESPECIFICA,7
A-2021-11-106,2021-11-05,08:30,ATROPELLO,2,0,,CUSCO,CANCHIS,MARANGANI,RURAL,CARRETERA,NACIONAL,PE-3S,-14.362684477097222,-71.15961012326181,DESPEJADO,RURAL,TRAMO RECTO,PLANA ,ASFALTADA,,,,,IMPRUDENCIA DEL CONDUCTOR,EXCESO DE VELOCIDAD,8
A-2021-11-143,2021-11-05,14:30,CHOQUE,1,0,2.0,LIMA,LIMA,SAN JUAN DE LURIGANCHO,URBANA,CARRETERA,NACIONAL,PE-22,-12.024278499330748,-76.96404421516526,DESPEJADO,RESIDENCIAL,TRAMO RECTO,PLANA ,ASFALTADA,,,,,EN PROCESO DE INVESTIGACIÓN,NO CUENTA CON CAUSA ESPECIFICA,14
A-2021-11-54,2021-11-05,18:00,DESPISTE,1,0,1.0,LA LIBERTAD,SANCHEZ CARRION,SARIN,RURAL,CARRETERA,PROVINCIAL,LI-907,-7.912009,-77.903332,LLUVIOSO,RURAL,CURVA,INCLINADA,TROCHA,,,,,EN PROCESO DE INVESTIGACIÓN,NO CUENTA CON CAUSA ESPECIFICA,18
A-2021-11-195,2021-11-05,19:45,CHOQUE,2,2,3.0,LAMBAYEQUE,LAMBAYEQUE,MOCHUMI,RURAL,CARRETERA,NACIONAL,PE-1NJ,-6.59103,-79.87774,DESPEJADO,RURAL,TRAMO RECTO,PLANA ,ASFALTADA,,,,,EN PROCESO DE INVESTIGACIÓN,NO CUENTA CON CAUSA ESPECIFICA,19
A-2021-11-19,2021-11-05,20:20,CHOQUE FUGA,1,1,,LORETO,MAYNAS,IQUITOS,URBANA,CALLE,URBANO,NO CORRESPONDE,-3.750630109537495,-73.26438363908272,,,,,,,,,,EN PROCESO DE INVESTIGACIÓN,NO CUENTA CON CAUSA ESPECIFICA,20
A-2021-11-144,2021-11-05,22:30,CHOQUE,1,0,0.0,LIMA,LIMA,SAN MARTIN DE PORRES,URBANA,CARRETERA,NACIONAL,PE-1N,-12.026782,-77.058355,DESPEJADO,COMERCIAL,INTERSECCIÓN,PLANA ,ASFALTADA,,,,,IMPRUDENCIA DEL CONDUCTOR,EXCESO DE VELOCIDAD,22
A-2021-11-146,2021-11-05,23:10,ATROPELLO FUGA,1,0,0.0,LIMA,LIMA,SAN JUAN DE MIRAFLORES,URBANA,CARRETERA,NACIONAL,PE-1S,-12.184364,-76.974964,DESPEJADO,RESIDENCIAL,TRAMO RECTO,PLANA ,ASFALTADA,,,,,EN PROCESO DE INVESTIGACIÓN,NO CUENTA CON CAUSA ESPECIFICA,23
A-2021-11-107,2021-11-06,00:30,DESPISTE,2,0,1.0,CUSCO,ESPINAR,SUYCKUTAMBO,RURAL,CARRETERA,DEPARTAMENTAL,CU-110,-15.0030474362491,-71.63560488370956,DESPEJADO,RURAL,TRAMO RECTO,PLANA ,ASFALTADA,,,,,IMPRUDENCIA DEL CONDUCTOR,EXCESO DE VELOCIDAD,0
A-2021-11-55,2021-11-06,02:20,DESPISTE,1,4,1.0,LA LIBERTAD,OTUZCO,OTUZCO,RURAL,CARRETERA,NACIONAL,PE-10A,-7.972887285785017,-78.64350609182706,DESPEJADO,RURAL,CURVA,PLANA ,ASFALTADA,,,,,IMPRUDENCIA DEL PASAJERO/OCUPANTE,SUBIR Y BAJAR DEL VEHÍCULO EN MOVIMIENTO,2
A-2021-11-13,2021-11-06,08:20,CHOQUE,1,0,2.0,CAJAMARCA,CAJAMARCA,CAJAMARCA,URBANA,CARRETERA,NACIONAL,PE-08,-7.1970432,-78.50881536,SOLEADO,RESIDENCIAL,TRAMO RECTO,INCLINADA,ASFALTADA,NO,,,SI,EN PROCESO DE INVESTIGACIÓN,NO CUENTA CON CAUSA ESPECIFICA,8
A-2021-11-196,2021-11-06,15:10,VOLCADURA,1,1,1.0,LAMBAYEQUE,CHICLAYO,PIMENTEL,RURAL,CARRETERA,NACIONAL,PE-1N,-6.754212798303056,-79.86549869180372,SOLEADO,INDUSTRIAL,TRAMO RECTO,PLANA ,ASFALTADA,,,,,EN PROCESO DE INVESTIGACIÓN,NO CUENTA CON CAUSA ESPECIFICA,15
A-2021-11-7,2021-11-06,15:30,DESPISTE,1,1,1.0,ICA,PISCO,HUMAY,RURAL,CARRETERA,NACIONAL,PE-28A,-13.7151848,-75.8502231,DESPEJADO,RURAL,TRAMO RECTO,PLANA ,ASFALTADA,,,,,EN PROCESO DE INVESTIGACIÓN,NO CUENTA CON CAUSA ESPECIFICA,15
A-2021-11-56,2021-11-06,20:45,ATROPELLO,1,1,1.0,LA LIBERTAD,PACASMAYO,GUADALUPE,RURAL,CARRETERA,NACIONAL,PE-1N,-7.252419,-79.484165,DESPEJADO,RURAL,TRAMO RECTO,PLANA ,ASFALTADA,,,,,IMPRUDENCIA DEL CONDUCTOR,EXCESO DE VELOCIDAD,20
A-2021-11-28,2021-11-06,22:40,ATROPELLO FUGA,1,0,1.0,PUNO,SAN ROMAN,SAN MIGUEL,URBANA,CARRETERA,NACIONAL,PE-3S,-15.4534463,-70.140514,DESPEJADO,COMERCIAL,TRAMO RECTO,PLANA ,ASFALTADA,,,,,IMPRUDENCIA DEL CONDUCTOR,EXCESO DE VELOCIDAD,22
A-2021-11-76,2021-11-06,23:20,VOLCADURA,1,0,1.0,LA LIBERTAD,PATAZ,PIAS,RURAL,CARRETERA,PROVINCIAL,LI-865,-7.936071,-77.515048,DESPEJADO,RURAL,TRAMO RECTO,PLANA ,TROCHA,,,,,IMPRUDENCIA DEL CONDUCTOR,FATIGA Y/O CANSANCIO,23
A-2021-11-5,2021-11-06,23:30,DESPISTE,1,0,1.0,ANCASH,HUARAZ,PIRA,RURAL,CARRETERA,NACIONAL,PE-14,-9.55948043434102,-77.68818743824498,NUBLADO,RURAL,CURVA,INCLINADA,AFIRMADO,,,,,IMPRUDENCIA DEL CONDUCTOR,FATIGA Y/O CANSANCIO,23
A-2021-11-147,2021-11-07,02:00,ATROPELLO FUGA,1,0,0.0,LIMA,LIMA,COMAS,URBANA,AVENIDA,URBANO,NO CORRESPONDE,-11.9530139,-77.05131443,DESPEJADO,COMERCIAL,INTERSECCIÓN,PLANA ,ASFALTADA,,,,,EN PROCESO DE INVESTIGACIÓN,NO CUENTA CON CAUSA ESPECIFICA,2
A-2021-11-26,2021-11-07,03:00,ATROPELLO FUGA,1,0,,TUMBES,ZARUMILLA,PAPAYAL,RURAL,CARRETERA,NACIONAL,PE-1N,-3.523786981441944,-80.35049360155682,,,,,,,,,,EN PROCESO DE INVESTIGACIÓN,NO CUENTA CON CAUSA ESPECIFICA,3
A-2021-11-176,2021-11-07,04:30,ATROPELLO FUGA,1,1,1.0,LIMA,HUARAL,CHANCAY,URBANA,CARRETERA,NACIONAL,PE-1N,-11.595705,-77.254904,DESPEJADO,RURAL,TRAMO RECTO,PLANA ,ASFALTADA,,,,,EN PROCESO DE INVESTIGACIÓN,NO CUENTA CON CAUSA ESPECIFICA,4
A-2021-11-59,2021-11-07,05:30,DESPISTE,1,0,1.0,LA LIBERTAD,OTUZCO,USQUIL,RURAL,CARRETERA,PROVINCIAL,LI-1144,-7.849949,-78.431857,DESPEJADO,RURAL,TRAMO RECTO,PLANA ,AFIRMADO,,,,,IMPRUDENCIA DEL CONDUCTOR,OTRO (IMPRUDENCIA DEL CONDUCTOR),5
A-2021-11-125,2021-11-07,06:15,ATROPELLO FUGA,1,0,,PIURA,SULLANA,MIGUEL CHECA,URBANA,CARRETERA,NACIONAL,PE-02,-5.14547,-80.797084,DESPEJADO,RURAL,TRAMO RECTO,PLANA ,ASFALTADA,,,,,EN PROCESO DE INVESTIGACIÓN,NO CUENTA CON CAUSA ESPECIFICA,6
A-2021-11-175,2021-11-07,07:00,DESPISTE,1,0,1.0,LIMA,HUARAL,AUCALLAMA,RURAL,CARRETERA,PROVINCIAL,LM-685,-11.595899,-77.183451,DESPEJADO,RURAL,TRAMO RECTO,PLANA ,ASFALTADA,,,,,EN PROCESO DE INVESTIGACIÓN,NO CUENTA CON CAUSA ESPECIFICA,7
A-2021-11-126,2021-11-07,07:30,CHOQUE,1,0,1.0,PIURA,TALARA,PARIÑAS,RURAL,CARRETERA,DEPARTAMENTAL,PI-100,-4.5787018858657085,-81.25371330878743,DESPEJADO,RURAL,TRAMO RECTO,INCLINADA,ASFALTADA,,,,,EN PROCESO DE INVESTIGACIÓN,NO CUENTA CON CAUSA ESPECIFICA,7
A-2021-11-148,2021-11-07,10:40,ATROPELLO,1,0,0.0,LIMA,LIMA,LOS OLIVOS,URBANA,CARRETERA,NACIONAL,PE-1N,-11.9377688,-77.0718313,DESPEJADO,COMERCIAL,INTERSECCIÓN,PLANA ,ASFALTADA,,,,,EN PROCESO DE INVESTIGACIÓN,NO CUENTA CON CAUSA ESPECIFICA,10
A-2021-11-197,2021-11-07,14:00,DESPISTE,1,0,1.0,LAMBAYEQUE,CHICLAYO,NUEVA ARICA,RURAL,CARRETERA,NACIONAL,PE-1NI,-6.881456,-79.364877,DESPEJADO,RURAL,TRAMO RECTO,PLANA ,ASFALTADA,,,,,EN PROCESO DE INVESTIGACIÓN,NO CUENTA CON CAUSA ESPECIFICA,14
A-2021-11-151,2021-11-07,16:14,CHOQUE,1,0,0.0,LIMA,LIMA,SANTIAGO DE SURCO,URBANA,AVENIDA,URBANO,NO CORRESPONDE,-12.1285414,-76.9849656,DESPEJADO,RESIDENCIAL,INTERSECCIÓN,PLANA ,ASFALTADA,,,,,EN PROCESO DE INVESTIGACIÓN,NO CUENTA CON CAUSA ESPECIFICA,16
A-2021-11-149,2021-11-07,20:00,CHOQUE,1,0,0.0,LIMA,LIMA,LOS OLIVOS,URBANA,CARRETERA,NACIONAL,PE-1N,-11.9625772,-77.06838513,DESPEJADO,ESCOLAR,ÓVALO,PLANA ,ASFALTADA,,,,,EN PROCESO DE INVESTIGACIÓN,NO CUENTA CON CAUSA ESPECIFICA,20
A-2021-11-57,2021-11-07,20:00,DESPISTE,1,0,1.0,LA LIBERTAD,VIRU,VIRU,RURAL,CARRETERA,PROVINCIAL,LI-1144,-8.379761962603865,-78.67973731164133,DESPEJADO,RURAL,TRAMO RECTO,PLANA ,ASFALTADA,,,,,EN PROCESO DE INVESTIGACIÓN,NO CUENTA CON CAUSA ESPECIFICA,20
A-2021-11-78,2021-11-07,20:25,CHOQUE,1,1,3.0,LA LIBERTAD,ASCOPE,CHICAMA,RURAL,CARRETERA,NACIONAL,PE-1N,-7.97602,-79.080414,DESPEJADO,RURAL,TRAMO RECTO,PLANA ,ASFALTADA,,,,,IMPRUDENCIA DEL CONDUCTOR,NO ESTABLECER EL DERECHO DE PASO,20
A-2021-11-213,2021-11-08,02:45,CHOQUE FUGA,1,0,1.0,CAJAMARCA,JAEN,JAEN,URBANA,CARRETERA,NACIONAL,PE-5N,-5.72850235746191,-78.79640223986553,DESPEJADO,COMERCIAL,TRAMO RECTO,PLANA ,ASFALTADA,,,,,EN PROCESO DE INVESTIGACIÓN,NO CUENTA CON CAUSA ESPECIFICA,2
A-2021-11-14,2021-11-08,05:00,DESPISTE,2,2,1.0,ANCASH,POMABAMBA,POMABAMBA,RURAL,CARRETERA,SIN CLASIFICAR,SIN CLASIFICAR,-8.786975938978326,-77.51050281562338,LLUVIOSO,RURAL,CURVA,PLANA ,TROCHA,SI,INFORMATIVA (I),PREVENTIVA (P),NO,IMPRUDENCIA DEL CONDUCTOR,OTRO (IMPRUDENCIA DEL CONDUCTOR),5
A-2021-11-152,2021-11-08,06:30,CHOQUE,1,2,0.0,LIMA,LIMA,ATE,URBANA,CARRETERA,NACIONAL,PE-22,-12.006873185625013,-76.8523680755825,DESPEJADO,RESIDENCIAL,TRAMO RECTO,PLANA ,ASFALTADA,,,,,EN PROCESO DE INVESTIGACIÓN,NO CUENTA CON CAUSA ESPECIFICA,6
A-2021-11-77,2021-11-08,10:00,DESPISTE,1,0,1.0,LA LIBERTAD,SANCHEZ CARRION,HUAMACHUCO,RURAL,CARRETERA,NACIONAL,PE-10B,-7.79029,-77.96874,DESPEJADO,RURAL,TRAMO RECTO,PLANA ,TROCHA,,,,,EN PROCESO DE INVESTIGACIÓN,NO CUENTA CON CAUSA ESPECIFICA,10
A-2021-11-11,2021-11-08,12:40,ATROPELLO FUGA,1,0,0.0,LIMA,LIMA,SAN MIGUEL,URBANA,AVENIDA,URBANO,NO CORRESPONDE,-12.061559236169526,-77.08750324599814,DESPEJADO,INDUSTRIAL,TRAMO RECTO,PLANA ,ASFALTADA,NO,,,SI,EN PROCESO DE INVESTIGACIÓN,NO CUENTA CON CAUSA ESPECIFICA,12
A-2021-11-79,2021-11-08,16:20,DESPISTE,1,10,1.0,LA LIBERTAD,ASCOPE,CHICAMA,RURAL,CARRETERA,NACIONAL,PE-1N,-7.908891,-79.116131,DESPEJADO,RURAL,TRAMO RECTO,PLANA ,ASFALTADA,,,,,EN PROCESO DE INVESTIGACIÓN,NO CUENTA CON CAUSA ESPECIFICA,16
A-2021-11-153,2021-11-09,05:30,ATROPELLO,1,0,0.0,LIMA,LIMA,SAN JUAN DE LURIGANCHO,URBANA,AVENIDA,URBANO,NO CORRESPONDE,-11.941629,-76.999188,DESPEJADO,INDUSTRIAL,INTERSECCIÓN,PLANA ,ASFALTADA,,,,,EN PROCESO DE INVESTIGACIÓN,NO CUENTA CON CAUSA ESPECIFICA,5
A-2021-11-210,2021-11-09,14:45,CHOQUE,1,2,2.0,SAN MARTIN,SAN MARTIN,LA BANDA DE SHILCAYO,RURAL,AVENIDA,URBANO,NO CORRESPONDE,-6.5247283,-76.3603705,DESPEJADO,RURAL,TRAMO RECTO,PLANA ,ASFALTADA,,,,,IMPRUDENCIA DEL CONDUCTOR,CONDUCIR EN ESTADO DE EBRIEDAD Y/O DROGADICCIÓN,14
A-2021-11-23,2021-11-09,22:40,DESPISTE,2,0,1.0,CAJAMARCA,HUALGAYOC,BAMBAMARCA,RURAL,CARRETERA,PROVINCIAL,CA-965,-6.59445671,-78.44585445,DESPEJADO,RURAL,CURVA,PLANA ,AFIRMADO,,,,,NEGLIGENCIA DEL CONDUCTOR,OTRO (NEGLIGENCIA DEL CONDUCTOR),22
A-2021-11-17,2021-11-10,03:20,ATROPELLO,1,0,1.0,PUNO,SAN ROMAN,CARACOTO,RURAL,CARRETERA,NACIONAL,PE-3S,-15.5458888,-70.1103135,DESPEJADO,RURAL,TRAMO RECTO,PLANA ,ASFALTADA,NO,,,SI,IMPRUDENCIA DEL CONDUCTOR,CONDUCIR EN SENTIDO CONTRARIO,3
A-2021-11-133,2021-11-10,11:00,DESPISTE,1,0,,PIURA,TALARA,LOS ORGANOS,URBANA,CALLE,URBANO,NO CORRESPONDE,-4.175174097137863,-81.12767516429419,SOLEADO,COMERCIAL,TRAMO RECTO,PLANA ,CONCRETO,,,,,EN PROCESO DE INVESTIGACIÓN,NO CUENTA CON CAUSA ESPECIFICA,11
A-2021-11-101,2021-11-10,17:30,DESPISTE,1,0,1.0,CUSCO,ANTA,LIMATAMBO,RURAL,CARRETERA,NACIONAL,PE-3S,-13.461079,-72.410298,DESPEJADO,RURAL,CURVA,PLANA ,ASFALTADA,,,,,IMPRUDENCIA DEL CONDUCTOR,EXCESO DE VELOCIDAD,17
A-2021-11-154,2021-11-10,19:15,ATROPELLO,1,0,0.0,LIMA,LIMA,SAN JUAN DE LURIGANCHO,URBANA,AVENIDA,URBANO,NO CORRESPONDE,-12.019140078335292,-76.95220124037239,DESPEJADO,INDUSTRIAL,INTERSECCIÓN,PLANA ,ASFALTADA,,,,,EN PROCESO DE INVESTIGACIÓN,NO CUENTA CON CAUSA ESPECIFICA,19
A-2021-11-108,2021-11-11,03:55,DESPISTE,1,0,1.0,CUSCO,CANCHIS,MARANGANI,RURAL,CARRETERA,NACIONAL,PE-3S,-14.361736303383893,-71.16063313725412,DESPEJADO,RURAL,TRAMO RECTO,PLANA ,ASFALTADA,,,,,IMPRUDENCIA DEL CONDUCTOR,EXCESO DE VELOCIDAD,3
A-2021-11-127,2021-11-11,03:55,DESPISTE,1,0,1.0,CUSCO,URUBAMBA,OLLANTAYTAMBO,RURAL,CARRETERA,NACIONAL,PE-28B,-13.171462802840676,-72.28498423266853,LLUVIOSO,RURAL,CURVA,INCLINADA,ASFALTADA,,,,,IMPRUDENCIA DEL CONDUCTOR,EXCESO DE VELOCIDAD,3
A-2021-11-198,2021-11-11,22:00,DESPISTE,1,0,1.0,CAJAMARCA,JAEN,COLASAY,RURAL,CARRETERA,PROVINCIAL,CA-674,-5.9722404366129975,-79.06092699396477,DESPEJADO,RURAL,TRAMO RECTO,PLANA ,ASFALTADA,SI,PREVENTIVA (P),INFORMATIVA (I),NO,EN PROCESO DE INVESTIGACIÓN,NO CUENTA CON CAUSA ESPECIFICA,22
A-2021-11-199,2021-11-11,23:00,ATROPELLO,1,0,1.0,LAMBAYEQUE,CHICLAYO,MONSEFU,RURAL,CARRETERA,NACIONAL,PE-1N,-6.8499306,-79.8274704,DESPEJADO,RURAL,TRAMO RECTO,PLANA ,ASFALTADA,,,,,EN PROCESO DE INVESTIGACIÓN,NO CUENTA CON CAUSA ESPECIFICA,23
A-2021-11-155,2021-11-12,03:20,DESPISTE,1,0,1.0,LIMA,LIMA,LOS OLIVOS,URBANA,OTRO,URBANO,NO CORRESPONDE,-11.97728917764712,-77.06677953239885,DESPEJADO,COMERCIAL,ÓVALO,PLANA ,ASFALTADA,,,,,EN PROCESO DE INVESTIGACIÓN,NO CUENTA CON CAUSA ESPECIFICA,3
A-2021-11-41,2021-11-12,12:00,CHOQUE,1,2,2.0,AREQUIPA,ISLAY,COCACHACRA,URBANA,CARRETERA,PROVINCIAL,AR-831,-17.103822,-71.782555,DESPEJADO,RESIDENCIAL,TRAMO RECTO,INCLINADA,ASFALTADA,SI,REGULADORA (R),PREVENTIVA (P),SI,EN PROCESO DE INVESTIGACIÓN,NO CUENTA CON CAUSA ESPECIFICA,12
A-2021-11-156,2021-11-12,15:10,DESPISTE,1,0,0.0,LIMA,LIMA,SAN MARTIN DE PORRES,URBANA,CARRETERA,NACIONAL,PE-1N,-12.03548,-77.04769,DESPEJADO,COMERCIAL,PUENTE,PLANA ,ASFALTADA,,,,,EN PROCESO DE INVESTIGACIÓN,NO CUENTA CON CAUSA ESPECIFICA,15
A-2021-11-231,2021-11-12,17:00,CHOQUE,1,1,2.0,AREQUIPA,CARAVELI,ACARI,RURAL,CARRETERA,NACIONAL,PE-1S,-15.6403496,-74.6205816,DESPEJADO,RURAL,TRAMO RECTO,INCLINADA,ASFALTADA,,,,,EN PROCESO DE INVESTIGACIÓN,NO CUENTA CON CAUSA ESPECIFICA,17
A-2021-11-158,2021-11-12,19:30,ATROPELLO FUGA,1,0,0.0,LIMA,LIMA,PUCUSANA,URBANA,CARRETERA,NACIONAL,PE-1S,-12.460258,-76.752788,DESPEJADO,RESIDENCIAL,TRAMO RECTO,PLANA ,ASFALTADA,,,,,EN PROCESO DE INVESTIGACIÓN,NO CUENTA CON CAUSA ESPECIFICA,19
A-2021-11-157,2021-11-12,19:45,ATROPELLO,1,0,0.0,LIMA,LIMA,LOS OLIVOS,URBANA,AVENIDA,URBANO,NO CORRESPONDE,-11.937184,-77.07225,DESPEJADO,COMERCIAL,TRAMO RECTO,PLANA ,ASFALTADA,,,,,EN PROCESO DE INVESTIGACIÓN,NO CUENTA CON CAUSA ESPECIFICA,19
A-2021-11-18,2021-11-13,04:20,CHOQUE,3,1,2.0,ICA,NASCA,VISTA ALEGRE,RURAL,CARRETERA,NACIONAL,PE-1S,-14.900542673578514,-74.9836313041812,DESPEJADO,RURAL,TRAMO RECTO,PLANA ,ASFALTADA,,,,,EN PROCESO DE INVESTIGACIÓN,NO CUENTA CON CAUSA ESPECIFICA,4
A-2021-11-159,2021-11-13,10:50,ATROPELLO FUGA,1,0,0.0,LIMA,LIMA,SANTA ANITA,URBANA,AVENIDA,URBANO,NO CORRESPONDE,-12.0342431,-76.9438968,DESPEJADO,COMERCIAL,INTERSECCIÓN,PLANA ,ASFALTADA,,,,,EN PROCESO DE INVESTIGACIÓN,NO CUENTA CON CAUSA ESPECIFICA,10
A-2021-11-160,2021-11-13,18:05,DESPISTE,1,0,1.0,LIMA,LIMA,SANTA ANITA,URBANA,AVENIDA,URBANO,NO CORRESPONDE,-12.040805777705948,-76.96285768063521,DESPEJADO,COMERCIAL,INTERSECCIÓN,PLANA ,ASFALTADA,,,,,EN PROCESO DE INVESTIGACIÓN,NO CUENTA CON CAUSA ESPECIFICA,18
A-2021-11-66,2021-11-13,21:15,CHOQUE,3,2,2.0,LIMA,HUAURA,VEGUETA,RURAL,CARRETERA,NACIONAL,PE-1N,-10.921073,-77.655477,DESPEJADO,RURAL,INTERSECCIÓN,PLANA ,ASFALTADA,,,,,IMPRUDENCIA DEL CONDUCTOR,EXCESO DE VELOCIDAD,21
A-2021-11-80,2021-11-13,22:15,CHOQUE,1,1,2.0,LA LIBERTAD,PACASMAYO,PACASMAYO,RURAL,AVENIDA,URBANO,NO CORRESPONDE,-7.400035389838204,-79.56347156684272,DESPEJADO,RURAL,INTERSECCIÓN,PLANA ,ASFALTADA,,,,,IMPRUDENCIA DEL CONDUCTOR,NO ESTABLECER EL DERECHO DE PASO,22
A-2021-11-128,2021-11-14,00:30,ATROPELLO FUGA,1,0,,PIURA,PIURA,CATACAOS,URBANA,CARRETERA,NACIONAL,PE-1NK,-5.263178,-80.669254,DESPEJADO,COMERCIAL,TRAMO RECTO,PLANA ,ASFALTADA,,,,,EN PROCESO DE INVESTIGACIÓN,NO CUENTA CON CAUSA ESPECIFICA,0
A-2021-11-208,2021-11-14,01:00,CHOQUE,1,0,2.0,LAMBAYEQUE,LAMBAYEQUE,OLMOS,URBANA,OTRO,URBANO,NO CORRESPONDE,-5.988739,-79.748139,DESPEJADO,RESIDENCIAL,INTERSECCIÓN,PLANA ,ASFALTADA,,,,,EN PROCESO DE INVESTIGACIÓN,NO CUENTA CON CAUSA ESPECIFICA,1
A-2021-11-21,2021-11-14,02:30,CHOQUE FUGA,1,0,,LORETO,LORETO,NAUTA,RURAL,CARRETERA,DEPARTAMENTAL,LO-103,-4.385136967768439,-73.56660020112915,,,,,,,,,,EN PROCESO DE INVESTIGACIÓN,NO CUENTA CON CAUSA ESPECIFICA,2
A-2021-11-22,2021-11-14,04:50,DESPISTE,1,0,,LORETO,MAYNAS,IQUITOS,URBANA,AVENIDA,URBANO,NO CORRESPONDE,-3.756951895267748,-73.25141780658379,,,,,,,,,,EN PROCESO DE INVESTIGACIÓN,NO CUENTA CON CAUSA ESPECIFICA,4
A-2021-11-44,2021-11-14,06:40,CHOQUE,1,1,2.0,CAJAMARCA,SAN MIGUEL,SAN MIGUEL,RURAL,CARRETERA,DEPARTAMENTAL,CA-100,-7.0224847,-78.90122152,DESPEJADO,RURAL,TRAMO RECTO,INCLINADA,AFIRMADO,,,,,IMPRUDENCIA DEL CONDUCTOR,ADELANTAR INDEBIDAMENTE,6
A-2021-11-16,2021-11-14,11:00,DESPISTE,1,2,1.0,HUANCAVELICA,ANGARAES,SECCLLA,RURAL,CARRETERA,PROVINCIAL,HV-866,-13.042851,-74.504639,DESPEJADO,RURAL,SINUOSA,PLANA ,AFIRMADO,SI,PREVENTIVA (P),,NO,EN PROCESO DE INVESTIGACIÓN,NO CUENTA CON CAUSA ESPECIFICA,11