codigo_siniestro,fecha_siniestro,hora_siniestro,clase_siniestro,cantidad_fallecidos,cantidad_lesionados,cantidad_vehiculos_danados,departamento,provincia,distrito,zona,tipo_via,red_vial,cod_carretera,latitud,longitud,condicion_climatica,zonificacion,caracteristicas_via,perfil_longitudinal_via,superficie_calzada,existe_senal_vertical,clasificacion_senal_vertical_1,clasificacion_senal_vertical_2,existe_senal_horizontal,causa_factor_principal,causa_especifica,hora_del_dia
A-2021-12-99,2021-12-08,06:30,CHOQUE,1,0,2.0,UCAYALI,CORONEL PORTILLO,YARINACOCHA,RURAL,CARRETERA,NACIONAL,PE-18C,-8.40977,-74.650205,DESPEJADO,RURAL,TRAMO RECTO,PLANA ,ASFALTADA,SI,REGULADORA (R),,NO,IMPRUDENCIA DEL CONDUCTOR,CONDUCIR EN SENTIDO CONTRARIO,6
A-2021-12-238,2021-12-08,07:20,VOLCADURA,1,0,2.0,SAN MARTIN,SAN MARTIN,LA BANDA DE SHILCAYO,RURAL,CARRETERA,NACIONAL,PE-5NB,-6.42122732,-76.291237,DESPEJADO,RURAL,CURVA,INCLINADA,ASFALTADA,SI,PREVENTIVA (P),,SI,IMPRUDENCIA DEL CONDUCTOR,EXCESO DE VELOCIDAD,7
A-2021-12-216,2021-12-08,10:00,CAÍDA DE PASAJERO,1,0,0.0,LIMA,LIMA,VILLA MARIA DEL TRIUNFO,URBANA,JIRÓN,URBANO,NO CORRESPONDE,-12.183116,-76.924735,SOLEADO,RESIDENCIAL,TRAMO RECTO,PLANA ,ASFALTADA,,,,,EN PROCESO DE INVESTIGACIÓN,NO CUENTA CON CAUSA ESPECIFICA,10
A-2021-12-26,2021-12-08,15:30,DESPISTE,2,2,1.0,ICA,ICA,YAUCA DEL ROSARIO,RURAL,CARRETERA,DEPARTAMENTAL,IC-107,-14.1745787,-75.5859515,SOLEADO,RURAL,TRAMO RECTO,PLANA ,TROCHA,,,,,EN PROCESO DE INVESTIGACIÓN,NO CUENTA CON CAUSA ESPECIFICA,15
A-2021-12-66,2021-12-08,19:50,ATROPELLO,1,1,,LORETO,MAYNAS,IQUITOS,URBANA,AVENIDA,URBANO,NO CORRESPONDE,-3.731932130476979,-73.25876824469772,,,,,,,,,,EN PROCESO DE INVESTIGACIÓN,NO CUENTA CON CAUSA ESPECIFICA,19
A-2021-12-9,2021-12-09,04:22,ATROPELLO FUGA,1,0,0.0,PUNO,PUNO,PAUCARCOLLA,RURAL,CARRETERA,NACIONAL,PE-3S,-15.752785753272578,-70.05233133972958,DESPEJADO,RURAL,TRAMO RECTO,PLANA ,ASFALTADA,SI,REGULADORA (R),,SI,EN PROCESO DE INVESTIGACIÓN,NO CUENTA CON CAUSA ESPECIFICA,4
A-2021-12-70,2021-12-09,18:00,CHOQUE,1,1,,LORETO,MAYNAS,SAN JUAN BAUTISTA,URBANA,CARRETERA,DEPARTAMENTAL,LO-103,-3.766726217229544,-73.27312225655557,,,,,,,,,,EN PROCESO DE INVESTIGACIÓN,NO CUENTA CON CAUSA ESPECIFICA,18
A-2021-12-23,2021-12-09,23:30,DESPISTE,1,2,1.0,APURIMAC,ANDAHUAYLAS,SANTA MARIA DE CHICMO,RURAL,CARRETERA,NACIONAL,PE-3S,-13.611073,-73.575278,NUBLADO,RURAL,TRAMO RECTO,PLANA ,ASFALTADA,,,,,IMPRUDENCIA DEL CONDUCTOR,EXCESO DE VELOCIDAD,23
A-2021-12-154,2021-12-10,01:00,DESPISTE,1,2,1.0,LIMA,LIMA,BARRANCO,URBANA,OTRO,URBANO,NO CORRESPONDE,-12.153688218841218,-77.02474408850549,DESPEJADO,RESIDENCIAL,TRAMO RECTO,INCLINADA,ASFALTADA,,,,,EN PROCESO DE INVESTIGACIÓN,NO CUENTA CON CAUSA ESPECIFICA,1
A-2021-12-11,2021-12-10,01:30,ATROPELLO,1,0,1.0,PUNO,EL COLLAO,ILAVE,RURAL,CARRETERA,NACIONAL,PE-3S,-16.08053640545883,-69.65219393210701,DESPEJADO,RURAL,TRAMO RECTO,PLANA ,ASFALTADA,,,,,IMPRUDENCIA DEL PEATÓN,CRUCE INDEBIDO POR LA CALZADA,1
A-2021-12-12,2021-12-10,02:00,ATROPELLO FUGA,1,0,1.0,AREQUIPA,AREQUIPA,LA JOYA,URBANA,CARRETERA,NACIONAL,PE-1S,-16.569711312640678,-71.8303789791813,DESPEJADO,RESIDENCIAL,TRAMO RECTO,PLANA ,ASFALTADA,,,,,EN PROCESO DE INVESTIGACIÓN,NO CUENTA CON CAUSA ESPECIFICA,2
A-2021-12-51,2021-12-10,13:30,ATROPELLO FUGA,1,2,1.0,LA LIBERTAD,TRUJILLO,HUANCHACO,RURAL,CARRETERA,NACIONAL,PE-1N,-8.002536,-79.071728,DESPEJADO,RURAL,TRAMO RECTO,PLANA ,ASFALTADA,,,,,IMPRUDENCIA DEL CONDUCTOR,FATIGA Y/O CANSANCIO,13
A-2021-12-155,2021-12-10,16:40,CAÍDA DE PASAJERO,1,0,0.0,LIMA,LIMA,VILLA MARIA DEL TRIUNFO,URBANA,AVENIDA,URBANO,NO CORRESPONDE,-12.166162,-76.952253,SOLEADO,ESCOLAR,TRAMO RECTO,PLANA ,ASFALTADA,,,,,EN PROCESO DE INVESTIGACIÓN,NO CUENTA CON CAUSA ESPECIFICA,16
A-2021-12-204,2021-12-10,19:20,ATROPELLO FUGA,1,0,,LIMA,BARRANCA,SUPE,RURAL,CARRETERA,NACIONAL,PE-1N,-10.858267596199711,-77.69031756830302,DESPEJADO,RURAL,TRAMO RECTO,PLANA ,ASFALTADA,,,,,EN PROCESO DE INVESTIGACIÓN,NO CUENTA CON CAUSA ESPECIFICA,19
A-2021-12-29,2021-12-10,20:00,DESPISTE,1,1,1.0,PIURA,AYABACA,AYABACA,RURAL,CARRETERA,NACIONAL,PE-1NT,-4.654003900781257,-79.73730502191634,LLUVIOSO,RURAL,CURVA,INCLINADA,AFIRMADO,,,,,EN PROCESO DE INVESTIGACIÓN,NO CUENTA CON CAUSA ESPECIFICA,20
A-2021-12-53,2021-12-11,09:00,CHOQUE,1,0,2.0,LA LIBERTAD,SANCHEZ CARRION,SARIN,RURAL,CARRETERA,PROVINCIAL,LI-907,-7.911865,-77.903236,DESPEJADO,RURAL,TRAMO RECTO,PLANA ,AFIRMADO,,,,,IMPRUDENCIA DEL CONDUCTOR,INVASIÓN DE CARRIL,9
A-2021-12-156,2021-12-11,12:50,ATROPELLO,1,0,0.0,LIMA,LIMA,LOS OLIVOS,URBANA,AVENIDA,URBANO,NO CORRESPONDE,-12.006545,-77.082327,SOLEADO,RESIDENCIAL,INTERSECCIÓN,PLANA ,ASFALTADA,,,,,EN PROCESO DE INVESTIGACIÓN,NO CUENTA CON CAUSA ESPECIFICA,12
A-2021-12-24,2021-12-11,16:30,CHOQUE,1,2,1.0,PIURA,SULLANA,QUERECOTILLO,RURAL,CARRETERA,NACIONAL,PE-1NN,-4.836912863178541,-80.65014654787663,DESPEJADO,RURAL,TRAMO RECTO,PLANA ,ASFALTADA,,,,,EN PROCESO DE INVESTIGACIÓN,NO CUENTA CON CAUSA ESPECIFICA,16
A-2021-12-157,2021-12-11,21:30,CHOQUE,1,7,2.0,LIMA,LIMA,VILLA EL SALVADOR,URBANA,CARRETERA,NACIONAL,PE-1S,-12.1951485,-76.9727995,DESPEJADO,RESIDENCIAL,TRAMO RECTO,PLANA ,ASFALTADA,,,,,EN PROCESO DE INVESTIGACIÓN,NO CUENTA CON CAUSA ESPECIFICA,21
A-2021-12-147,2021-12-12,00:10,CAÍDA DE PASAJERO,1,0,0.0,PUNO,SAN ROMAN,JULIACA,URBANA,CARRETERA,NACIONAL,PE-3S,-15.466688,-70.138269,DESPEJADO,COMERCIAL,INTERSECCIÓN,PLANA ,ASFALTADA,,,,,IMPRUDENCIA DEL CONDUCTOR,EXCESO DE VELOCIDAD,0
A-2021-12-30,2021-12-12,02:00,DESPISTE,1,0,1.0,AREQUIPA,AREQUIPA,AREQUIPA,URBANA,CALLE,URBANO,NO CORRESPONDE,-16.39678115171792,-71.54263681204017,DESPEJADO,RESIDENCIAL,TRAMO RECTO,INCLINADA,ADOQUINADO,,,,,EN PROCESO DE INVESTIGACIÓN,NO CUENTA CON CAUSA ESPECIFICA,2
A-2021-12-289,2021-12-12,04:00,DESPISTE,1,0,1.0,AREQUIPA,CONDESUYOS,CHUQUIBAMBA,RURAL,CARRETERA,DEPARTAMENTAL,AR-105,-15.836532580285567,-72.6581406225321,DESPEJADO,RURAL,SINUOSA,INCLINADA,ASFALTADA,,,,,EN PROCESO DE INVESTIGACIÓN,NO CUENTA CON CAUSA ESPECIFICA,4
A-2021-12-50,2021-12-12,04:25,DESPISTE,1,0,1.0,HUANCAVELICA,ACOBAMBA,ROSARIO,RURAL,CARRETERA,SIN CLASIFICAR,SIN CLASIFICAR,-12.762491056153,-74.5656884153541,DESPEJADO,RURAL,CURVA,PLANA ,AFIRMADO,SI,PREVENTIVA (P),,NO,EN PROCESO DE INVESTIGACIÓN,NO CUENTA CON CAUSA ESPECIFICA,4
A-2021-12-14,2021-12-12,07:40,DESPISTE,1,0,,CALLAO,CALLAO,CALLAO,URBANA,CARRETERA,NACIONAL,PE-20B,-12.041565034775047,-77.10440847210458,DESPEJADO,RURAL,TRAMO RECTO,PLANA ,ASFALTADA,,,,,EN PROCESO DE INVESTIGACIÓN,NO CUENTA CON CAUSA ESPECIFICA,7
A-2021-12-91,2021-12-12,09:00,ATROPELLO,1,0,1.0,LIMA,HUAURA,HUACHO,RURAL,CARRETERA,NACIONAL,PE-1N,-11.306502113545593,-77.48817080324059,SOLEADO,RURAL,TRAMO RECTO,PLANA ,ASFALTADA,,,,,IMPRUDENCIA DEL PEATÓN,CRUCE INDEBIDO POR LA CALZADA,9
A-2021-12-295,2021-12-12,13:25,DESPISTE,1,0,,LIMA,LIMA,LOS OLIVOS,URBANA,AVENIDA,URBANO,NO CORRESPONDE,-11.97059094851008,-77.07248371063332,,,,,,,,,,EN PROCESO DE INVESTIGACIÓN,NO CUENTA CON CAUSA ESPECIFICA,13
A-2021-12-57,2021-12-12,18:50,DESPISTE,1,0,1.0,LA LIBERTAD,TRUJILLO,SALAVERRY,URBANA,AVENIDA,URBANO,NO CORRESPONDE,-8.218302,-78.978789,DESPEJADO,INDUSTRIAL,INTERSECCIÓN,PLANA ,ASFALTADA,,,,,EN PROCESO DE INVESTIGACIÓN,NO CUENTA CON CAUSA ESPECIFICA,18
A-2021-12-286,2021-12-12,19:00,DESPISTE,4,0,1.0,AREQUIPA,CONDESUYOS,YANAQUIHUA,RURAL,CARRETERA,PROVINCIAL,AR-535,-15.780590725331528,-72.88359509567928,DESPEJADO,RURAL,CURVA,INCLINADA,TROCHA,,,,,EN PROCESO DE INVESTIGACIÓN,NO CUENTA CON CAUSA ESPECIFICA,19
A-2021-12-58,2021-12-12,19:00,DESPISTE,2,0,1.0,LA LIBERTAD,OTUZCO,SALPO,RURAL,CARRETERA,NACIONAL,PE-10A,-8.018895,-78.715078,DESPEJADO,RURAL,CURVA,INCLINADA,ASFALTADA,,,,,EN PROCESO DE INVESTIGACIÓN,NO CUENTA CON CAUSA ESPECIFICA,19
A-2021-12-127,2021-12-12,20:00,DESPISTE,1,0,1.0,PIURA,PIURA,PIURA,RURAL,CARRETERA,NACIONAL,PE-1N,-5.11873130880967,-80.7018813777461,DESPEJADO,COMERCIAL,TRAMO RECTO,PLANA ,ASFALTADA,,,,,EN PROCESO DE INVESTIGACIÓN,NO CUENTA CON CAUSA ESPECIFICA,20
A-2021-12-81,2021-12-12,22:00,CHOQUE,4,16,3.0,PUNO,HUANCANE,PUSI,RURAL,CARRETERA,NACIONAL,PE-34H,-15.40756,-70.0659119,DESPEJADO,RURAL,TRAMO RECTO,PLANA ,ASFALTADA,,,,,IMPRUDENCIA DEL CONDUCTOR,OTRO (IMPRUDENCIA DEL CONDUCTOR),22
A-2021-12-139,2021-12-13,03:00,DESPISTE,2,0,1.0,AYACUCHO,CANGALLO,PARAS,RURAL,CARRETERA,NACIONAL,PE-28A,-13.333705,-74.597611,LLUVIOSO,RURAL,CURVA,INCLINADA,ASFALTADA,SI,PREVENTIVA (P),PREVENTIVA (P),NO,INFRAESTRUCTURA Y ENTORNO VIAL,FACTOR AMBIENTAL,3
A-2021-12-68,2021-12-13,16:55,CHOQUE,1,0,2.0,LA LIBERTAD,VIRU,VIRU,RURAL,CARRETERA,NACIONAL,PE-1N,-8.423766875656197,-78.78223717052951,DESPEJADO,RURAL,TRAMO RECTO,PLANA ,ASFALTADA,,,,,IMPRUDENCIA DEL CONDUCTOR,ADELANTAR INDEBIDAMENTE,16
A-2021-12-148,2021-12-13,17:30,CHOQUE,1,1,2.0,PUNO,AZANGARO,SAMAN,RURAL,CARRETERA,SIN CLASIFICAR,SIN CLASIFICAR,-15.354542788072528,-70.02497785698304,DESPEJADO,RURAL,TRAMO RECTO,PLANA ,ASFALTADA,,,,,IMPRUDENCIA DEL CONDUCTOR,OTRO (IMPRUDENCIA DEL CONDUCTOR),17
A-2021-12-205,2021-12-13,19:50,ATROPELLO,1,0,1.0,LIMA,BARRANCA,SUPE,RURAL,CARRETERA,NACIONAL,PE-1N,-10.787009620009208,-77.7128743936837,DESPEJADO,RURAL,TRAMO RECTO,PLANA ,ASFALTADA,,,,,EN PROCESO DE INVESTIGACIÓN,NO CUENTA CON CAUSA ESPECIFICA,19
A-2021-12-158,2021-12-13,21:30,CHOQUE,1,0,2.0,LIMA,LIMA,CIENEGUILLA,URBANA,CALLE,URBANO,NO CORRESPONDE,-12.073099184950324,-76.87478182472802,DESPEJADO,RURAL,TRAMO RECTO,INCLINADA,TROCHA,,,,,EN PROCESO DE INVESTIGACIÓN,NO CUENTA CON CAUSA ESPECIFICA,21
A-2021-12-159,2021-12-14,06:50,CHOQUE,1,0,2.0,LIMA,LIMA,LOS OLIVOS,URBANA,CARRETERA,NACIONAL,PE-20F,-11.954954,-77.084784,DESPEJADO,RESIDENCIAL,INTERSECCIÓN,PLANA ,ASFALTADA,,,,,EN PROCESO DE INVESTIGACIÓN,NO CUENTA CON CAUSA ESPECIFICA,6
A-2021-12-35,2021-12-14,10:30,DESPISTE,1,1,1.0,TUMBES,TUMBES,SAN JACINTO,URBANA,CALLE,URBANO,NO CORRESPONDE,-3.657076361677861,-80.44771486098061,DESPEJADO,RURAL,TRAMO RECTO,PLANA ,ASFALTADA,,,,,IMPRUDENCIA DEL CONDUCTOR,EXCESO DE VELOCIDAD,10
A-2021-12-138,2021-12-14,11:00,DESPISTE,1,0,1.0,AYACUCHO,HUAMANGA,OCROS,RURAL,CARRETERA,PROVINCIAL,AY-942,-13.4270030742541,-73.8992032361863,DESPEJADO,RURAL,CURVA,INCLINADA,AFIRMADO,,,,,IMPRUDENCIA DEL CONDUCTOR,FATIGA Y/O CANSANCIO,11
A-2021-12-282,2021-12-14,21:00,ATROPELLO,1,0,1.0,AREQUIPA,CASTILLA,APLAO,RURAL,CARRETERA,DEPARTAMENTAL,AR-105,-16.055994998033942,-72.48721909347373,DESPEJADO,RURAL,CURVA,INCLINADA,ASFALTADA,,,,,EN PROCESO DE INVESTIGACIÓN,NO CUENTA CON CAUSA ESPECIFICA,21
A-2021-12-162,2021-12-15,09:30,DESPISTE,1,0,1.0,PUNO,SANDIA,CUYOCUYO,RURAL,CARRETERA,NACIONAL,PE-34H,-14.441577221899978,-69.53008537150941,SOLEADO,RURAL,TRAMO RECTO,PLANA ,ASFALTADA,,,,,IMPRUDENCIA DEL CONDUCTOR,OTRO (IMPRUDENCIA DEL CONDUCTOR),9
A-2021-12-37,2021-12-15,14:14,CHOQUE FUGA,1,3,2.0,AREQUIPA,ISLAY,ISLAY,RURAL,CARRETERA,NACIONAL,PE-34,-16.921667,-72.053889,NUBLADO,RURAL,CURVA,INCLINADA,ASFALTADA,SI,PREVENTIVA (P),PREVENTIVA (P),NO,EN PROCESO DE INVESTIGACIÓN,NO CUENTA CON CAUSA ESPECIFICA,14
A-2021-12-27,2021-12-15,17:00,CHOQUE,1,0,1.0,CALLAO,CALLAO,CALLAO,URBANA,AVENIDA,URBANO,NO CORRESPONDE,-12.017058066620036,-77.09289378582605,DESPEJADO,RESIDENCIAL,TRAMO RECTO,PLANA ,ASFALTADA,SI,REGULADORA (R),REGULADORA (R),SI,IMPRUDENCIA DEL CONDUCTOR,OTRO (IMPRUDENCIA DEL CONDUCTOR),17
A-2021-12-206,2021-12-15,19:40,VOLCADURA,1,0,1.0,LIMA,LIMA,CIENEGUILLA,URBANA,AVENIDA,URBANO,NO CORRESPONDE,-12.10018,-76.79166,DESPEJADO,RESIDENCIAL,TRAMO RECTO,PLANA ,ASFALTADA,,,,,EN PROCESO DE INVESTIGACIÓN,NO CUENTA CON CAUSA ESPECIFICA,19
A-2021-12-33,2021-12-15,19:50,ATROPELLO FUGA,1,0,1.0,ICA,NASCA,NASCA,RURAL,CARRETERA,NACIONAL,PE-1S,-14.819407482236658,-74.97213789560045,DESPEJADO,RURAL,TRAMO RECTO,PLANA ,ASFALTADA,,,,,EN PROCESO DE INVESTIGACIÓN,NO CUENTA CON CAUSA ESPECIFICA,19
A-2021-12-55,2021-12-16,00:40,CHOQUE,1,0,2.0,AREQUIPA,AREQUIPA,CERRO COLORADO,URBANA,CARRETERA,NACIONAL,PE-34A,-16.362821,-71.578105,DESPEJADO,COMERCIAL,TRAMO RECTO,PLANA ,ASFALTADA,NO,,,SI,EN PROCESO DE INVESTIGACIÓN,NO CUENTA CON CAUSA ESPECIFICA,0
A-2021-12-276,2021-12-16,01:21,VOLCADURA,1,0,,APURIMAC,AYMARAES,LUCRE,RURAL,CARRETERA,DEPARTAMENTAL,AP-107,-13.924061,-73.233873,,,,,,,,,,EN PROCESO DE INVESTIGACIÓN,NO CUENTA CON CAUSA ESPECIFICA,1
A-2021-12-281,2021-12-16,08:40,DESPISTE,1,0,1.0,AREQUIPA,CARAVELI,HUANUHUANU,RURAL,CARRETERA,PROVINCIAL,AR-510,-15.65924478381697,-74.0951974362041,DESPEJADO,RURAL,CURVA,INCLINADA,ASFALTADA,,,,,EN PROCESO DE INVESTIGACIÓN,NO CUENTA CON CAUSA ESPECIFICA,8
A-2021-12-124,2021-12-16,14:30,CHOQUE,1,0,1.0,PUNO,AZANGARO,SAMAN,RURAL,CARRETERA,SIN CLASIFICAR,SIN CLASIFICAR,-15.360108796566491,-70.04266428683378,DESPEJADO,RURAL,TRAMO RECTO,PLANA ,TROCHA,,,,,IMPRUDENCIA DEL CONDUCTOR,OTRO (IMPRUDENCIA DEL CONDUCTOR),14
A-2021-12-72,2021-12-16,17:00,ATROPELLO,1,0,1.0,LA LIBERTAD,TRUJILLO,LAREDO,RURAL,CARRETERA,NACIONAL,PE-10A,-8.021698,-78.838331,DESPEJADO,RURAL,TRAMO RECTO,PLANA ,ASFALTADA,,,,,IMPRUDENCIA DEL CONDUCTOR,GIRAR IMPRUDENTEMENTE,17
A-2021-12-207,2021-12-16,20:00,ATROPELLO,1,0,,LIMA,LIMA,PACHACAMAC,URBANA,AVENIDA,URBANO,NO CORRESPONDE,-12.108048,-76.875272,DESPEJADO,RESIDENCIAL,TRAMO RECTO,PLANA ,ASFALTADA,,,,,IMPRUDENCIA DEL CONDUCTOR,OTRO (IMPRUDENCIA DEL CONDUCTOR),20
A-2021-12-62,2021-12-17,07:00,DESPISTE,1,0,1.0,HUANCAVELICA,HUAYTARA,PILPICHACA,RURAL,CARRETERA,NACIONAL,PE-28A,-13.3680319,-74.9544355,DESPEJADO,RURAL,CURVA,INCLINADA,ASFALTADA,SI,PREVENTIVA (P),,SI,EN PROCESO DE INVESTIGACIÓN,NO CUENTA CON CAUSA ESPECIFICA,7
A-2021-12-73,2021-12-17,11:40,CHOQUE,2,0,2.0,LA LIBERTAD,SANCHEZ CARRION,HUAMACHUCO,RURAL,CARRETERA,NACIONAL,PE-3N,-7.874474,-78.115444,DESPEJADO,RURAL,TRAMO RECTO,PLANA ,AFIRMADO,,,,,IMPRUDENCIA DEL CONDUCTOR,CONDUCIR EN ESTADO DE EBRIEDAD Y/O DROGADICCIÓN,11
A-2021-12-129,2021-12-17,23:00,DESPISTE,1,2,2.0,PIURA,SECHURA,RINCONADA LLICUAR,URBANA,CARRETERA,PROVINCIAL,PI-1044,-5.4703957,-80.7676711,DESPEJADO,COMERCIAL,TRAMO RECTO,PLANA ,ASFALTADA,,,,,EN PROCESO DE INVESTIGACIÓN,NO CUENTA CON CAUSA ESPECIFICA,23
A-2021-12-132,2021-12-18,08:00,ATROPELLO,1,0,1.0,CUSCO,CUSCO,WANCHAQ,URBANA,AVENIDA,URBANO,NO CORRESPONDE,-13.52253811535192,-71.97189395976696,DESPEJADO,COMERCIAL,TRAMO RECTO,PLANA ,CONCRETO,SI,REGULADORA (R),PREVENTIVA (P),NO,IMPRUDENCIA DEL PEATÓN,ESTADO DE EBRIEDAD Y/O DROGADICCIÓN,8
A-2021-12-208,2021-12-18,12:40,CHOQUE,1,0,2.0,LIMA,LIMA,SAN MARTIN DE PORRES,URBANA,AVENIDA,URBANO,NO CORRESPONDE,-11.990701,-77.106933,SOLEADO,RESIDENCIAL,INTERSECCIÓN,PLANA ,ASFALTADA,,,,,EN PROCESO DE INVESTIGACIÓN,NO CUENTA CON CAUSA ESPECIFICA,12
A-2021-12-237,2021-12-18,17:45,CHOQUE,1,0,2.0,SAN MARTIN,LAMAS,TABALOSOS,RURAL,CARRETERA,NACIONAL,PE-5N,-6.38832,-76.62916,DESPEJADO,RURAL,TRAMO RECTO,PLANA ,ASFALTADA,NO,,,SI,IMPRUDENCIA DEL CONDUCTOR,EXCESO DE VELOCIDAD,17
A-2021-12-56,2021-12-18,20:00,ATROPELLO,1,0,1.0,AREQUIPA,AREQUIPA,JACOBO HUNTER,URBANA,CARRETERA,SIN CLASIFICAR,SIN CLASIFICAR,-16.433946,-71.553471,DESPEJADO,INDUSTRIAL,PUENTE,INCLINADA,ASFALTADA,SI,REGULADORA (R),REGULADORA (R),SI,EN PROCESO DE INVESTIGACIÓN,NO CUENTA CON CAUSA ESPECIFICA,20
A-2021-12-209,2021-12-18,20:20,CHOQUE,1,0,1.0,LIMA,LIMA,MIRAFLORES,URBANA,AVENIDA,URBANO,NO CORRESPONDE,-12.122383856206037,-77.00564673617936,DESPEJADO,RESIDENCIAL,TRAMO RECTO,PLANA ,ASFALTADA,,,,,EN PROCESO DE INVESTIGACIÓN,NO CUENTA CON CAUSA ESPECIFICA,20
A-2021-12-63,2021-12-18,22:00,DESPISTE,1,0,1.0,HUANCAVELICA,ACOBAMBA,ANTA,RURAL,CARRETERA,SIN CLASIFICAR,SIN CLASIFICAR,-12.843717,-74.617839,DESPEJADO,RURAL,CURVA,INCLINADA,CASCAJO/RIPIO,,,,,EN PROCESO DE INVESTIGACIÓN,NO CUENTA CON CAUSA ESPECIFICA,22
A-2021-12-92,2021-12-19,01:00,CHOQUE,1,1,2.0,LIMA,HUAURA,HUAURA,RURAL,CARRETERA,NACIONAL,PE-1NE,-11.07467669370586,-77.50771876853804,DESPEJADO,RURAL,TRAMO RECTO,PLANA ,ASFALTADA,SI,REGULADORA (R),REGULADORA (R),NO,IMPRUDENCIA DEL CONDUCTOR,EXCESO DE VELOCIDAD,1
A-2021-12-210,2021-12-19,02:45,CHOQUE,1,0,1.0,LIMA,LIMA,COMAS,URBANA,CARRETERA,NACIONAL,PE-1N,-11.93071,-77.07231,DESPEJADO,RESIDENCIAL,INTERSECCIÓN,PLANA ,ASFALTADA,,,,,EN PROCESO DE INVESTIGACIÓN,NO CUENTA CON CAUSA ESPECIFICA,2
A-2021-12-225,2021-12-19,03:15,DESPISTE,1,0,,LORETO,MAYNAS,BELEN,URBANA,AVENIDA,URBANO,NO CORRESPONDE,-3.771060994870189,-73.26379620710647,,,,,,,,,,EN PROCESO DE INVESTIGACIÓN,NO CUENTA CON CAUSA ESPECIFICA,3
A-2021-12-212,2021-12-19,05:30,ATROPELLO,1,0,0.0,LIMA,LIMA,VILLA EL SALVADOR,URBANA,AVENIDA,URBANO,NO CORRESPONDE,-12.21592,-76.935139,DESPEJADO,RESIDENCIAL,INTERSECCIÓN,PLANA ,ASFALTADA,,,,,EN PROCESO DE INVESTIGACIÓN,NO CUENTA CON CAUSA ESPECIFICA,5
A-2021-12-278,2021-12-19,05:45,CHOQUE,1,0,2.0,AREQUIPA,CARAVELI,CHAPARRA,RURAL,CARRETERA,NACIONAL,PE-1S,-15.924556166453849,-74.11293799237252,DESPEJADO,RURAL,TRAMO RECTO,PLANA ,AFIRMADO,,,,,EN PROCESO DE INVESTIGACIÓN,NO CUENTA CON CAUSA ESPECIFICA,5
A-2021-12-121,2021-12-19,12:00,DESPISTE,1,0,1.0,CUSCO,URUBAMBA,HUAYLLABAMBA,RURAL,CARRETERA,SIN CLASIFICAR,SIN CLASIFICAR,-13.337705615140656,-72.05723027700584,NUBLADO,RURAL,TRAMO RECTO,PLANA ,AFIRMADO,,,,,IMPRUDENCIA DEL CONDUCTOR,EXCESO DE VELOCIDAD,12
A-2021-12-52,2021-12-19,12:00,CHOQUE,1,0,2.0,ANCASH,YUNGAY,MANCOS,RURAL,CARRETERA,NACIONAL,PE-3N,-9.204923228231642,-77.6955183049935,SOLEADO,RURAL,CURVA,INCLINADA,ASFALTADA,SI,PREVENTIVA (P),PREVENTIVA (P),SI,IMPRUDENCIA DEL CONDUCTOR,INVASIÓN DE CARRIL,12
A-2021-12-67,2021-12-19,12:00,DESPISTE,1,0,,LORETO,MAYNAS,IQUITOS,URBANA,CALLE,URBANO,NO CORRESPONDE,-3.735641781281565,-73.24260413925239,,,,,,,,,,EN PROCESO DE INVESTIGACIÓN,NO CUENTA CON CAUSA ESPECIFICA,12
A-2021-12-280,2021-12-19,13:00,CHOQUE,2,0,2.0,AREQUIPA,CAMANA,QUILCA,RURAL,CARRETERA,NACIONAL,PE-1SD,-16.69516898840381,-72.45780429248134,DESPEJADO,RURAL,TRAMO RECTO,PLANA ,ASFALTADA,,,,,EN PROCESO DE INVESTIGACIÓN,NO CUENTA CON CAUSA ESPECIFICA,13
A-2021-12-236,2021-12-19,15:30,CHOQUE,4,0,2.0,SAN MARTIN,SAN MARTIN,JUAN GUERRA,RURAL,CARRETERA,NACIONAL,PE-5N,-6.57864,-76.32731,DESPEJADO,RURAL,TRAMO RECTO,PLANA ,ASFALTADA,SI,REGULADORA (R),,SI,IMPRUDENCIA DEL CONDUCTOR,CONDUCIR EN ESTADO DE EBRIEDAD Y/O DROGADICCIÓN,15
A-2021-12-149,2021-12-19,18:30,CHOQUE FUGA,1,0,2.0,PUNO,SAN ROMAN,SAN MIGUEL,URBANA,CARRETERA,NACIONAL,PE-34H,-15.468342,-70.109546,NUBLADO,COMERCIAL,INTERSECCIÓN,PLANA ,ASFALTADA,,,,,IMPRUDENCIA DEL CONDUCTOR,GIRAR IMPRUDENTEMENTE,18
A-2021-12-105,2021-12-19,21:20,CHOQUE,1,0,2.0,LA LIBERTAD,SANCHEZ CARRION,HUAMACHUCO,RURAL,CARRETERA,NACIONAL,PE-3N,-7.823078133059083,-78.05591943206889,DESPEJADO,RURAL,TRAMO RECTO,PLANA ,ASFALTADA,,,,,IMPRUDENCIA DEL CONDUCTOR,CONDUCIR EN ESTADO DE EBRIEDAD Y/O DROGADICCIÓN,21