codigo_siniestro,fecha_siniestro,hora_siniestro,clase_siniestro,cantidad_fallecidos,cantidad_lesionados,cantidad_vehiculos_danados,departamento,provincia,distrito,zona,tipo_via,red_vial,cod_carretera,latitud,longitud,condicion_climatica,zonificacion,caracteristicas_via,perfil_longitudinal_via,superficie_calzada,existe_senal_vertical,clasificacion_senal_vertical_1,clasificacion_senal_vertical_2,existe_senal_horizontal,causa_factor_principal,causa_especifica,hora_del_dia
A-2022-01-59,2022-01-10,07:45,DESPISTE,1,0,1.0,AREQUIPA,AREQUIPA,CAYMA,RURAL,CARRETERA,PROVINCIAL,AR-753,-16.2819103,-71.475033,NUBLADO,RURAL,TRAMO RECTO,INCLINADA,ASFALTADA,NO,,,SI,EN PROCESO DE INVESTIGACIÓN,NO CUENTA CON CAUSA ESPECIFICA,7
A-2022-01-120,2022-01-10,08:25,DESPISTE,1,0,0.0,LIMA,LIMA,SANTIAGO DE SURCO,URBANA,CARRETERA,NACIONAL,PE-1S,-12.124371627362988,-76.97719929375269,DESPEJADO,RESIDENCIAL,INTERSECCIÓN,PLANA ,ASFALTADA,,,,,EN PROCESO DE INVESTIGACIÓN,NO CUENTA CON CAUSA ESPECIFICA,8
A-2022-01-319,2022-01-10,10:30,CHOQUE,1,0,,ANCASH,SANTA,NUEVO CHIMBOTE,URBANA,CARRETERA,NACIONAL,PE-1N,-9.152771,-78.50487,DESPEJADO,RESIDENCIAL,TRAMO RECTO,PLANA ,ASFALTADA,,,,,EN PROCESO DE INVESTIGACIÓN,NO CUENTA CON CAUSA ESPECIFICA,10
A-2022-01-20,2022-01-10,14:15,DESPISTE,1,0,1.0,PUNO,EL COLLAO,ILAVE,RURAL,CARRETERA,PROVINCIAL,PU-1152,-16.035396607584524,-69.57523015013945,DESPEJADO,RURAL,SINUOSA,INCLINADA,ASFALTADA,,,,,IMPRUDENCIA DEL CONDUCTOR,OTRO (IMPRUDENCIA DEL CONDUCTOR),14
A-2022-01-193,2022-01-10,15:00,ATROPELLO,1,0,1.0,LIMA,HUAURA,SAYAN,RURAL,CARRETERA,NACIONAL,PE-18,-11.187992887222167,-77.30319548992247,DESPEJADO,RURAL,TRAMO RECTO,PLANA ,ASFALTADA,,,,,IMPRUDENCIA DEL PEATÓN,ESTADO DE EBRIEDAD Y/O DROGADICCIÓN,15
A-2022-01-232,2022-01-10,17:00,CHOQUE,2,1,2.0,CUSCO,ESPINAR,CONDOROMA,RURAL,CARRETERA,NACIONAL,PE-34J,-15.246490395905036,-71.1512566787835,DESPEJADO,RURAL,CURVA,PLANA ,ASFALTADA,SI,PREVENTIVA (P),INFORMATIVA (I),NO,IMPRUDENCIA DEL CONDUCTOR,EXCESO DE VELOCIDAD,17
A-2022-01-211,2022-01-11,03:55,ATROPELLO,1,0,1.0,LAMBAYEQUE,CHICLAYO,MONSEFU,RURAL,CARRETERA,DEPARTAMENTAL,LA-115,-6.8820991,-79.9012933,DESPEJADO,RURAL,TRAMO RECTO,PLANA ,ASFALTADA,,,,,EN PROCESO DE INVESTIGACIÓN,NO CUENTA CON CAUSA ESPECIFICA,3
A-2022-01-320,2022-01-11,04:30,CHOQUE,1,1,,ANCASH,CASMA,CASMA,URBANA,CARRETERA,NACIONAL,PE-1N,-9.47325,-78.30741,DESPEJADO,COMERCIAL,INTERSECCIÓN,PLANA ,ASFALTADA,,,,,EN PROCESO DE INVESTIGACIÓN,NO CUENTA CON CAUSA ESPECIFICA,4
A-2022-01-344,2022-01-11,11:50,CHOQUE,1,0,2.0,TACNA,TACNA,TACNA,RURAL,CARRETERA,NACIONAL,PE-1S,-18.164303256503395,-70.3355345977059,DESPEJADO,RURAL,TRAMO RECTO,PLANA ,ASFALTADA,,,,,IMPRUDENCIA DEL CONDUCTOR,EXCESO DE VELOCIDAD,11
A-2022-01-31,2022-01-11,19:00,ATROPELLO FUGA,1,0,0.0,PUNO,EL COLLAO,ILAVE,RURAL,CARRETERA,PROVINCIAL,PU-1166,-16.084886777850674,-69.61735716907411,DESPEJADO,RURAL,TRAMO RECTO,PLANA ,AFIRMADO,,,,,EN PROCESO DE INVESTIGACIÓN,NO CUENTA CON CAUSA ESPECIFICA,19
A-2022-01-121,2022-01-12,02:00,CHOQUE CON OBJETO FIJO,1,0,1.0,LIMA,LIMA,EL AGUSTINO,URBANA,AUTOPISTA,URBANO,NO CORRESPONDE,-12.0306282,-76.9945093,DESPEJADO,INDUSTRIAL,INTERSECCIÓN,PLANA ,ASFALTADA,,,,,IMPRUDENCIA DEL CONDUCTOR,VEHÍCULO MAL ESTACIONADO,2
A-2022-01-37,2022-01-12,12:10,VOLCADURA,1,1,1.0,TUMBES,TUMBES,TUMBES,URBANA,AVENIDA,URBANO,NO CORRESPONDE,-3.581578226796995,-80.41127983121075,DESPEJADO,RURAL,CURVA,PLANA ,ASFALTADA,,,,,IMPRUDENCIA DEL CONDUCTOR,EXCESO DE VELOCIDAD,12
A-2022-01-83,2022-01-12,13:50,DESPISTE,1,1,1.0,HUANCAVELICA,TAYACAJA,QUICHUAS,RURAL,CARRETERA,NACIONAL,PE-3S,-12.496579,-74.720855,DESPEJADO,RURAL,CURVA,INCLINADA,ASFALTADA,SI,PREVENTIVA (P),,NO,EN PROCESO DE INVESTIGACIÓN,NO CUENTA CON CAUSA ESPECIFICA,13
A-2022-01-212,2022-01-12,17:10,DESPISTE,1,2,1.0,LAMBAYEQUE,CHICLAYO,MONSEFU,RURAL,CARRETERA,DEPARTAMENTAL,LA-115,-6.882256,-79.902413,SOLEADO,RURAL,TRAMO RECTO,PLANA ,ASFALTADA,,,,,EN PROCESO DE INVESTIGACIÓN,NO CUENTA CON CAUSA ESPECIFICA,17
A-2022-01-213,2022-01-12,20:22,ATROPELLO,1,0,1.0,LAMBAYEQUE,CHICLAYO,LAGUNAS,RURAL,CARRETERA,NACIONAL,PE-1N,-6.929354736645017,-79.73863542845908,DESPEJADO,RURAL,TRAMO RECTO,PLANA ,ASFALTADA,,,,,EN PROCESO DE INVESTIGACIÓN,NO CUENTA CON CAUSA ESPECIFICA,20
A-2022-01-335,2022-01-13,00:20,CHOQUE,1,0,2.0,ICA,CHINCHA,ALTO LARAN,URBANA,CARRETERA,NACIONAL,PE-1S,-13.4441628,-76.1355111,DESPEJADO,COMERCIAL,TRAMO RECTO,PLANA ,ASFALTADA,,,,,NEGLIGENCIA DEL CONDUCTOR,OTRO (NEGLIGENCIA DEL CONDUCTOR),0
A-2022-01-249,2022-01-13,04:30,ATROPELLO FUGA,1,0,,CUSCO,ANTA,ANTA,URBANA,CARRETERA,NACIONAL,PE-3S,-13.465644673047192,-72.14040684030022,DESPEJADO,COMERCIAL,CURVA,PLANA ,ASFALTADA,,,,,IMPRUDENCIA DEL CONDUCTOR,EXCESO DE VELOCIDAD,4
A-2022-01-114,2022-01-13,07:12,CHOQUE,2,2,2.0,PIURA,HUANCABAMBA,HUARMACA,RURAL,CARRETERA,NACIONAL,PE-04B,-5.883344,-79.537538,DESPEJADO,RURAL,TRAMO RECTO,INCLINADA,ASFALTADA,,,,,EN PROCESO DE INVESTIGACIÓN,NO CUENTA CON CAUSA ESPECIFICA,7
A-2022-01-34,2022-01-13,08:20,CHOQUE,1,0,2.0,PUNO,EL COLLAO,ILAVE,RURAL,CARRETERA,NACIONAL,PE-3S,-16.09348415310147,-69.62616561009612,DESPEJADO,RURAL,INTERSECCIÓN,PLANA ,ASFALTADA,SI,INFORMATIVA (I),,SI,IMPRUDENCIA DEL CONDUCTOR,GIRAR IMPRUDENTEMENTE,8
A-2022-01-216,2022-01-13,12:45,ATROPELLO FUGA,1,0,0.0,LAMBAYEQUE,CHICLAYO,CHICLAYO,URBANA,CALLE,URBANO,NO CORRESPONDE,-6.7667865,-79.8368476,DESPEJADO,COMERCIAL,TRAMO RECTO,PLANA ,ASFALTADA,,,,,EN PROCESO DE INVESTIGACIÓN,NO CUENTA CON CAUSA ESPECIFICA,12
A-2022-01-123,2022-01-13,14:00,CHOQUE,1,0,0.0,LIMA,LIMA,LIMA,URBANA,AVENIDA,URBANO,NO CORRESPONDE,-12.043799984265837,-77.02457270473965,DESPEJADO,INDUSTRIAL,PUENTE,PLANA ,ASFALTADA,,,,,EN PROCESO DE INVESTIGACIÓN,NO CUENTA CON CAUSA ESPECIFICA,14
A-2022-01-189,2022-01-13,20:00,DESPISTE,1,0,1.0,CAJAMARCA,CAJAMARCA,ASUNCION,RURAL,CARRETERA,DEPARTAMENTAL,CA-106,-7.331981,-78.52511,DESPEJADO,RURAL,CURVA,INCLINADA,AFIRMADO,,,,,EN PROCESO DE INVESTIGACIÓN,NO CUENTA CON CAUSA ESPECIFICA,20
A-2022-01-188,2022-01-14,03:00,DESPISTE,2,1,1.0,PUNO,CARABAYA,SAN GABAN,RURAL,CARRETERA,NACIONAL,PE-34B,-13.4037645,-70.3089502,DESPEJADO,RURAL,TRAMO RECTO,PLANA ,ASFALTADA,,,,,IMPRUDENCIA DEL CONDUCTOR,FATIGA Y/O CANSANCIO,3
A-2022-01-302,2022-01-14,12:30,CHOQUE,1,2,2.0,LA LIBERTAD,VIRU,CHAO,RURAL,CARRETERA,SIN CLASIFICAR,SIN CLASIFICAR,-8.548747555311945,-78.65473332347972,DESPEJADO,RURAL,TRAMO RECTO,PLANA ,TROCHA,,,,,IMPRUDENCIA DEL CONDUCTOR,OTRO (IMPRUDENCIA DEL CONDUCTOR),12
A-2022-01-124,2022-01-14,15:30,ATROPELLO,1,0,0.0,LIMA,LIMA,SAN JUAN DE LURIGANCHO,RURAL,CALLE,URBANO,NO CORRESPONDE,-11.881754889914252,-76.94773246404225,DESPEJADO,RURAL,TRAMO RECTO,PLANA ,AFIRMADO,,,,,EN PROCESO DE INVESTIGACIÓN,NO CUENTA CON CAUSA ESPECIFICA,15
A-2022-01-130,2022-01-14,18:30,VOLCADURA,1,0,1.0,SAN MARTIN,SAN MARTIN,LA BANDA DE SHILCAYO,RURAL,CARRETERA,NACIONAL,PE-5NB,-6.46204258484236,-76.3075259136862,DESPEJADO,RURAL,CURVA,INCLINADA,ASFALTADA,NO,,,SI,IMPRUDENCIA DEL CONDUCTOR,EXCESO DE VELOCIDAD,18
A-2022-01-125,2022-01-14,20:50,ATROPELLO,1,0,0.0,LIMA,LIMA,PUENTE PIEDRA,URBANA,CARRETERA,NACIONAL,PE-1N,-11.913491414372915,-77.07381770920416,DESPEJADO,COMERCIAL,TRAMO RECTO,PLANA ,ASFALTADA,,,,,IMPRUDENCIA DEL CONDUCTOR,EXCESO DE VELOCIDAD,20
A-2022-01-172,2022-01-15,00:30,VOLCADURA,1,1,1.0,PIURA,MORROPON,CHULUCANAS,RURAL,CARRETERA,NACIONAL,PE-1NJ,-5.169457,-80.18693,DESPEJADO,COMERCIAL,TRAMO RECTO,PLANA ,ASFALTADA,,,,,EN PROCESO DE INVESTIGACIÓN,NO CUENTA CON CAUSA ESPECIFICA,0
A-2022-01-313,2022-01-15,04:00,CHOQUE,1,0,2.0,JUNIN,SATIPO,SATIPO,RURAL,CARRETERA,NACIONAL,PE-24A,-11.247685849517891,-74.63719189770524,DESPEJADO,RURAL,INTERSECCIÓN,PLANA ,ASFALTADA,,,,,EN PROCESO DE INVESTIGACIÓN,NO CUENTA CON CAUSA ESPECIFICA,4
A-2022-01-43,2022-01-15,06:10,ATROPELLO,1,0,,TUMBES,ZARUMILLA,PAPAYAL,RURAL,CARRETERA,SIN CLASIFICAR,SIN CLASIFICAR,-3.61342,-80.19236,DESPEJADO,RURAL,CURVA,INCLINADA,TROCHA,,,,,IMPRUDENCIA DEL CONDUCTOR,EXCESO DE VELOCIDAD,6
A-2022-01-288,2022-01-15,08:30,CHOQUE,1,0,2.0,AREQUIPA,CARAVELI,ATICO,RURAL,CARRETERA,NACIONAL,PE-1S,-16.242134387643762,-73.57263022618606,DESPEJADO,RURAL,TRAMO RECTO,INCLINADA,ASFALTADA,,,,,EN PROCESO DE INVESTIGACIÓN,NO CUENTA CON CAUSA ESPECIFICA,8
A-2022-01-297,2022-01-15,10:35,ATROPELLO FUGA,1,0,,JUNIN,HUANCAYO,HUANCAYO,URBANA,AVENIDA,URBANO,NO CORRESPONDE,-12.069688,-75.199547,DESPEJADO,COMERCIAL,TRAMO RECTO,PLANA ,ASFALTADA,,,,,IMPRUDENCIA DEL CONDUCTOR,OTRO (IMPRUDENCIA DEL CONDUCTOR),10
A-2022-01-165,2022-01-15,18:00,DESPISTE,1,0,1.0,PUNO,CARABAYA,MACUSANI,RURAL,CARRETERA,NACIONAL,PE-34B,-14.0951379,-70.3834199,DESPEJADO,RURAL,CURVA,PLANA ,ASFALTADA,,,,,IMPRUDENCIA DEL CONDUCTOR,EXCESO DE VELOCIDAD,18
A-2022-01-251,2022-01-15,19:50,ATROPELLO,1,0,1.0,CUSCO,CANCHIS,MARANGANI,RURAL,CARRETERA,NACIONAL,PE-3S,-14.386878306773752,-71.13783989801603,DESPEJADO,RURAL,TRAMO RECTO,PLANA ,ASFALTADA,,,,,IMPRUDENCIA DEL CONDUCTOR,EXCESO DE VELOCIDAD,19
A-2022-01-217,2022-01-15,20:00,CHOQUE,1,2,2.0,LAMBAYEQUE,LAMBAYEQUE,MORROPE,RURAL,CARRETERA,NACIONAL,PE-1N,-6.576851,-79.988526,LLUVIOSO,RURAL,TRAMO RECTO,PLANA ,ASFALTADA,,,,,EN PROCESO DE INVESTIGACIÓN,NO CUENTA CON CAUSA ESPECIFICA,20
A-2022-01-314,2022-01-15,20:00,DESPISTE,1,1,,JUNIN,CHANCHAMAYO,PERENE,RURAL,CARRETERA,NACIONAL,PE-5S,-10.942997349301974,-75.2178364467561,,,,,,,,,,EN PROCESO DE INVESTIGACIÓN,NO CUENTA CON CAUSA ESPECIFICA,20
A-2022-01-93,2022-01-15,23:00,CHOQUE,1,2,2.0,SAN MARTIN,RIOJA,NUEVA CAJAMARCA,URBANA,CARRETERA,NACIONAL,PE-5N,-5.933622,-77.311038,DESPEJADO,COMERCIAL,TRAMO RECTO,PLANA ,CONCRETO,,,,,EN PROCESO DE INVESTIGACIÓN,NO CUENTA CON CAUSA ESPECIFICA,23
A-2022-01-50,2022-01-16,01:30,ATROPELLO FUGA,1,0,1.0,PUNO,EL COLLAO,ILAVE,URBANA,AVENIDA,URBANO,NO CORRESPONDE,-16.083694610698117,-69.64495680940077,DESPEJADO,RURAL,TRAMO RECTO,PLANA ,ASFALTADA,,,,,IMPRUDENCIA DEL CONDUCTOR,OTRO (IMPRUDENCIA DEL CONDUCTOR),1
A-2022-01-252,2022-01-16,05:40,DESPISTE,1,0,1.0,CUSCO,PAUCARTAMBO,PAUCARTAMBO,RURAL,CARRETERA,DEPARTAMENTAL,CU-113,-13.34777843057828,-71.57216178207099,LLUVIOSO,RURAL,CURVA,PLANA ,ASFALTADA,,,,,NEGLIGENCIA DEL CONDUCTOR,OTRO (NEGLIGENCIA DEL CONDUCTOR),5
A-2022-01-51,2022-01-16,09:05,DESPISTE,2,1,1.0,PUNO,CHUCUITO,POMATA,RURAL,CARRETERA,NACIONAL,PE-3S,-16.369813,-69.2249847,DESPEJADO,RURAL,TRAMO RECTO,PLANA ,ASFALTADA,NO,,,SI,IMPRUDENCIA DEL CONDUCTOR,GIRAR IMPRUDENTEMENTE,9
A-2022-01-80,2022-01-16,12:01,CHOQUE,2,3,2.0,AREQUIPA,AREQUIPA,LA JOYA,URBANA,CARRETERA,NACIONAL,PE-1S,-16.5133522,-71.8084117,DESPEJADO,RESIDENCIAL,TRAMO RECTO,PLANA ,ASFALTADA,NO,,,SI,EN PROCESO DE INVESTIGACIÓN,NO CUENTA CON CAUSA ESPECIFICA,12
A-2022-01-81,2022-01-16,15:06,DESPISTE,1,3,1.0,AREQUIPA,AREQUIPA,MARIANO MELGAR,URBANA,CALLE,URBANO,NO CORRESPONDE,-16.395862,-71.506317,NUBLADO,RESIDENCIAL,INTERSECCIÓN,PLANA ,ASFALTADA,,,,,EN PROCESO DE INVESTIGACIÓN,NO CUENTA CON CAUSA ESPECIFICA,15
A-2022-01-113,2022-01-16,19:20,ATROPELLO,1,0,1.0,TUMBES,TUMBES,TUMBES,RURAL,CARRETERA,NACIONAL,PE-1N,-3.534944221495855,-80.37715784699547,DESPEJADO,RURAL,TRAMO RECTO,PLANA ,ASFALTADA,,,,,IMPRUDENCIA DEL CONDUCTOR,EXCESO DE VELOCIDAD,19
A-2022-01-61,2022-01-17,00:00,CHOQUE,1,0,2.0,TACNA,TACNA,CORONEL GREGORIO ALBARRACIN LANCHIPA,URBANA,CARRETERA,PROVINCIAL,TA-634,-18.055143,-70.243578,DESPEJADO,COMERCIAL,INTERSECCIÓN,PLANA ,ASFALTADA,SI,PREVENTIVA (P),PREVENTIVA (P),NO,IMPRUDENCIA DEL CONDUCTOR,CONDUCIR EN ESTADO DE EBRIEDAD Y/O DROGADICCIÓN,0
A-2022-01-190,2022-01-17,01:40,VOLCADURA,1,0,,APURIMAC,AYMARAES,TINTAY,RURAL,CARRETERA,DEPARTAMENTAL,AP-107,-13.96353053662499,-73.18190586256235,,,,,,,,,,EN PROCESO DE INVESTIGACIÓN,NO CUENTA CON CAUSA ESPECIFICA,1
A-2022-01-126,2022-01-17,07:45,ATROPELLO,1,0,0.0,LIMA,LIMA,ATE,URBANA,AVENIDA,URBANO,NO CORRESPONDE,-12.06192,-76.996147,DESPEJADO,RESIDENCIAL,INTERSECCIÓN,PLANA ,ASFALTADA,,,,,EN PROCESO DE INVESTIGACIÓN,NO CUENTA CON CAUSA ESPECIFICA,7
A-2022-01-186,2022-01-17,14:40,ATROPELLO,1,0,1.0,PUNO,HUANCANE,HUANCANE,URBANA,JIRÓN,URBANO,NO CORRESPONDE,-15.200819037493488,-69.75991393907492,DESPEJADO,COMERCIAL,INTERSECCIÓN,PLANA ,ASFALTADA,,,,,IMPRUDENCIA DEL CONDUCTOR,OTRO (IMPRUDENCIA DEL CONDUCTOR),14
A-2022-01-149,2022-01-18,03:30,DESPISTE,1,0,1.0,PUNO,LAMPA,SANTA LUCIA,RURAL,CARRETERA,NACIONAL,PE-34A,-15.6907928,-70.5942683,DESPEJADO,RURAL,TRAMO RECTO,PLANA ,ASFALTADA,,,,,IMPRUDENCIA DEL CONDUCTOR,FATIGA Y/O CANSANCIO,3
A-2022-01-327,2022-01-18,07:00,CHOQUE,1,4,2.0,HUANUCO,AMBO,AMBO,URBANA,CARRETERA,NACIONAL,PE-3N,-10.1430053,-76.1955216,DESPEJADO,RURAL,TRAMO RECTO,PLANA ,ASFALTADA,,,,,IMPRUDENCIA DEL CONDUCTOR,EXCESO DE VELOCIDAD,7
A-2022-01-287,2022-01-18,14:20,CHOQUE,1,0,2.0,AREQUIPA,CARAVELI,YAUCA,RURAL,CARRETERA,NACIONAL,PE-1S,-15.660819535299668,-74.56546523908517,DESPEJADO,RURAL,TRAMO RECTO,PLANA ,ASFALTADA,,,,,EN PROCESO DE INVESTIGACIÓN,NO CUENTA CON CAUSA ESPECIFICA,14
A-2022-01-260,2022-01-18,17:00,DESPISTE,1,1,,LIMA,LIMA,CIENEGUILLA,RURAL,CARRETERA,DEPARTAMENTAL,LM-119,-12.130890783402148,-76.8109076328621,DESPEJADO,RURAL,TRAMO RECTO,INCLINADA,ASFALTADA,,,,,EN PROCESO DE INVESTIGACIÓN,NO CUENTA CON CAUSA ESPECIFICA,17
A-2022-01-100,2022-01-18,23:30,CHOQUE CON OBJETO FIJO,1,1,1.0,AREQUIPA,AREQUIPA,AREQUIPA,URBANA,CARRETERA,NACIONAL,PE-34C,-16.415782,-71.551365,DESPEJADO,RESIDENCIAL,TRAMO RECTO,PLANA ,ASFALTADA,,,,,EN PROCESO DE INVESTIGACIÓN,NO CUENTA CON CAUSA ESPECIFICA,23
A-2022-01-298,2022-01-19,01:15,DESPISTE,1,2,1.0,JUNIN,YAULI,LA OROYA,RURAL,CARRETERA,NACIONAL,PE-22,-11.610237,-75.976422,DESPEJADO,RURAL,TRAMO RECTO,PLANA ,ASFALTADA,,,,,IMPRUDENCIA DEL CONDUCTOR,FATIGA Y/O CANSANCIO,1
A-2022-01-331,2022-01-19,03:20,DESPISTE,1,0,1.0,MADRE DE DIOS,TAMBOPATA,TAMBOPATA,URBANA,JIRÓN,URBANO,NO CORRESPONDE,-12.594108159085534,-69.19233473997863,DESPEJADO,ESCOLAR,INTERSECCIÓN,PLANA ,CONCRETO,,,,,EN PROCESO DE INVESTIGACIÓN,NO CUENTA CON CAUSA ESPECIFICA,3
A-2022-01-140,2022-01-19,10:40,CHOQUE FUGA,1,1,3.0,AREQUIPA,AREQUIPA,CERRO COLORADO,URBANA,CARRETERA,NACIONAL,PE-34A,-16.363203,-71.578079,DESPEJADO,COMERCIAL,TRAMO RECTO,PLANA ,ASFALTADA,NO,,,SI,EN PROCESO DE INVESTIGACIÓN,NO CUENTA CON CAUSA ESPECIFICA,10
A-2022-01-261,2022-01-19,16:50,CAÍDA DE PASAJERO,1,0,0.0,LIMA,LIMA,COMAS,URBANA,AVENIDA,URBANO,NO CORRESPONDE,-11.940693,-77.067244,DESPEJADO,COMERCIAL,INTERSECCIÓN,PLANA ,ASFALTADA,,,,,EN PROCESO DE INVESTIGACIÓN,NO CUENTA CON CAUSA ESPECIFICA,16
A-2022-01-295,2022-01-19,21:31,DESPISTE,1,1,1.0,AREQUIPA,CAMANA,SAMUEL PASTOR,RURAL,CARRETERA,PROVINCIAL,AR-545,-16.628789585117158,-72.69478116431125,DESPEJADO,RURAL,TRAMO RECTO,PLANA ,ASFALTADA,,,,,EN PROCESO DE INVESTIGACIÓN,NO CUENTA CON CAUSA ESPECIFICA,21
A-2022-01-233,2022-01-19,21:50,ATROPELLO FUGA,1,0,0.0,CUSCO,CUSCO,SAYLLA,RURAL,CARRETERA,NACIONAL,PE-3S,-13.563570706947669,-71.84049246873444,NUBLADO,RURAL,CURVA,PLANA ,ASFALTADA,,,,,IMPERICIA DEL CONDUCTOR,,21
A-2022-01-160,2022-01-20,04:25,DESPISTE,3,12,1.0,AREQUIPA,CAYLLOMA,SAN ANTONIO DE CHUCA,RURAL,CARRETERA,NACIONAL,PE-34J,-15.671403,-71.052133,LLUVIOSO,RURAL,CURVA,PLANA ,ASFALTADA,NO,,,SI,EN PROCESO DE INVESTIGACIÓN,NO CUENTA CON CAUSA ESPECIFICA,4
A-2022-01-315,2022-01-20,11:45,DESPISTE,1,0,,JUNIN,TARMA,ACOBAMBA,RURAL,CARRETERA,NACIONAL,PE-22B,-11.35362532943492,-75.66239113005282,,,,,,,,,,EN PROCESO DE INVESTIGACIÓN,NO CUENTA CON CAUSA ESPECIFICA,11
A-2022-01-115,2022-01-20,18:35,DESPISTE,1,0,1.0,TUMBES,ZARUMILLA,AGUAS VERDES,RURAL,CARRETERA,NACIONAL,PE-1NO,-3.4839760878288,-80.25838308128853,DESPEJADO,RURAL,TRAMO RECTO,PLANA ,ASFALTADA,,,,,IMPRUDENCIA DEL CONDUCTOR,CONDUCIR EN ESTADO DE EBRIEDAD Y/O DROGADICCIÓN,18
A-2022-01-286,2022-01-20,21:40,CHOQUE,1,1,2.0,AREQUIPA,CARAVELI,ATICO,RURAL,CARRETERA,NACIONAL,PE-1S,-16.23112327858188,-73.59952494853842,DESPEJADO,RURAL,CURVA,PLANA ,ASFALTADA,,,,,EN PROCESO DE INVESTIGACIÓN,NO CUENTA CON CAUSA ESPECIFICA,21
A-2022-01-94,2022-01-21,04:40,ATROPELLO,1,0,1.0,CALLAO,CALLAO,VENTANILLA,URBANA,AVENIDA,URBANO,NO CORRESPONDE,-11.82886121774238,-77.15930383658092,DESPEJADO,RESIDENCIAL,TRAMO RECTO,INCLINADA,ASFALTADA,,,,,IMPRUDENCIA DEL PEATÓN,CRUCE INDEBIDO POR LA CALZADA,4
A-2022-01-162,2022-01-21,06:00,CHOQUE,1,0,2.0,AREQUIPA,AREQUIPA,MIRAFLORES,URBANA,AVENIDA,URBANO,NO CORRESPONDE,-16.39663,-71.52217,DESPEJADO,COMERCIAL,INTERSECCIÓN,PLANA ,ASFALTADA,NO,,,SI,EN PROCESO DE INVESTIGACIÓN,NO CUENTA CON CAUSA ESPECIFICA,6
A-2022-01-183,2022-01-21,10:05,CHOQUE FUGA,1,0,2.0,LA LIBERTAD,VIRU,GUADALUPITO,RURAL,CARRETERA,NACIONAL,PE-1N,-8.741275,-78.634681,DESPEJADO,RURAL,TRAMO RECTO,PLANA ,ASFALTADA,,,,,EN PROCESO DE INVESTIGACIÓN,NO CUENTA CON CAUSA ESPECIFICA,10
A-2022-01-147,2022-01-21,11:45,DESPISTE,2,9,1.0,PUNO,SAN ANTONIO DE PUTINA,ANANEA,RURAL,CARRETERA,DEPARTAMENTAL,PU-111,-14.52117600799157,-69.69357207870516,DESPEJADO,RURAL,CURVA,PLANA ,ASFALTADA,,,,,INFRAESTRUCTURA Y ENTORNO VIAL,FACTOR AMBIENTAL,11
A-2022-01-224,2022-01-21,13:20,CHOQUE,1,0,2.0,LAMBAYEQUE,LAMBAYEQUE,LAMBAYEQUE,URBANA,CARRETERA,NACIONAL,PE-1N,-6.708673857241669,-79.90361268205403,DESPEJADO,RESIDENCIAL,TRAMO RECTO,PLANA ,ASFALTADA,,,,,EN PROCESO DE INVESTIGACIÓN,NO CUENTA CON CAUSA ESPECIFICA,13
A-2022-01-168,2022-01-21,14:15,ATROPELLO,1,0,0.0,PUNO,MELGAR,AYAVIRI,URBANA,JIRÓN,URBANO,NO CORRESPONDE,-14.876014713954254,-70.58731897875592,DESPEJADO,ESCOLAR,TRAMO RECTO,PLANA ,TROCHA,,,,,IMPRUDENCIA DEL PEATÓN,CRUCE INDEBIDO POR LA CALZADA,14
A-2022-01-127,2022-01-21,17:00,DESPISTE,1,4,,ANCASH,RECUAY,CATAC,RURAL,CARRETERA,NACIONAL,PE-3N,-9.946351022990324,-77.38170942837297,,,,,,,,,,EN PROCESO DE INVESTIGACIÓN,NO CUENTA CON CAUSA ESPECIFICA,17
A-2022-01-262,2022-01-21,20:00,CHOQUE,1,0,0.0,LIMA,LIMA,LURIN,URBANA,CARRETERA,NACIONAL,PE-1S,-12.289421067505211,-76.86866818905403,DESPEJADO,INDUSTRIAL,TRAMO RECTO,PLANA ,ASFALTADA,,,,,EN PROCESO DE INVESTIGACIÓN,NO CUENTA CON CAUSA ESPECIFICA,20
A-2022-01-176,2022-01-21,20:10,DESPISTE,1,0,,ANCASH,POMABAMBA,POMABAMBA,RURAL,CARRETERA,PROVINCIAL,AN-594,-8.84563091021682,-77.44435663315294,,,,,,,,,,EN PROCESO DE INVESTIGACIÓN,NO CUENTA CON CAUSA ESPECIFICA,20
A-2022-01-179,2022-01-21,22:30,CHOQUE,1,0,2.0,PUNO,HUANCANE,PUSI,RURAL,CARRETERA,NACIONAL,PE-34H,-15.378331779272118,-70.0571616431556,DESPEJADO,RURAL,TRAMO RECTO,PLANA ,ASFALTADA,,,,,IMPRUDENCIA DEL CONDUCTOR,CONDUCIR EN SENTIDO CONTRARIO,22
A-2022-01-116,2022-01-21,23:00,DESPISTE,1,1,1.0,TUMBES,TUMBES,TUMBES,RURAL,CARRETERA,NACIONAL,PE-1N,-3.5356606816561085,-80.37896221963575,DESPEJADO,RURAL,TRAMO RECTO,PLANA ,ASFALTADA,SI,PREVENTIVA (P),,NO,IMPRUDENCIA DEL CONDUCTOR,CONDUCIR EN ESTADO DE EBRIEDAD Y/O DROGADICCIÓN,23