codigo_siniestro,fecha_siniestro,hora_siniestro,clase_siniestro,cantidad_fallecidos,cantidad_lesionados,cantidad_vehiculos_danados,departamento,provincia,distrito,zona,tipo_via,red_vial,cod_carretera,latitud,longitud,condicion_climatica,zonificacion,caracteristicas_via,perfil_longitudinal_via,superficie_calzada,existe_senal_vertical,clasificacion_senal_vertical_1,clasificacion_senal_vertical_2,existe_senal_horizontal,causa_factor_principal,causa_especifica,hora_del_dia
A-2022-03-179,2022-03-23,19:00,DESPISTE,1,1,1.0,PIURA,MORROPON,CHULUCANAS,URBANA,CARRETERA,NACIONAL,PE-1NR,-5.030273,-80.200573,DESPEJADO,RURAL,TRAMO RECTO,PLANA ,ASFALTADA,,,,,EN PROCESO DE INVESTIGACIÓN,NO CUENTA CON CAUSA ESPECIFICA,19
A-2022-03-163,2022-03-24,05:00,ESPECIAL,1,0,1.0,CALLAO,CALLAO,CALLAO,URBANA,CARRETERA,NACIONAL,PE-20I,-12.040701675627345,-77.11587471962183,DESPEJADO,RESIDENCIAL,TRAMO RECTO,PLANA ,ASFALTADA,NO,,,SI,EN PROCESO DE INVESTIGACIÓN,NO CUENTA CON CAUSA ESPECIFICA,5
A-2022-03-162,2022-03-24,07:30,ATROPELLO FUGA,1,0,0.0,CALLAO,CALLAO,CALLAO,URBANA,CARRETERA,NACIONAL,PE-20,-11.97529867702563,-77.12500823797006,DESPEJADO,INDUSTRIAL,TRAMO RECTO,PLANA ,ASFALTADA,NO,,,SI,IMPRUDENCIA DEL PEATÓN,CRUCE INDEBIDO POR LA CALZADA,7
A-2022-03-118,2022-03-24,10:30,ATROPELLO,1,0,1.0,LA LIBERTAD,ASCOPE,PAIJAN,RURAL,CARRETERA,SIN CLASIFICAR,SIN CLASIFICAR,-7.721533,-79.28752,DESPEJADO,RURAL,TRAMO RECTO,PLANA ,AFIRMADO,,,,,EN PROCESO DE INVESTIGACIÓN,NO CUENTA CON CAUSA ESPECIFICA,10
A-2022-03-174,2022-03-24,15:30,ATROPELLO,1,0,,CUSCO,URUBAMBA,MARAS,RURAL,CARRETERA,PROVINCIAL,CU-1167,-13.32962012555691,-72.1689268062771,DESPEJADO,RURAL,TRAMO RECTO,PLANA ,AFIRMADO,,,,,IMPRUDENCIA DEL CONDUCTOR,EXCESO DE VELOCIDAD,15
A-2022-03-115,2022-03-24,16:00,ESPECIAL,1,0,0.0,ICA,ICA,ICA,URBANA,CALLE,URBANO,NO CORRESPONDE,-14.073634,-75.784767,DESPEJADO,RESIDENCIAL,OTRO,INCLINADA,TROCHA,,,,,EN PROCESO DE INVESTIGACIÓN,NO CUENTA CON CAUSA ESPECIFICA,16
A-2022-03-101,2022-03-24,18:30,CHOQUE FUGA,1,0,2.0,ICA,ICA,PARCONA,URBANA,AVENIDA,URBANO,NO CORRESPONDE,-14.059571,-75.722216,DESPEJADO,RESIDENCIAL,INTERSECCIÓN,PLANA ,ASFALTADA,,,,,EN PROCESO DE INVESTIGACIÓN,NO CUENTA CON CAUSA ESPECIFICA,18
A-2022-03-183,2022-03-24,23:00,DESPISTE,1,0,1.0,CUSCO,CALCA,LARES,RURAL,CARRETERA,PROVINCIAL,CU-709,-13.16313667,-71.9724245,LLUVIOSO,RURAL,SINUOSA,PLANA ,ASFALTADA,,,,,IMPERICIA DEL CONDUCTOR,,23
A-2022-03-152,2022-03-25,10:00,ATROPELLO,1,0,,AYACUCHO,HUAMANGA,CARMEN ALTO,URBANA,CARRETERA,PROVINCIAL,AY-836,-13.178609,-74.22137,DESPEJADO,COMERCIAL,INTERSECCIÓN,INCLINADA,CONCRETO,,,,,IMPRUDENCIA DEL CONDUCTOR,FATIGA Y/O CANSANCIO,10
A-2022-03-222,2022-03-25,10:31,ATROPELLO,1,0,1.0,HUANUCO,LEONCIO PRADO,RUPA-RUPA,URBANA,JIRÓN,URBANO,NO CORRESPONDE,-9.307166,-76.002489,DESPEJADO,COMERCIAL,TRAMO RECTO,PLANA ,CONCRETO,,,,,IMPRUDENCIA DEL PEATÓN,CRUCE INDEBIDO POR LA CALZADA,10
A-2022-03-278,2022-03-25,11:30,ATROPELLO,1,0,1.0,PIURA,PIURA,LAS LOMAS,RURAL,CARRETERA,NACIONAL,PE-1NL,-4.75594792446089,-80.29782228265425,DESPEJADO,RURAL,TRAMO RECTO,PLANA ,ASFALTADA,,,,,IMPRUDENCIA DEL CONDUCTOR,OTRO (IMPRUDENCIA DEL CONDUCTOR),11
A-2022-03-184,2022-03-26,07:31,DESPISTE,1,0,1.0,CUSCO,CANCHIS,SICUANI,URBANA,CARRETERA,NACIONAL,PE-3S,-14.292153543743536,-71.21975426759026,LLUVIOSO,RESIDENCIAL,INTERSECCIÓN,PLANA ,ASFALTADA,NO,,,SI,IMPRUDENCIA DEL CONDUCTOR,EXCESO DE VELOCIDAD,7
A-2022-03-180,2022-03-26,13:40,VOLCADURA,1,0,1.0,SAN MARTIN,RIOJA,PARDO MIGUEL,RURAL,CARRETERA,NACIONAL,PE-5N,-5.674651,-77.675794,LLUVIOSO,RURAL,TRAMO RECTO,PLANA ,ASFALTADA,,,,,EN PROCESO DE INVESTIGACIÓN,NO CUENTA CON CAUSA ESPECIFICA,13
A-2022-03-273,2022-03-26,16:30,ATROPELLO,1,0,,LIMA,LIMA,ATE,URBANA,AVENIDA,URBANO,NO CORRESPONDE,-12.025976610406657,-76.92000324652466,,,,,,,,,,EN PROCESO DE INVESTIGACIÓN,NO CUENTA CON CAUSA ESPECIFICA,16
A-2022-03-99,2022-03-26,17:10,CHOQUE,2,2,2.0,PUNO,PUNO,CHUCUITO,RURAL,CARRETERA,NACIONAL,PE-3S,-15.9302331,-69.8740858,DESPEJADO,RURAL,TRAMO RECTO,PLANA ,ASFALTADA,NO,,,SI,IMPRUDENCIA DEL CONDUCTOR,OTRO (IMPRUDENCIA DEL CONDUCTOR),17
A-2022-03-108,2022-03-26,20:20,DESPISTE,1,0,1.0,AREQUIPA,CASTILLA,APLAO,RURAL,CARRETERA,DEPARTAMENTAL,AR-106,-15.99961631325248,-72.47631622169334,DESPEJADO,RURAL,SINUOSA,INCLINADA,ASFALTADA,,,,,EN PROCESO DE INVESTIGACIÓN,NO CUENTA CON CAUSA ESPECIFICA,20
A-2022-03-280,2022-03-26,21:00,DESPISTE,1,0,1.0,PIURA,PAITA,COLAN,RURAL,CARRETERA,DEPARTAMENTAL,PI-101,-4.920059432277141,-81.06372716643473,DESPEJADO,RURAL,TRAMO RECTO,PLANA ,ASFALTADA,,,,,IMPRUDENCIA DEL CONDUCTOR,OTRO (IMPRUDENCIA DEL CONDUCTOR),21
A-2022-03-98,2022-03-26,21:00,CHOQUE,1,0,,CUSCO,QUISPICANCHI,URCOS,RURAL,CARRETERA,NACIONAL,PE-3S,-13.694242768343637,-71.59844714159948,DESPEJADO,RURAL,CURVA,INCLINADA,ASFALTADA,NO,,,SI,IMPRUDENCIA DEL CONDUCTOR,CONDUCIR EN ESTADO DE EBRIEDAD Y/O DROGADICCIÓN,21
A-2022-03-119,2022-03-26,21:30,CHOQUE,2,2,2.0,LA LIBERTAD,ASCOPE,CHOCOPE,RURAL,CARRETERA,NACIONAL,PE-1N,-7.776087,-79.251727,DESPEJADO,RURAL,TRAMO RECTO,PLANA ,ASFALTADA,,,,,IMPRUDENCIA DEL CONDUCTOR,CONDUCIR EN SENTIDO CONTRARIO,21
A-2022-03-158,2022-03-26,23:36,CHOQUE,1,1,,CAJAMARCA,CAJAMARCA,CAJAMARCA,URBANA,CARRETERA,NACIONAL,PE-3N,-7.16543873,-78.50264764,,,,,,,,,,EN PROCESO DE INVESTIGACIÓN,NO CUENTA CON CAUSA ESPECIFICA,23
A-2022-03-271,2022-03-26,23:50,ATROPELLO FUGA,1,0,,LIMA,LIMA,LURIN,URBANA,CARRETERA,NACIONAL,PE-1S,-12.2979310064019,-76.8538862432187,,,,,,,,,,EN PROCESO DE INVESTIGACIÓN,NO CUENTA CON CAUSA ESPECIFICA,23
A-2022-03-100,2022-03-27,02:00,CHOQUE,1,1,2.0,PUNO,CHUCUITO,ZEPITA,RURAL,CARRETERA,NACIONAL,PE-3S,-16.430825738404142,-69.16693919707568,DESPEJADO,RURAL,CURVA,INCLINADA,ASFALTADA,NO,,,SI,IMPRUDENCIA DEL CONDUCTOR,INVASIÓN DE CARRIL,2
A-2022-03-230,2022-03-27,05:30,DESPISTE,1,0,,JUNIN,CHANCHAMAYO,PERENE,RURAL,CARRETERA,NACIONAL,PE-5S,-10.94005315194511,-75.19719296823605,,,,,,,,,,EN PROCESO DE INVESTIGACIÓN,NO CUENTA CON CAUSA ESPECIFICA,5
A-2022-03-269,2022-03-27,06:00,CHOQUE,1,0,2.0,PIURA,PIURA,TAMBO GRANDE,RURAL,CARRETERA,NACIONAL,PE-1NL,-4.8572942381084765,-80.30894809168305,DESPEJADO,RURAL,TRAMO RECTO,PLANA ,ASFALTADA,,,,,IMPRUDENCIA DEL CONDUCTOR,INVASIÓN DE CARRIL,6
A-2022-03-277,2022-03-27,07:00,CHOQUE,1,0,2.0,PIURA,SULLANA,LANCONES,RURAL,CARRETERA,NACIONAL,PE-1NN,-4.5267446551044825,-80.47315803688726,DESPEJADO,RURAL,TRAMO RECTO,PLANA ,ASFALTADA,,,,,IMPRUDENCIA DEL CONDUCTOR,INVASIÓN DE CARRIL,7
A-2022-03-135,2022-03-27,07:30,CHOQUE,1,2,2.0,PUNO,HUANCANE,PUSI,RURAL,CARRETERA,NACIONAL,PE-34H,-15.4194085,-70.0694522,SOLEADO,RURAL,TRAMO RECTO,PLANA ,ASFALTADA,,,,,IMPRUDENCIA DEL CONDUCTOR,EXCESO DE VELOCIDAD,7
A-2022-03-164,2022-03-27,17:00,DESPISTE,1,8,1.0,CAJAMARCA,CAJAMARCA,NAMORA,RURAL,CARRETERA,PROVINCIAL,CA-1509,-7.200335,-78.31018,DESPEJADO,RURAL,CURVA,INCLINADA,AFIRMADO,,,,,EN PROCESO DE INVESTIGACIÓN,NO CUENTA CON CAUSA ESPECIFICA,17
A-2022-03-219,2022-03-27,17:00,CHOQUE,1,4,2.0,HUANUCO,LEONCIO PRADO,MARIANO DAMASO BERAUN,URBANA,CARRETERA,NACIONAL,PE-18A,-9.3336001,-75.989034,SOLEADO,RURAL,CURVA,INCLINADA,ASFALTADA,SI,PREVENTIVA (P),,NO,IMPRUDENCIA DEL CONDUCTOR,ADELANTAR INDEBIDAMENTE,17
A-2022-03-275,2022-03-27,17:30,ATROPELLO,1,0,,LIMA,LIMA,EL AGUSTINO,URBANA,CARRETERA,NACIONAL,PE-22,-12.0318839845185,-76.9880235183415,,,,,,,,,,EN PROCESO DE INVESTIGACIÓN,NO CUENTA CON CAUSA ESPECIFICA,17
A-2022-03-121,2022-03-27,18:00,DESPISTE,1,0,1.0,HUANCAVELICA,HUAYTARA,HUAYTARA,RURAL,CARRETERA,NACIONAL,PE-28A,-13.598955,-75.362833,NUBLADO,RURAL,TRAMO RECTO,PLANA ,ASFALTADA,,,,,EN PROCESO DE INVESTIGACIÓN,NO CUENTA CON CAUSA ESPECIFICA,18
A-2022-03-279,2022-03-27,18:00,CHOQUE FUGA,1,0,1.0,PIURA,PAITA,AMOTAPE,RURAL,CARRETERA,DEPARTAMENTAL,PI-101,-4.869924715571225,-81.0158176697112,DESPEJADO,RURAL,CURVA,INCLINADA,ASFALTADA,,,,,EN PROCESO DE INVESTIGACIÓN,NO CUENTA CON CAUSA ESPECIFICA,18
A-2022-03-281,2022-03-27,18:30,DESPISTE,1,0,1.0,PIURA,TALARA,EL ALTO,RURAL,CARRETERA,NACIONAL,PE-1N,-4.232034909771605,-81.17430923443803,DESPEJADO,RURAL,CURVA,INCLINADA,ASFALTADA,SI,REGULADORA (R),,NO,IMPRUDENCIA DEL CONDUCTOR,OTRO (IMPRUDENCIA DEL CONDUCTOR),18
A-2022-03-203,2022-03-27,18:45,CHOQUE,1,1,2.0,LIMA,HUARAL,AUCALLAMA,URBANA,CARRETERA,NACIONAL,PE-1N,-11.61340138800391,-77.23109716729165,DESPEJADO,RESIDENCIAL,INTERSECCIÓN,PLANA ,ASFALTADA,SI,REGULADORA (R),,NO,IMPRUDENCIA DEL CONDUCTOR,CONDUCIR EN ESTADO DE EBRIEDAD Y/O DROGADICCIÓN,18
A-2022-03-197,2022-03-27,21:00,ATROPELLO,1,1,1.0,CUSCO,CANCHIS,SAN PEDRO,RURAL,CARRETERA,NACIONAL,PE-3S,-14.19004,-71.33704,LLUVIOSO,RURAL,TRAMO RECTO,PLANA ,ASFALTADA,,,,,IMPRUDENCIA DEL PEATÓN,ESTADO DE EBRIEDAD Y/O DROGADICCIÓN,21
A-2022-03-272,2022-03-27,22:20,DESPISTE,1,0,1.0,PIURA,PAITA,LA HUACA,RURAL,CARRETERA,DEPARTAMENTAL,PI-102,-4.916601433503071,-80.90234658692755,DESPEJADO,RURAL,TRAMO RECTO,PLANA ,ASFALTADA,SI,PREVENTIVA (P),,SI,IMPRUDENCIA DEL CONDUCTOR,INVASIÓN DE CARRIL,22
A-2022-03-276,2022-03-28,07:00,DESPISTE,1,1,,LIMA,LIMA,MIRAFLORES,URBANA,OTRO,URBANO,NO CORRESPONDE,-12.1135039034589,-77.0510165416255,,,,,,,,,,EN PROCESO DE INVESTIGACIÓN,NO CUENTA CON CAUSA ESPECIFICA,7
A-2022-03-145,2022-03-28,19:00,DESPISTE,1,6,1.0,ANCASH,CORONGO,CUSCA,RURAL,CARRETERA,NACIONAL,PE-12A,-8.59749149683882,-77.7673569121848,LLUVIOSO,RURAL,CURVA,PLANA ,ASFALTADA,,,,,EN PROCESO DE INVESTIGACIÓN,NO CUENTA CON CAUSA ESPECIFICA,19
A-2022-03-268,2022-03-29,01:00,VOLCADURA,1,0,,MADRE DE DIOS,TAMBOPATA,LAS PIEDRAS,RURAL,CARRETERA,NACIONAL,PE-30C,-12.542110676520997,-69.14294938385845,DESPEJADO,RURAL,TRAMO RECTO,PLANA ,ASFALTADA,,,,,EN PROCESO DE INVESTIGACIÓN,NO CUENTA CON CAUSA ESPECIFICA,1
A-2022-03-200,2022-03-29,04:30,CHOQUE,1,0,1.0,CUSCO,LA CONVENCION,SANTA ANA,URBANA,CARRETERA,NACIONAL,PE-28B,-12.865908784558725,-72.69354675932448,DESPEJADO,RESIDENCIAL,TRAMO RECTO,PLANA ,CONCRETO,,,,,IMPRUDENCIA DEL CONDUCTOR,CONDUCIR EN ESTADO DE EBRIEDAD Y/O DROGADICCIÓN,4
A-2022-03-120,2022-03-29,07:00,DESPISTE,2,2,1.0,LA LIBERTAD,VIRU,GUADALUPITO,RURAL,CARRETERA,NACIONAL,PE-1N,-8.928619,-78.635569,DESPEJADO,RURAL,TRAMO RECTO,PLANA ,ASFALTADA,,,,,IMPRUDENCIA DEL CONDUCTOR,OTRO (IMPRUDENCIA DEL CONDUCTOR),7
A-2022-03-282,2022-03-29,11:00,CHOQUE,1,0,2.0,PIURA,SULLANA,SULLANA,URBANA,CARRETERA,NACIONAL,PE-1NL,-4.913389273271774,-80.67215728939541,DESPEJADO,RURAL,INTERSECCIÓN,PLANA ,ASFALTADA,,,,,IMPRUDENCIA DEL CONDUCTOR,NO DAR PASO PREFERENTE AL PEATÓN,11
A-2022-03-187,2022-03-29,14:40,CHOQUE,1,0,2.0,LAMBAYEQUE,LAMBAYEQUE,OLMOS,URBANA,CARRETERA,NACIONAL,PE-1NJ,-5.988544,-79.737082,SOLEADO,COMERCIAL,TRAMO RECTO,PLANA ,ASFALTADA,,,,,EN PROCESO DE INVESTIGACIÓN,NO CUENTA CON CAUSA ESPECIFICA,14
A-2022-03-127,2022-03-29,18:00,CHOQUE,2,0,2.0,ICA,NASCA,NASCA,URBANA,CARRETERA,NACIONAL,PE-1S,-14.82183,-74.965426,DESPEJADO,RESIDENCIAL,TRAMO RECTO,PLANA ,ASFALTADA,,,,,EN PROCESO DE INVESTIGACIÓN,NO CUENTA CON CAUSA ESPECIFICA,18
A-2022-03-188,2022-03-30,16:00,CHOQUE,1,1,,LAMBAYEQUE,LAMBAYEQUE,OLMOS,URBANA,CARRETERA,SIN CLASIFICAR,SIN CLASIFICAR,-6.195028,-79.991647,DESPEJADO,RURAL,INTERSECCIÓN,PLANA ,AFIRMADO,NO,,,NO,EN PROCESO DE INVESTIGACIÓN,NO CUENTA CON CAUSA ESPECIFICA,16
A-2022-03-186,2022-03-30,19:30,ATROPELLO FUGA,1,0,,LAMBAYEQUE,CHICLAYO,LAGUNAS,RURAL,CARRETERA,NACIONAL,PE-1NI,-6.9605555444952,-79.6329412734483,DESPEJADO,RURAL,TRAMO RECTO,PLANA ,ASFALTADA,,,,,EN PROCESO DE INVESTIGACIÓN,NO CUENTA CON CAUSA ESPECIFICA,19
A-2022-03-130,2022-03-31,04:20,VOLCADURA,1,3,1.0,AREQUIPA,AREQUIPA,SAN JUAN DE TARUCANI,RURAL,CARRETERA,NACIONAL,PE-34A,-16.040969,-71.306209,DESPEJADO,RURAL,TRAMO RECTO,PLANA ,ASFALTADA,NO,,,SI,EN PROCESO DE INVESTIGACIÓN,NO CUENTA CON CAUSA ESPECIFICA,4
A-2022-03-177,2022-03-31,06:30,DESPISTE,1,4,1.0,CAJAMARCA,JAEN,BELLAVISTA,RURAL,CARRETERA,NACIONAL,PE-5N,-5.54315214,-78.81293259,DESPEJADO,RURAL,CURVA,INCLINADA,ASFALTADA,,,,,EN PROCESO DE INVESTIGACIÓN,NO CUENTA CON CAUSA ESPECIFICA,6
A-2022-03-136,2022-03-31,13:10,CHOQUE,1,0,2.0,ICA,ICA,SANTIAGO,RURAL,CARRETERA,NACIONAL,PE-1S,-14.338981,-75.657434,DESPEJADO,RURAL,TRAMO RECTO,PLANA ,ASFALTADA,,,,,EN PROCESO DE INVESTIGACIÓN,NO CUENTA CON CAUSA ESPECIFICA,13
A-2022-03-149,2022-03-31,21:20,CHOQUE,1,0,2.0,PUNO,SAN ROMAN,SAN MIGUEL,RURAL,CARRETERA,NACIONAL,PE-3S,-15.390739875214,-70.15734758251114,DESPEJADO,RURAL,TRAMO RECTO,PLANA ,ASFALTADA,,,,,IMPRUDENCIA DEL CONDUCTOR,CONDUCIR EN SENTIDO CONTRARIO,21
A-2022-04-1,2022-04-01,02:00,DESPISTE,1,1,1.0,AREQUIPA,AREQUIPA,YURA,RURAL,CARRETERA,DEPARTAMENTAL,AR-123,-16.370588,-71.64909,DESPEJADO,RURAL,TRAMO RECTO,PLANA ,ASFALTADA,NO,,,SI,EN PROCESO DE INVESTIGACIÓN,NO CUENTA CON CAUSA ESPECIFICA,2
A-2022-04-18,2022-04-01,04:00,DESPISTE,1,0,1.0,ICA,ICA,LA TINGUIÑA,URBANA,CARRETERA,PROVINCIAL,IC-651,-14.037686,-75.699417,DESPEJADO,RESIDENCIAL,CURVA,PLANA ,ASFALTADA,,,,,EN PROCESO DE INVESTIGACIÓN,NO CUENTA CON CAUSA ESPECIFICA,4
A-2022-04-185,2022-04-01,09:30,CHOQUE,1,1,2.0,PASCO,PASCO,YANACANCHA,URBANA,CARRETERA,NACIONAL,PE-3N,-10.631896218235813,-76.17575646148282,LLUVIOSO,RURAL,CURVA,INCLINADA,ASFALTADA,SI,REGULADORA (R),,SI,IMPRUDENCIA DEL CONDUCTOR,CONDUCIR EN SENTIDO CONTRARIO,9
A-2022-04-219,2022-04-01,15:10,VOLCADURA,1,1,2.0,HUANUCO,HUANUCO,CHINCHAO,RURAL,CARRETERA,NACIONAL,PE-18A,-9.627556,-76.064694,DESPEJADO,RURAL,CURVA,PLANA ,ASFALTADA,,,,,IMPRUDENCIA DEL CONDUCTOR,EXCESO DE VELOCIDAD,15
A-2022-04-92,2022-04-01,17:00,CHOQUE,2,0,2.0,LAMBAYEQUE,CHICLAYO,LA VICTORIA,RURAL,CARRETERA,NACIONAL,PE-1N,-6.831415,-79.829203,DESPEJADO,RURAL,TRAMO RECTO,PLANA ,ASFALTADA,,,,,EN PROCESO DE INVESTIGACIÓN,NO CUENTA CON CAUSA ESPECIFICA,17
A-2022-04-214,2022-04-01,19:00,ATROPELLO FUGA,1,0,,LIMA,LIMA,COMAS,URBANA,AVENIDA,URBANO,NO CORRESPONDE,-11.930407997259524,-77.05307362840098,,,,,,,,,,EN PROCESO DE INVESTIGACIÓN,NO CUENTA CON CAUSA ESPECIFICA,19
A-2022-04-135,2022-04-01,21:00,DESPISTE,1,0,1.0,CUSCO,ESPINAR,PICHIGUA,RURAL,CARRETERA,NACIONAL,PE-34F,-14.702299,-71.29476,DESPEJADO,RURAL,CURVA,PLANA ,ASFALTADA,SI,REGULADORA (R),REGULADORA (R),SI,IMPRUDENCIA DEL CONDUCTOR,EXCESO DE VELOCIDAD,21
A-2022-04-68,2022-04-01,21:00,ATROPELLO,1,0,,ICA,ICA,SALAS,URBANA,CALLE,URBANO,NO CORRESPONDE,-13.929423,-75.920361,DESPEJADO,RESIDENCIAL,TRAMO RECTO,PLANA ,TROCHA,,,,,EN PROCESO DE INVESTIGACIÓN,NO CUENTA CON CAUSA ESPECIFICA,21
A-2022-04-195,2022-04-02,00:00,CHOQUE,1,0,,LIMA,LIMA,SAN JUAN DE LURIGANCHO,URBANA,AVENIDA,URBANO,NO CORRESPONDE,-11.980691,-77.012155,,,,,,,,,,EN PROCESO DE INVESTIGACIÓN,NO CUENTA CON CAUSA ESPECIFICA,0
A-2022-04-186,2022-04-02,04:00,DESPISTE,1,0,1.0,PASCO,PASCO,PAUCARTAMBO,RURAL,CARRETERA,DEPARTAMENTAL,PA-107,-10.768505743200436,-75.80206297841895,LLUVIOSO,RURAL,CURVA,INCLINADA,TROCHA,,,,,IMPRUDENCIA DEL CONDUCTOR,EXCESO DE VELOCIDAD,4
A-2022-04-191,2022-04-02,11:00,CHOQUE,1,0,,LIMA,LIMA,INDEPENDENCIA,URBANA,AVENIDA,URBANO,NO CORRESPONDE,-11.987808347638063,-77.05711807330266,,,,,,,,,,EN PROCESO DE INVESTIGACIÓN,NO CUENTA CON CAUSA ESPECIFICA,11
A-2022-04-56,2022-04-02,14:30,DESPISTE,1,1,1.0,LA LIBERTAD,PACASMAYO,SAN PEDRO DE LLOC,RURAL,CARRETERA,NACIONAL,PE-1N,-7.535771,-79.391251,DESPEJADO,RURAL,TRAMO RECTO,PLANA ,ASFALTADA,,,,,IMPRUDENCIA DEL CONDUCTOR,OTRO (IMPRUDENCIA DEL CONDUCTOR),14
A-2022-04-213,2022-04-02,19:00,DESPISTE,2,8,1.0,JUNIN,HUANCAYO,COLCA,RURAL,CARRETERA,SIN CLASIFICAR,SIN CLASIFICAR,-12.2775,-75.1888554,DESPEJADO,RURAL,TRAMO RECTO,INCLINADA,TROCHA,,,,,IMPRUDENCIA DEL CONDUCTOR,EXCESO DE VELOCIDAD,19
A-2022-04-14,2022-04-02,20:15,ATROPELLO FUGA,1,1,1.0,APURIMAC,ANDAHUAYLAS,JOSE MARIA ARGUEDAS,URBANA,AVENIDA,URBANO,NO CORRESPONDE,-13.7310956,-73.3514453,LLUVIOSO,RURAL,TRAMO RECTO,PLANA ,ASFALTADA,,,,,IMPRUDENCIA DEL CONDUCTOR,EXCESO DE VELOCIDAD,20
A-2022-04-12,2022-04-02,20:30,CHOQUE,1,2,2.0,AREQUIPA,AREQUIPA,VITOR,URBANA,CARRETERA,PROVINCIAL,AR-743,-16.515344,-71.904477,DESPEJADO,RESIDENCIAL,TRAMO RECTO,PLANA ,ASFALTADA,NO,,,SI,EN PROCESO DE INVESTIGACIÓN,NO CUENTA CON CAUSA ESPECIFICA,20
A-2022-04-242,2022-04-02,22:25,CHOQUE FUGA,1,0,1.0,PIURA,PIURA,VEINTISEIS DE OCTUBRE,RURAL,CARRETERA,NACIONAL,PE-1N,-5.156432112715408,-80.69423672241072,DESPEJADO,COMERCIAL,TRAMO RECTO,PLANA ,ASFALTADA,,,,,IMPRUDENCIA DEL CONDUCTOR,CONDUCIR EN SENTIDO CONTRARIO,22
A-2022-04-48,2022-04-03,00:00,DESPISTE,1,0,1.0,CAJAMARCA,CAJABAMBA,CONDEBAMBA,URBANA,CARRETERA,NACIONAL,PE-3N,-7.48439,-78.12322667,DESPEJADO,RURAL,CURVA,PLANA ,ASFALTADA,,,,,EN PROCESO DE INVESTIGACIÓN,NO CUENTA CON CAUSA ESPECIFICA,0
A-2022-04-206,2022-04-03,01:30,DESPISTE,1,0,,ANCASH,SANTA,NEPEÑA,RURAL,CARRETERA,PROVINCIAL,AN-921,-9.16327217469076,-78.32831656106187,DESPEJADO,RURAL,TRAMO RECTO,PLANA ,ASFALTADA,,,,,EN PROCESO DE INVESTIGACIÓN,NO CUENTA CON CAUSA ESPECIFICA,1
A-2022-04-6,2022-04-03,03:20,ATROPELLO FUGA,1,0,0.0,PUNO,PUNO,PUNO,RURAL,CARRETERA,NACIONAL,PE-3S,-15.811211,-70.037411,DESPEJADO,RURAL,CURVA,PLANA ,ASFALTADA,SI,PREVENTIVA (P),,SI,EN PROCESO DE INVESTIGACIÓN,NO CUENTA CON CAUSA ESPECIFICA,3
A-2022-04-13,2022-04-03,03:30,ATROPELLO FUGA,1,0,1.0,AREQUIPA,AREQUIPA,LA JOYA,URBANA,CARRETERA,NACIONAL,PE-1S,-16.681891,-71.87044,DESPEJADO,RESIDENCIAL,TRAMO RECTO,PLANA ,ASFALTADA,NO,,,SI,EN PROCESO DE INVESTIGACIÓN,NO CUENTA CON CAUSA ESPECIFICA,3
A-2022-04-190,2022-04-03,03:50,VOLCADURA,1,0,,LIMA,LIMA,LURIN,URBANA,CARRETERA,NACIONAL,PE-1S,-12.280727,-76.882445,,,,,,,,,,EN PROCESO DE INVESTIGACIÓN,NO CUENTA CON CAUSA ESPECIFICA,3
A-2022-04-243,2022-04-03,05:00,DESPISTE,1,0,,MADRE DE DIOS,TAMBOPATA,TAMBOPATA,RURAL,AVENIDA,URBANO,NO CORRESPONDE,-12.592016,-69.201778,,,,,,,,,,EN PROCESO DE INVESTIGACIÓN,NO CUENTA CON CAUSA ESPECIFICA,5
A-2022-04-205,2022-04-03,05:30,CHOQUE,1,0,,ANCASH,SANTA,NEPEÑA,RURAL,CARRETERA,DEPARTAMENTAL,AN-104,-9.1554239456689,-78.29124133189467,DESPEJADO,RURAL,TRAMO RECTO,PLANA ,ASFALTADA,,,,,IMPRUDENCIA DEL CONDUCTOR,CONDUCIR EN ESTADO DE EBRIEDAD Y/O DROGADICCIÓN,5
A-2022-04-180,2022-04-03,05:40,CHOQUE,1,0,2.0,HUANUCO,LEONCIO PRADO,RUPA-RUPA,URBANA,CARRETERA,NACIONAL,PE-18A,-9.290993,-75.997895,NUBLADO,COMERCIAL,TRAMO RECTO,PLANA ,ASFALTADA,,,,,IMPRUDENCIA DEL CONDUCTOR,CONDUCIR EN ESTADO DE EBRIEDAD Y/O DROGADICCIÓN,5
A-2022-04-7,2022-04-03,07:20,ATROPELLO,1,0,1.0,PUNO,PUNO,PUNO,RURAL,AVENIDA,URBANO,NO CORRESPONDE,-15.82019740079369,-70.03705347371111,DESPEJADO,RURAL,TRAMO RECTO,PLANA ,TROCHA,,,,,IMPRUDENCIA DEL CONDUCTOR,NO DAR PASO PREFERENTE AL PEATÓN,7
A-2022-04-49,2022-04-03,08:20,DESPISTE,1,1,1.0,CAJAMARCA,CHOTA,CHALAMARCA,URBANA,CARRETERA,SIN CLASIFICAR,SIN CLASIFICAR,-6.497612,-78.478644,DESPEJADO,RURAL,CURVA,PLANA ,AFIRMADO,,,,,EN PROCESO DE INVESTIGACIÓN,NO CUENTA CON CAUSA ESPECIFICA,8