codigo_siniestro,fecha_siniestro,hora_siniestro,clase_siniestro,cantidad_fallecidos,cantidad_lesionados,cantidad_vehiculos_danados,departamento,provincia,distrito,zona,tipo_via,red_vial,cod_carretera,latitud,longitud,condicion_climatica,zonificacion,caracteristicas_via,perfil_longitudinal_via,superficie_calzada,existe_senal_vertical,clasificacion_senal_vertical_1,clasificacion_senal_vertical_2,existe_senal_horizontal,causa_factor_principal,causa_especifica,hora_del_dia
A-2022-05-122,2022-05-07,17:00,DESPISTE,1,0,,CAJAMARCA,SAN MIGUEL,CALQUIS,URBANA,CARRETERA,SIN CLASIFICAR,SIN CLASIFICAR,-6.93913335335806,-78.9904061621903,LLUVIOSO,RURAL,OTRO,PLANA ,ASFALTADA,,,,,EN PROCESO DE INVESTIGACIÓN,NO CUENTA CON CAUSA ESPECIFICA,17
A-2022-05-176,2022-05-07,18:30,CAÍDA DE PASAJERO,1,0,1.0,CAJAMARCA,CUTERVO,CUTERVO,RURAL,CARRETERA,NACIONAL,PE-3ND,-6.36501478341352,-78.790447575007,DESPEJADO,RURAL,SINUOSA,PLANA ,ASFALTADA,,,,,EN PROCESO DE INVESTIGACIÓN,NO CUENTA CON CAUSA ESPECIFICA,18
A-2022-05-55,2022-05-07,22:40,ATROPELLO,1,0,1.0,AREQUIPA,AREQUIPA,YURA,URBANA,CARRETERA,NACIONAL,PE-34A,-16.295182,-71.629422,DESPEJADO,RESIDENCIAL,TRAMO RECTO,PLANA ,ASFALTADA,NO,,,SI,EN PROCESO DE INVESTIGACIÓN,NO CUENTA CON CAUSA ESPECIFICA,22
A-2022-05-152,2022-05-08,01:30,DESPISTE,1,1,1.0,CAJAMARCA,HUALGAYOC,BAMBAMARCA,URBANA,CARRETERA,NACIONAL,PE-3N,-6.68165931,-78.53031906,DESPEJADO,RURAL,OTRO,INCLINADA,ASFALTADA,,,,,EN PROCESO DE INVESTIGACIÓN,NO CUENTA CON CAUSA ESPECIFICA,1
A-2022-05-270,2022-05-08,02:00,DESPISTE,1,0,,LORETO,MAYNAS,BELEN,URBANA,AVENIDA,URBANO,NO CORRESPONDE,-3.7655843,-73.2715448,DESPEJADO,RURAL,TRAMO RECTO,PLANA ,ASFALTADA,,,,,IMPRUDENCIA DEL CONDUCTOR,CONDUCIR EN ESTADO DE EBRIEDAD Y/O DROGADICCIÓN,2
A-2022-05-29,2022-05-08,02:20,DESPISTE,1,1,1.0,LA LIBERTAD,CHEPEN,CHEPEN,RURAL,CARRETERA,NACIONAL,PE-1N,-7.214381,-79.429597,DESPEJADO,RURAL,TRAMO RECTO,PLANA ,ASFALTADA,,,,,IMPRUDENCIA DEL CONDUCTOR,CONDUCIR EN ESTADO DE EBRIEDAD Y/O DROGADICCIÓN,2
A-2022-05-210,2022-05-08,02:30,ATROPELLO,1,0,0.0,LIMA,LIMA,LA VICTORIA,URBANA,AVENIDA,URBANO,NO CORRESPONDE,-12.081611,-77.017685,DESPEJADO,COMERCIAL,INTERSECCIÓN,PLANA ,ASFALTADA,,,,,EN PROCESO DE INVESTIGACIÓN,NO CUENTA CON CAUSA ESPECIFICA,2
A-2022-05-58,2022-05-08,02:45,CHOQUE CON OBJETO FIJO,1,0,1.0,ANCASH,YUNGAY,MANCOS,URBANA,CARRETERA,NACIONAL,PE-3N,-9.191041264832544,-77.71195251202728,DESPEJADO,RURAL,CURVA,PLANA ,ASFALTADA,SI,PREVENTIVA (P),,NO,EN PROCESO DE INVESTIGACIÓN,NO CUENTA CON CAUSA ESPECIFICA,2
A-2022-05-35,2022-05-08,07:45,CHOQUE CON OBJETO FIJO,1,1,1.0,ICA,PISCO,HUMAY,URBANA,CARRETERA,NACIONAL,PE-28A,-13.7184738,-75.8668238,DESPEJADO,RURAL,CURVA,INCLINADA,ASFALTADA,SI,PREVENTIVA (P),,SI,EN PROCESO DE INVESTIGACIÓN,NO CUENTA CON CAUSA ESPECIFICA,7
A-2022-05-126,2022-05-08,10:00,DESPISTE,1,0,1.0,CAJAMARCA,SAN PABLO,SAN BERNARDINO,URBANA,CARRETERA,NACIONAL,PE-08,-7.21591823,-78.77398246,SOLEADO,RURAL,CURVA,PLANA ,AFIRMADO,,,,,EN PROCESO DE INVESTIGACIÓN,NO CUENTA CON CAUSA ESPECIFICA,10
A-2022-05-42,2022-05-08,10:00,ATROPELLO,1,0,,PASCO,DANIEL ALCIDES CARRION,TAPUC,URBANA,CARRETERA,PROVINCIAL,PA-514,-10.454451273390127,-76.46249945011253,SOLEADO,COMERCIAL,INTERSECCIÓN,INCLINADA,CONCRETO,,,,,EN PROCESO DE INVESTIGACIÓN,NO CUENTA CON CAUSA ESPECIFICA,10
A-2022-05-209,2022-05-08,12:45,ATROPELLO FUGA,1,0,,LIMA,LIMA,COMAS,URBANA,AVENIDA,URBANO,NO CORRESPONDE,-11.964631,-77.055373,DESPEJADO,COMERCIAL,TRAMO RECTO,PLANA ,ASFALTADA,,,,,EN PROCESO DE INVESTIGACIÓN,NO CUENTA CON CAUSA ESPECIFICA,12
A-2022-05-24,2022-05-08,13:15,CHOQUE FUGA,1,0,1.0,PUNO,PUNO,VILQUE,RURAL,CARRETERA,DEPARTAMENTAL,PU-122,-15.765046400944328,-70.25579796032056,DESPEJADO,RURAL,CURVA,INCLINADA,ASFALTADA,SI,PREVENTIVA (P),INFORMATIVA (I),SI,IMPRUDENCIA DEL CONDUCTOR,CONDUCIR EN SENTIDO CONTRARIO,13
A-2022-05-62,2022-05-08,13:55,ATROPELLO,1,0,,SAN MARTIN,RIOJA,PARDO MIGUEL,RURAL,CARRETERA,NACIONAL,PE-5N,-5.704024,-77.594965,DESPEJADO,ESCOLAR,TRAMO RECTO,PLANA ,ASFALTADA,,,,,IMPRUDENCIA DEL PEATÓN,CRUCE INDEBIDO POR LA CALZADA,13
A-2022-05-77,2022-05-08,16:50,DESPISTE,1,2,1.0,AREQUIPA,AREQUIPA,YURA,RURAL,CARRETERA,PROVINCIAL,AR-706,-16.239712,-71.71059,DESPEJADO,RURAL,TRAMO RECTO,INCLINADA,TROCHA,,,,,EN PROCESO DE INVESTIGACIÓN,NO CUENTA CON CAUSA ESPECIFICA,16
A-2022-05-211,2022-05-09,01:30,CHOQUE FUGA,1,1,1.0,LIMA,LIMA,SAN BARTOLO,URBANA,CARRETERA,NACIONAL,PE-1S,-12.386021,-76.769327,DESPEJADO,INDUSTRIAL,PUENTE,PLANA ,ASFALTADA,,,,,EN PROCESO DE INVESTIGACIÓN,NO CUENTA CON CAUSA ESPECIFICA,1
A-2022-05-169,2022-05-09,02:40,ATROPELLO FUGA,1,0,0.0,PUNO,SAN ROMAN,SAN MIGUEL,RURAL,CARRETERA,NACIONAL,PE-3S,-15.4592374,-70.1395813,DESPEJADO,RURAL,TRAMO RECTO,PLANA ,ASFALTADA,,,,,EN PROCESO DE INVESTIGACIÓN,NO CUENTA CON CAUSA ESPECIFICA,2
A-2022-05-91,2022-05-09,03:00,CHOQUE,1,3,3.0,PIURA,PIURA,CATACAOS,URBANA,CARRETERA,NACIONAL,PE-1NK,-5.278817372096089,-80.68013765709854,DESPEJADO,COMERCIAL,TRAMO RECTO,PLANA ,ASFALTADA,,,,,EN PROCESO DE INVESTIGACIÓN,NO CUENTA CON CAUSA ESPECIFICA,3
A-2022-05-159,2022-05-09,06:00,DESPISTE,1,1,1.0,PIURA,MORROPON,CHULUCANAS,RURAL,CARRETERA,NACIONAL,PE-1NR,-5.121639,-80.128277,DESPEJADO,RURAL,TRAMO RECTO,PLANA ,ASFALTADA,,,,,EN PROCESO DE INVESTIGACIÓN,NO CUENTA CON CAUSA ESPECIFICA,6
A-2022-05-125,2022-05-09,13:00,CAÍDA DE PASAJERO,1,0,,CUSCO,QUISPICANCHI,CCARHUAYO,URBANA,AVENIDA,URBANO,NO CORRESPONDE,-13.5949741,-71.4000292,SOLEADO,RESIDENCIAL,TRAMO RECTO,PLANA ,CONCRETO,,,,,NEGLIGENCIA DEL CONDUCTOR,OTRO (NEGLIGENCIA DEL CONDUCTOR),13
A-2022-05-242,2022-05-09,17:30,CHOQUE,1,0,2.0,PIURA,SULLANA,SULLANA,URBANA,CARRETERA,NACIONAL,PE-1NL,-4.913453409734056,-80.6721137886538,DESPEJADO,RURAL,TRAMO RECTO,PLANA ,ASFALTADA,,,,,IMPRUDENCIA DEL CONDUCTOR,NO DAR PASO PREFERENTE AL PEATÓN,17
A-2022-05-138,2022-05-09,18:00,CHOQUE CON OBJETO FIJO,1,3,1.0,CUSCO,CANCHIS,SICUANI,URBANA,AVENIDA,URBANO,NO CORRESPONDE,-14.281336,-71.2278245,DESPEJADO,COMERCIAL,TRAMO RECTO,PLANA ,CONCRETO,,,,,IMPERICIA DEL CONDUCTOR,,18
A-2022-05-44,2022-05-09,18:30,CHOQUE,1,2,2.0,TUMBES,TUMBES,CORRALES,RURAL,CARRETERA,NACIONAL,PE-1N,-3.611388481298515,-80.50967921464728,DESPEJADO,RURAL,TRAMO RECTO,PLANA ,ASFALTADA,,,,,IMPRUDENCIA DEL CONDUCTOR,GIRAR IMPRUDENTEMENTE,18
A-2022-05-47,2022-05-09,19:45,DESPISTE,1,0,1.0,TUMBES,ZARUMILLA,MATAPALO,RURAL,CARRETERA,DEPARTAMENTAL,TU-101,-3.628754926432807,-80.19432755788802,DESPEJADO,RURAL,TRAMO RECTO,PLANA ,ASFALTADA,,,,,IMPRUDENCIA DEL CONDUCTOR,CONDUCIR EN ESTADO DE EBRIEDAD Y/O DROGADICCIÓN,19
A-2022-05-243,2022-05-09,22:20,CHOQUE,1,0,2.0,PIURA,SULLANA,SULLANA,URBANA,CARRETERA,NACIONAL,PE-1NL,-4.916179203674546,-80.66409399576936,DESPEJADO,RURAL,TRAMO RECTO,PLANA ,ASFALTADA,,,,,IMPRUDENCIA DEL CONDUCTOR,OTRO (IMPRUDENCIA DEL CONDUCTOR),22
A-2022-05-121,2022-05-10,09:35,DESPISTE,1,2,1.0,CUSCO,PAUCARTAMBO,CHALLABAMBA,RURAL,CARRETERA,PROVINCIAL,CU-991,-13.13389062520789,-71.7717922828925,DESPEJADO,RURAL,SINUOSA,INCLINADA,AFIRMADO,SI,PREVENTIVA (P),,NO,IMPERICIA DEL CONDUCTOR,,9
A-2022-05-128,2022-05-10,12:00,DESPISTE,1,4,1.0,CAJAMARCA,CAJAMARCA,MAGDALENA,RURAL,CARRETERA,SIN CLASIFICAR,SIN CLASIFICAR,-7.219264,-78.611895,SOLEADO,RURAL,CURVA,PLANA ,AFIRMADO,,,,,EN PROCESO DE INVESTIGACIÓN,NO CUENTA CON CAUSA ESPECIFICA,12
A-2022-05-156,2022-05-10,15:30,CHOQUE,7,1,2.0,PUNO,HUANCANE,HUANCANE,RURAL,CARRETERA,NACIONAL,PE-34H,-15.2355974,-69.8292837,DESPEJADO,RURAL,CURVA,PLANA ,ASFALTADA,,,,,IMPRUDENCIA DEL CONDUCTOR,INVASIÓN DE CARRIL,15
A-2022-05-170,2022-05-10,18:30,VOLCADURA,1,0,1.0,PUNO,HUANCANE,COJATA,RURAL,CARRETERA,DEPARTAMENTAL,PU-148,-15.142520990632432,-69.21831837040257,DESPEJADO,RURAL,TRAMO RECTO,PLANA ,TROCHA,,,,,IMPRUDENCIA DEL CONDUCTOR,EXCESO DE VELOCIDAD,18
A-2022-05-228,2022-05-11,03:00,DESPISTE,1,2,1.0,PUNO,SANDIA,YANAHUAYA,RURAL,CARRETERA,NACIONAL,PE-34H,-14.240761690814937,-69.15695065487148,DESPEJADO,RURAL,TRAMO RECTO,PLANA ,TROCHA,,,,,IMPRUDENCIA DEL CONDUCTOR,INVASIÓN DE CARRIL,3
A-2022-05-111,2022-05-11,04:30,CHOQUE,2,17,,LAMBAYEQUE,LAMBAYEQUE,MORROPE,RURAL,CARRETERA,NACIONAL,PE-1N,-6.455893,-80.132488,DESPEJADO,RURAL,TRAMO RECTO,PLANA ,ASFALTADA,,,,,EN PROCESO DE INVESTIGACIÓN,NO CUENTA CON CAUSA ESPECIFICA,4
A-2022-05-137,2022-05-11,06:40,ATROPELLO,1,0,2.0,CUSCO,CUSCO,SAN SEBASTIAN,URBANA,CARRETERA,PROVINCIAL,CU-1103,-13.509832,-71.913932,DESPEJADO,RESIDENCIAL,CURVA,INCLINADA,ASFALTADA,,,,,IMPRUDENCIA DEL CONDUCTOR,CONDUCIR EN ESTADO DE EBRIEDAD Y/O DROGADICCIÓN,6
A-2022-05-78,2022-05-12,07:15,CHOQUE,2,10,2.0,AREQUIPA,AREQUIPA,UCHUMAYO,RURAL,CARRETERA,NACIONAL,PE-34A,-16.470246,-71.692165,DESPEJADO,RURAL,TRAMO RECTO,INCLINADA,ASFALTADA,SI,PREVENTIVA (P),,SI,EN PROCESO DE INVESTIGACIÓN,NO CUENTA CON CAUSA ESPECIFICA,7
A-2022-05-39,2022-05-12,11:15,DESPISTE,1,2,1.0,PUNO,PUNO,ACORA,RURAL,CARRETERA,NACIONAL,PE-3S,-16.024146133773815,-69.73722878919689,DESPEJADO,RURAL,TRAMO RECTO,PLANA ,ASFALTADA,,,,,IMPRUDENCIA DEL CONDUCTOR,OTRO (IMPRUDENCIA DEL CONDUCTOR),11
A-2022-05-73,2022-05-12,16:30,CHOQUE,1,1,2.0,LA LIBERTAD,VIRU,VIRU,RURAL,CARRETERA,NACIONAL,PE-1N,-8.377373,-78.860858,DESPEJADO,RURAL,TRAMO RECTO,PLANA ,ASFALTADA,,,,,IMPRUDENCIA DEL CONDUCTOR,OTRO (IMPRUDENCIA DEL CONDUCTOR),16
A-2022-05-157,2022-05-12,17:45,ATROPELLO,1,0,1.0,PUNO,SAN ROMAN,CABANILLAS,RURAL,CARRETERA,NACIONAL,PE-34A,-15.6469796,-70.3557862,DESPEJADO,RURAL,TRAMO RECTO,PLANA ,ASFALTADA,,,,,IMPRUDENCIA DEL PEATÓN,CRUCE INDEBIDO POR LA CALZADA,17
A-2022-05-229,2022-05-12,21:00,DESPISTE,1,3,,JUNIN,CHANCHAMAYO,CHANCHAMAYO,RURAL,CARRETERA,NACIONAL,PE-22B,-10.99535598018256,-75.31456226825117,,,,,,,,,,EN PROCESO DE INVESTIGACIÓN,NO CUENTA CON CAUSA ESPECIFICA,21
A-2022-05-213,2022-05-12,22:46,ATROPELLO,1,0,,LIMA,LIMA,SAN JUAN DE LURIGANCHO,URBANA,AVENIDA,URBANO,NO CORRESPONDE,-11.984402,-77.015373,,,,,,,,,,EN PROCESO DE INVESTIGACIÓN,NO CUENTA CON CAUSA ESPECIFICA,22
A-2022-05-153,2022-05-13,01:30,ATROPELLO,1,0,1.0,LA LIBERTAD,SANCHEZ CARRION,HUAMACHUCO,RURAL,CARRETERA,NACIONAL,PE-3N,-7.798368,-77.979569,DESPEJADO,RURAL,TRAMO RECTO,PLANA ,ASFALTADA,,,,,IMPRUDENCIA DEL CONDUCTOR,OTRO (IMPRUDENCIA DEL CONDUCTOR),1
A-2022-05-51,2022-05-13,04:00,DESPISTE,1,0,1.0,ANCASH,MARISCAL LUZURIAGA,LLUMPA,RURAL,CARRETERA,NACIONAL,PE-14C,-8.954780824501626,-77.36403224784864,SOLEADO,RURAL,SINUOSA,PLANA ,AFIRMADO,,,,,IMPRUDENCIA DEL CONDUCTOR,FATIGA Y/O CANSANCIO,4
A-2022-05-215,2022-05-13,05:30,ATROPELLO,1,0,,LIMA,LIMA,LURIGANCHO,URBANA,AVENIDA,URBANO,NO CORRESPONDE,-12.0193984,-76.9187015,,,,,,,,,,EN PROCESO DE INVESTIGACIÓN,NO CUENTA CON CAUSA ESPECIFICA,5
A-2022-05-67,2022-05-13,13:20,ATROPELLO,1,0,0.0,CALLAO,CALLAO,CALLAO,URBANA,AVENIDA,URBANO,NO CORRESPONDE,-12.049602371925683,-77.11083950430451,DESPEJADO,INDUSTRIAL,TRAMO RECTO,PLANA ,ASFALTADA,NO,,,SI,IMPRUDENCIA DEL PEATÓN,OTRO (IMPRUDENCIA DEL PEATÓN),13
A-2022-05-233,2022-05-13,14:50,DESPISTE,3,3,1.0,JUNIN,CONCEPCION,MITO,RURAL,CARRETERA,NACIONAL,PE-3SB,-11.9460573130092,-75.328205332467,DESPEJADO,RURAL,TRAMO RECTO,PLANA ,ASFALTADA,,,,,IMPRUDENCIA DEL CONDUCTOR,CONDUCIR EN ESTADO DE EBRIEDAD Y/O DROGADICCIÓN,14
A-2022-05-248,2022-05-13,15:20,DESPISTE,1,1,1.0,LIMA,HUAURA,AMBAR,RURAL,CARRETERA,PROVINCIAL,LM-560,-10.75023591567628,-77.26211927017157,DESPEJADO,RURAL,CURVA,PLANA ,AFIRMADO,,,,,IMPERICIA DEL CONDUCTOR,,15
A-2022-05-79,2022-05-13,18:13,ATROPELLO,1,1,1.0,AREQUIPA,AREQUIPA,LA JOYA,URBANA,CARRETERA,NACIONAL,PE-1S,-16.497109,-71.835723,DESPEJADO,COMERCIAL,INTERSECCIÓN,PLANA ,ASFALTADA,NO,,,SI,EN PROCESO DE INVESTIGACIÓN,NO CUENTA CON CAUSA ESPECIFICA,18
A-2022-05-48,2022-05-13,18:30,CHOQUE,2,0,2.0,PUNO,EL COLLAO,SANTA ROSA,RURAL,CARRETERA,NACIONAL,PE-38,-16.90780928709047,-69.70675279593272,DESPEJADO,RURAL,CURVA,PLANA ,ASFALTADA,,,,,IMPRUDENCIA DEL CONDUCTOR,CONDUCIR EN SENTIDO CONTRARIO,18
A-2022-05-158,2022-05-13,20:15,CHOQUE FUGA,1,0,2.0,PUNO,SAN ROMAN,JULIACA,URBANA,CARRETERA,NACIONAL,PE-34A,-15.5243284,-70.1819582,DESPEJADO,INDUSTRIAL,TRAMO RECTO,PLANA ,ASFALTADA,,,,,IMPRUDENCIA DEL CONDUCTOR,EXCESO DE VELOCIDAD,20
A-2022-05-162,2022-05-14,04:15,DESPISTE,1,0,1.0,PIURA,PIURA,PIURA,RURAL,AVENIDA,URBANO,NO CORRESPONDE,-5.182029,-80.638654,DESPEJADO,COMERCIAL,TRAMO RECTO,PLANA ,ASFALTADA,,,,,IMPRUDENCIA DEL CONDUCTOR,CONDUCIR EN ESTADO DE EBRIEDAD Y/O DROGADICCIÓN,4
A-2022-05-257,2022-05-14,12:30,ATROPELLO,1,0,,LIMA,LIMA,SANTIAGO DE SURCO,URBANA,AVENIDA,URBANO,NO CORRESPONDE,-12.1283137,-76.9951014,,,,,,,,,,EN PROCESO DE INVESTIGACIÓN,NO CUENTA CON CAUSA ESPECIFICA,12
A-2022-05-72,2022-05-14,16:25,DESPISTE,9,18,1.0,ANCASH,SIHUAS,CASHAPAMPA,RURAL,CARRETERA,NACIONAL,PE-12A,-8.564146651819044,-77.63079332757098,NUBLADO,RURAL,TRAMO RECTO,INCLINADA,AFIRMADO,SI,REGULADORA (R),,SI,EN PROCESO DE INVESTIGACIÓN,NO CUENTA CON CAUSA ESPECIFICA,16
A-2022-05-173,2022-05-14,18:00,CHOQUE,1,0,1.0,PUNO,AZANGARO,CAMINACA,RURAL,CARRETERA,DEPARTAMENTAL,PU-113,-15.366502281014483,-70.08432442339543,DESPEJADO,RURAL,TRAMO RECTO,PLANA ,ASFALTADA,,,,,IMPRUDENCIA DEL CONDUCTOR,EXCESO DE VELOCIDAD,18
A-2022-05-195,2022-05-14,19:00,ATROPELLO,1,0,1.0,PASCO,PASCO,HUAYLLAY,URBANA,CARRETERA,NACIONAL,PE-20A,-10.994750396287248,-76.35567281454678,DESPEJADO,COMERCIAL,TRAMO RECTO,PLANA ,ASFALTADA,SI,REGULADORA (R),,SI,IMPRUDENCIA DEL CONDUCTOR,OTRO (IMPRUDENCIA DEL CONDUCTOR),19
A-2022-05-74,2022-05-14,21:30,CHOQUE,1,0,2.0,LA LIBERTAD,TRUJILLO,EL PORVENIR,URBANA,AVENIDA,URBANO,NO CORRESPONDE,-8.0694,-79.034274,DESPEJADO,RESIDENCIAL,INTERSECCIÓN,PLANA ,ASFALTADA,,,,,EN PROCESO DE INVESTIGACIÓN,NO CUENTA CON CAUSA ESPECIFICA,21
A-2022-05-112,2022-05-15,03:15,CHOQUE,1,1,,LAMBAYEQUE,LAMBAYEQUE,JAYANCA,RURAL,CARRETERA,PROVINCIAL,LA-559,-6.38934,-79.75543,DESPEJADO,RURAL,TRAMO RECTO,PLANA ,ASFALTADA,SI,PREVENTIVA (P),,NO,EN PROCESO DE INVESTIGACIÓN,NO CUENTA CON CAUSA ESPECIFICA,3
A-2022-05-113,2022-05-15,05:00,CHOQUE,1,0,,LAMBAYEQUE,LAMBAYEQUE,LAMBAYEQUE,RURAL,CARRETERA,NACIONAL,PE-1N,-6.6910073,-79.9038109,DESPEJADO,RURAL,TRAMO RECTO,PLANA ,ASFALTADA,,,,,EN PROCESO DE INVESTIGACIÓN,NO CUENTA CON CAUSA ESPECIFICA,5
A-2022-05-129,2022-05-15,10:30,CHOQUE,1,0,2.0,CUSCO,CALCA,YANATILE,RURAL,CARRETERA,DEPARTAMENTAL,CU-105,-12.678571,-72.285681,SOLEADO,RURAL,SINUOSA,PLANA ,ASFALTADA,,,,,IMPERICIA DEL CONDUCTOR,,10
A-2022-05-193,2022-05-15,16:00,CHOQUE FUGA,1,1,1.0,HUANUCO,LEONCIO PRADO,JOSE CRESPO Y CASTILLO,RURAL,CARRETERA,NACIONAL,PE-5N,-8.905989,-76.093755,DESPEJADO,RURAL,TRAMO RECTO,PLANA ,ASFALTADA,,,,,EN PROCESO DE INVESTIGACIÓN,NO CUENTA CON CAUSA ESPECIFICA,16
A-2022-05-171,2022-05-15,18:30,CHOQUE,2,0,2.0,PUNO,SAN ANTONIO DE PUTINA,ANANEA,RURAL,CARRETERA,NACIONAL,PE-34H,-14.662329891518588,-69.57634081744473,DESPEJADO,RURAL,TRAMO RECTO,PLANA ,ASFALTADA,,,,,IMPRUDENCIA DEL CONDUCTOR,EXCESO DE VELOCIDAD,18
A-2022-05-63,2022-05-15,19:45,VOLCADURA,1,0,1.0,ICA,ICA,ICA,URBANA,AVENIDA,URBANO,NO CORRESPONDE,-14.077721,-75.732901,DESPEJADO,RESIDENCIAL,TRAMO RECTO,PLANA ,ASFALTADA,NO,,,SI,EN PROCESO DE INVESTIGACIÓN,NO CUENTA CON CAUSA ESPECIFICA,19
A-2022-05-236,2022-05-15,20:20,ATROPELLO FUGA,1,0,1.0,LIMA,HUARAL,CHANCAY,URBANA,CARRETERA,NACIONAL,PE-1N,-11.57892,-77.2619,DESPEJADO,RESIDENCIAL,TRAMO RECTO,PLANA ,ASFALTADA,SI,REGULADORA (R),,NO,IMPRUDENCIA DEL PEATÓN,ESTADO DE EBRIEDAD Y/O DROGADICCIÓN,20
A-2022-05-258,2022-05-15,20:20,CHOQUE,1,1,,LIMA,LIMA,CHORRILLOS,URBANA,AVENIDA,URBANO,NO CORRESPONDE,-12.160096,-77.018885,,,,,,,,,,EN PROCESO DE INVESTIGACIÓN,NO CUENTA CON CAUSA ESPECIFICA,20
A-2022-05-61,2022-05-16,04:00,CHOQUE,2,0,2.0,ICA,ICA,SALAS,RURAL,CARRETERA,NACIONAL,PE-1S,-13.958563,-75.78566,DESPEJADO,RURAL,TRAMO RECTO,PLANA ,ASFALTADA,,,,,EN PROCESO DE INVESTIGACIÓN,NO CUENTA CON CAUSA ESPECIFICA,4
A-2022-05-259,2022-05-16,10:20,CHOQUE,1,0,,LIMA,LIMA,CARABAYLLO,URBANA,AVENIDA,URBANO,NO CORRESPONDE,-11.8436756,-77.0425209,,,,,,,,,,EN PROCESO DE INVESTIGACIÓN,NO CUENTA CON CAUSA ESPECIFICA,10
A-2022-05-160,2022-05-16,10:30,CHOQUE,1,0,2.0,PIURA,PIURA,CATACAOS,RURAL,CARRETERA,NACIONAL,PE-1N,-5.295863,-80.617741,DESPEJADO,RURAL,PASE A DESNIVEL,INCLINADA,ADOQUINADO,,,,,IMPRUDENCIA DEL CONDUCTOR,INVASIÓN DE CARRIL,10
A-2022-05-59,2022-05-16,10:30,ATROPELLO,1,0,0.0,TUMBES,CONTRALMIRANTE VILLAR,ZORRITOS,RURAL,CARRETERA,NACIONAL,PE-1N,-3.684780265894736,-80.68891524247249,SOLEADO,RURAL,TRAMO RECTO,PLANA ,ASFALTADA,,,,,IMPRUDENCIA DEL PEATÓN,CRUCE INDEBIDO POR LA CALZADA,10
A-2022-05-244,2022-05-16,19:00,ATROPELLO,1,0,1.0,PIURA,SULLANA,SULLANA,RURAL,CARRETERA,NACIONAL,PE-1N,-5.016998967166749,-80.70028238695588,DESPEJADO,RURAL,TRAMO RECTO,PLANA ,ASFALTADA,,,,,IMPRUDENCIA DEL PEATÓN,ESTADO DE EBRIEDAD Y/O DROGADICCIÓN,19
A-2022-05-114,2022-05-16,23:00,CHOQUE,1,0,2.0,LAMBAYEQUE,CHICLAYO,POMALCA,RURAL,CARRETERA,NACIONAL,PE-06A,-6.7522605,-79.725199,DESPEJADO,RURAL,TRAMO RECTO,PLANA ,ASFALTADA,NO,,,NO,EN PROCESO DE INVESTIGACIÓN,NO CUENTA CON CAUSA ESPECIFICA,23
A-2022-05-196,2022-05-17,02:40,ESPECIAL,1,0,0.0,LIMA,LIMA,RIMAC,URBANA,ALAMEDA,URBANO,NO CORRESPONDE,-12.033891052582716,-77.0258339565766,DESPEJADO,RESIDENCIAL,TRAMO RECTO,PLANA ,ASFALTADA,,,,,EN PROCESO DE INVESTIGACIÓN,NO CUENTA CON CAUSA ESPECIFICA,2
A-2022-05-151,2022-05-17,09:00,CHOQUE,1,0,,CAJAMARCA,CAJAMARCA,CAJAMARCA,URBANA,CARRETERA,NACIONAL,PE-08B,-7.16561589,-78.50029531,DESPEJADO,RURAL,OTRO,PLANA ,ASFALTADA,,,,,EN PROCESO DE INVESTIGACIÓN,NO CUENTA CON CAUSA ESPECIFICA,9
A-2022-05-147,2022-05-17,15:45,VOLCADURA,1,0,1.0,HUANCAVELICA,ANGARAES,CONGALLA,RURAL,CARRETERA,SIN CLASIFICAR,SIN CLASIFICAR,-12.969261,-74.528495,DESPEJADO,RURAL,OTRO,INCLINADA,TROCHA,,,,,EN PROCESO DE INVESTIGACIÓN,NO CUENTA CON CAUSA ESPECIFICA,15
A-2022-05-80,2022-05-17,18:30,ATROPELLO,1,0,1.0,AREQUIPA,AREQUIPA,YURA,URBANA,CARRETERA,NACIONAL,PE-34A,-16.2505026466129,-71.6779159628935,DESPEJADO,RESIDENCIAL,TRAMO RECTO,PLANA ,ASFALTADA,NO,,,SI,EN PROCESO DE INVESTIGACIÓN,NO CUENTA CON CAUSA ESPECIFICA,18
A-2022-05-260,2022-05-18,05:40,ATROPELLO FUGA,1,0,,LIMA,LIMA,SAN JUAN DE LURIGANCHO,URBANA,AVENIDA,URBANO,NO CORRESPONDE,-11.97259,-76.99189,,,,,,,,,,EN PROCESO DE INVESTIGACIÓN,NO CUENTA CON CAUSA ESPECIFICA,5
A-2022-05-99,2022-05-18,08:00,CHOQUE,2,0,2.0,AREQUIPA,AREQUIPA,CERRO COLORADO,URBANA,CARRETERA,NACIONAL,PE-34A,-16.400563605979364,-71.58423260368195,DESPEJADO,COMERCIAL,INTERSECCIÓN,INCLINADA,ASFALTADA,,,,,EN PROCESO DE INVESTIGACIÓN,NO CUENTA CON CAUSA ESPECIFICA,8