codigo_siniestro,fecha_siniestro,hora_siniestro,clase_siniestro,cantidad_fallecidos,cantidad_lesionados,cantidad_vehiculos_danados,departamento,provincia,distrito,zona,tipo_via,red_vial,cod_carretera,latitud,longitud,condicion_climatica,zonificacion,caracteristicas_via,perfil_longitudinal_via,superficie_calzada,existe_senal_vertical,clasificacion_senal_vertical_1,clasificacion_senal_vertical_2,existe_senal_horizontal,causa_factor_principal,causa_especifica,hora_del_dia
A-2022-05-139,2022-05-18,15:45,DESPISTE,2,2,1.0,ANCASH,SIHUAS,SAN JUAN,RURAL,CARRETERA,PROVINCIAL,AN-575,-8.601897639050883,-77.5813508444709,DESPEJADO,RURAL,SINUOSA,PLANA ,AFIRMADO,,,,,EN PROCESO DE INVESTIGACIÓN,NO CUENTA CON CAUSA ESPECIFICA,15
A-2022-05-115,2022-05-19,10:25,CHOQUE,1,0,,LAMBAYEQUE,CHICLAYO,CHICLAYO,URBANA,AVENIDA,URBANO,NO CORRESPONDE,-6.7814,-79.8371,DESPEJADO,RESIDENCIAL,INTERSECCIÓN,PLANA ,ASFALTADA,,,,,IMPRUDENCIA DEL CONDUCTOR,NO ESTABLECER EL DERECHO DE PASO,10
A-2022-05-230,2022-05-19,12:30,CHOQUE,2,1,,PASCO,OXAPAMPA,VILLA RICA,URBANA,CARRETERA,NACIONAL,PE-5N,-10.742715145971738,-75.28161434092334,,,,,,,,,,EN PROCESO DE INVESTIGACIÓN,NO CUENTA CON CAUSA ESPECIFICA,12
A-2022-05-75,2022-05-19,13:00,CHOQUE,1,2,2.0,LA LIBERTAD,VIRU,CHAO,RURAL,CARRETERA,PROVINCIAL,LI-1206,-8.570562699842977,-78.71639461497162,DESPEJADO,RURAL,TRAMO RECTO,PLANA ,AFIRMADO,,,,,EN PROCESO DE INVESTIGACIÓN,NO CUENTA CON CAUSA ESPECIFICA,13
A-2022-05-123,2022-05-20,05:30,CHOQUE CON OBJETO FIJO,1,0,1.0,CUSCO,QUISPICANCHI,OCONGATE,URBANA,CARRETERA,NACIONAL,PE-30C,-13.633322,-71.383243,DESPEJADO,RURAL,CURVA,PLANA ,ASFALTADA,NO,,,SI,IMPRUDENCIA DEL CONDUCTOR,EXCESO DE VELOCIDAD,5
A-2022-05-104,2022-05-20,18:30,ESPECIAL,5,0,1.0,ANCASH,SIHUAS,SICSIBAMBA,RURAL,CARRETERA,PROVINCIAL,AN-575,-8.599303937013753,-77.5788939802409,DESPEJADO,RURAL,SINUOSA,PLANA ,AFIRMADO,SI,PREVENTIVA (P),,NO,EN PROCESO DE INVESTIGACIÓN,NO CUENTA CON CAUSA ESPECIFICA,18
A-2022-05-241,2022-05-20,18:30,ATROPELLO,1,0,,JUNIN,CONCEPCION,ORCOTUNA,URBANA,CARRETERA,NACIONAL,PE-3SB,-11.965227558079103,-75.30833759209574,DESPEJADO,RURAL,TRAMO RECTO,PLANA ,ASFALTADA,NO,,,SI,IMPRUDENCIA DEL CONDUCTOR,OTRO (IMPRUDENCIA DEL CONDUCTOR),18
A-2022-05-231,2022-05-20,20:00,DESPISTE,1,0,,JUNIN,SATIPO,RIO NEGRO,RURAL,CARRETERA,SIN CLASIFICAR,SIN CLASIFICAR,-11.21295335910498,-74.66224878398413,,,,,,,,,,EN PROCESO DE INVESTIGACIÓN,NO CUENTA CON CAUSA ESPECIFICA,20
A-2022-05-116,2022-05-21,04:00,ATROPELLO FUGA,1,0,,LAMBAYEQUE,LAMBAYEQUE,JAYANCA,URBANA,CARRETERA,NACIONAL,PE-1NJ,-6.387917,-79.819777,DESPEJADO,RESIDENCIAL,TRAMO RECTO,PLANA ,ASFALTADA,,,,,EN PROCESO DE INVESTIGACIÓN,NO CUENTA CON CAUSA ESPECIFICA,4
A-2022-05-163,2022-05-21,06:00,CHOQUE,1,0,2.0,PIURA,PIURA,CASTILLA,RURAL,CARRETERA,NACIONAL,PE-1NJ,-5.1506,-80.47459,DESPEJADO,RURAL,TRAMO RECTO,PLANA ,ASFALTADA,,,,,EN PROCESO DE INVESTIGACIÓN,NO CUENTA CON CAUSA ESPECIFICA,6
A-2022-05-117,2022-05-21,15:50,CHOQUE,1,2,2.0,LAMBAYEQUE,LAMBAYEQUE,MOCHUMI,RURAL,CARRETERA,PROVINCIAL,LA-647,-6.534687,-79.912711,DESPEJADO,RURAL,INTERSECCIÓN,PLANA ,ASFALTADA,,,,,EN PROCESO DE INVESTIGACIÓN,NO CUENTA CON CAUSA ESPECIFICA,15
A-2022-05-84,2022-05-21,20:00,ATROPELLO,1,0,1.0,PUNO,CHUCUITO,JULI,RURAL,CARRETERA,NACIONAL,PE-3S,-16.218310263745206,-69.49077599235127,DESPEJADO,RURAL,TRAMO RECTO,PLANA ,ASFALTADA,,,,,IMPRUDENCIA DEL PEATÓN,CRUCE INDEBIDO POR LA CALZADA,20
A-2022-05-245,2022-05-22,08:30,CHOQUE,1,0,2.0,PIURA,SULLANA,LANCONES,RURAL,CARRETERA,NACIONAL,PE-1NN,-4.562178544039255,-80.48681071173851,DESPEJADO,RURAL,TRAMO RECTO,PLANA ,ASFALTADA,,,,,IMPRUDENCIA DEL CONDUCTOR,OTRO (IMPRUDENCIA DEL CONDUCTOR),8
A-2022-05-261,2022-05-22,10:00,DESPISTE,1,0,,LIMA,LIMA,COMAS,URBANA,AVENIDA,URBANO,NO CORRESPONDE,-11.9472089,-77.06073543,,,,,,,,,,EN PROCESO DE INVESTIGACIÓN,NO CUENTA CON CAUSA ESPECIFICA,10
A-2022-05-212,2022-05-22,11:10,VOLCADURA,1,0,,APURIMAC,GRAU,CHUQUIBAMBILLA,URBANA,CARRETERA,NACIONAL,PE-3SF,-14.10356582408187,-72.7059108655267,,,,,,,,,,EN PROCESO DE INVESTIGACIÓN,NO CUENTA CON CAUSA ESPECIFICA,11
A-2022-05-246,2022-05-22,12:00,DESPISTE,1,0,1.0,PIURA,SULLANA,SULLANA,RURAL,CARRETERA,PROVINCIAL,PI-579,-4.781,-80.536,DESPEJADO,RURAL,CURVA,PLANA ,AFIRMADO,,,,,IMPRUDENCIA DEL CONDUCTOR,OTRO (IMPRUDENCIA DEL CONDUCTOR),12
A-2022-05-133,2022-05-22,14:00,DESPISTE,3,0,1.0,CUSCO,CANCHIS,COMBAPATA,RURAL,CARRETERA,SIN CLASIFICAR,SIN CLASIFICAR,-14.1294,-71.2436,SOLEADO,RURAL,CURVA,INCLINADA,TROCHA,SI,PREVENTIVA (P),,NO,IMPERICIA DEL CONDUCTOR,,14
A-2022-05-82,2022-05-22,19:20,ATROPELLO,1,0,1.0,ICA,ICA,ICA,URBANA,CARRETERA,NACIONAL,PE-1S,-14.070721665571629,-75.73888862919776,DESPEJADO,COMERCIAL,TRAMO RECTO,PLANA ,ASFALTADA,SI,INFORMATIVA (I),,NO,EN PROCESO DE INVESTIGACIÓN,NO CUENTA CON CAUSA ESPECIFICA,19
A-2022-05-252,2022-05-22,19:30,CHOQUE,1,0,,JUNIN,TARMA,PALCA,RURAL,CARRETERA,NACIONAL,PE-22B,-11.27715335576957,-75.56268806467526,DESPEJADO,RURAL,TÚNEL,PLANA ,ASFALTADA,,,,,IMPRUDENCIA DEL CONDUCTOR,EXCESO DE VELOCIDAD,19
A-2022-05-85,2022-05-23,02:30,DESPISTE,2,4,1.0,PUNO,CHUCUITO,POMATA,RURAL,CARRETERA,NACIONAL,PE-3S,-16.357683,-69.234044,DESPEJADO,RURAL,TRAMO RECTO,PLANA ,ASFALTADA,,,,,IMPRUDENCIA DEL CONDUCTOR,FATIGA Y/O CANSANCIO,2
A-2022-05-101,2022-05-23,03:15,DESPISTE,1,0,1.0,APURIMAC,ANDAHUAYLAS,ANDAHUAYLAS,URBANA,CARRETERA,PROVINCIAL,AP-680,-13.665200139807494,-73.3918207238662,DESPEJADO,RESIDENCIAL,INTERSECCIÓN,PLANA ,AFIRMADO,,,,,IMPRUDENCIA DEL CONDUCTOR,CONDUCIR EN ESTADO DE EBRIEDAD Y/O DROGADICCIÓN,3
A-2022-05-102,2022-05-23,16:50,CHOQUE,1,0,2.0,LA LIBERTAD,PACASMAYO,GUADALUPE,RURAL,CARRETERA,NACIONAL,PE-1N,-7.310261,-79.480748,DESPEJADO,RURAL,TRAMO RECTO,PLANA ,ASFALTADA,,,,,IMPRUDENCIA DEL CONDUCTOR,NO ESTABLECER EL DERECHO DE PASO,16
A-2022-05-93,2022-05-23,18:30,CHOQUE FUGA,1,1,1.0,ICA,ICA,PARCONA,URBANA,AVENIDA,URBANO,NO CORRESPONDE,-14.04632,-75.698566,DESPEJADO,RESIDENCIAL,INTERSECCIÓN,PLANA ,ASFALTADA,,,,,EN PROCESO DE INVESTIGACIÓN,NO CUENTA CON CAUSA ESPECIFICA,18
A-2022-05-262,2022-05-23,19:30,ATROPELLO,1,0,,LIMA,LIMA,LOS OLIVOS,URBANA,AVENIDA,URBANO,NO CORRESPONDE,-11.9769816,-77.0724298,,,,,,,,,,EN PROCESO DE INVESTIGACIÓN,NO CUENTA CON CAUSA ESPECIFICA,19
A-2022-05-216,2022-05-23,21:15,CHOQUE,1,1,2.0,HUANUCO,AMBO,AMBO,URBANA,CARRETERA,NACIONAL,PE-3N,-10.090184,-76.217113,DESPEJADO,RURAL,CURVA,PLANA ,ASFALTADA,,,,,IMPRUDENCIA DEL CONDUCTOR,CONDUCIR EN ESTADO DE EBRIEDAD Y/O DROGADICCIÓN,21
A-2022-05-197,2022-05-23,23:00,ATROPELLO,1,0,0.0,LIMA,LIMA,PACHACAMAC,URBANA,CARRETERA,PROVINCIAL,LM-796,-12.101234771981082,-76.87805603670515,DESPEJADO,ESCOLAR,TRAMO RECTO,PLANA ,ASFALTADA,,,,,EN PROCESO DE INVESTIGACIÓN,NO CUENTA CON CAUSA ESPECIFICA,23
A-2022-05-263,2022-05-24,05:40,CHOQUE FUGA,1,0,,LIMA,LIMA,ATE,URBANA,CARRETERA,PROVINCIAL,LM-718,-12.0311476643002,-76.8921089147878,,,,,,,,,,EN PROCESO DE INVESTIGACIÓN,NO CUENTA CON CAUSA ESPECIFICA,5
A-2022-05-251,2022-05-24,06:50,ESPECIAL,1,0,1.0,LIMA,HUAURA,HUACHO,URBANA,AVENIDA,URBANO,NO CORRESPONDE,-11.102276,-77.597754,DESPEJADO,RESIDENCIAL,TRAMO RECTO,PLANA ,ASFALTADA,,,,,EN PROCESO DE INVESTIGACIÓN,NO CUENTA CON CAUSA ESPECIFICA,6
A-2022-05-140,2022-05-24,07:30,ATROPELLO,1,0,,ANCASH,CARHUAZ,TINCO,URBANA,CARRETERA,PROVINCIAL,AN-1094,-9.270855311589902,-77.67914251230266,DESPEJADO,RESIDENCIAL,INTERSECCIÓN,PLANA ,ASFALTADA,,,,,EN PROCESO DE INVESTIGACIÓN,NO CUENTA CON CAUSA ESPECIFICA,7
A-2022-05-164,2022-05-24,08:00,ATROPELLO FUGA,1,0,,PIURA,PIURA,CURA MORI,RURAL,CARRETERA,NACIONAL,PE-1N,-5.389647,-80.614189,DESPEJADO,RURAL,TRAMO RECTO,PLANA ,ASFALTADA,,,,,EN PROCESO DE INVESTIGACIÓN,NO CUENTA CON CAUSA ESPECIFICA,8
A-2022-05-174,2022-05-24,19:00,ATROPELLO FUGA,1,0,0.0,PUNO,MOHO,MOHO,RURAL,CARRETERA,NACIONAL,PE-34I,-15.296643,-69.6199068,DESPEJADO,RURAL,TRAMO RECTO,PLANA ,ASFALTADA,,,,,IMPRUDENCIA DEL CONDUCTOR,EXCESO DE VELOCIDAD,19
A-2022-05-127,2022-05-24,22:30,DESPISTE,1,1,1.0,CUSCO,CALCA,LARES,RURAL,CARRETERA,DEPARTAMENTAL,CU-105,-13.031013,-71.980191,NUBLADO,RURAL,CURVA,INCLINADA,AFIRMADO,,,,,IMPRUDENCIA DEL CONDUCTOR,FATIGA Y/O CANSANCIO,22
A-2022-05-254,2022-05-25,02:15,ATROPELLO FUGA,1,0,1.0,LIMA,HUARAL,AUCALLAMA,URBANA,CARRETERA,NACIONAL,PE-1N,-11.61153,-77.23506,DESPEJADO,COMERCIAL,TRAMO RECTO,PLANA ,ASFALTADA,,,,,EN PROCESO DE INVESTIGACIÓN,NO CUENTA CON CAUSA ESPECIFICA,2
A-2022-05-161,2022-05-25,03:00,DESPISTE,1,3,1.0,TACNA,TARATA,ESTIQUE-PAMPA,RURAL,CARRETERA,NACIONAL,PE-38,-17.5277109,-70.0362652,DESPEJADO,RURAL,CURVA,PLANA ,ASFALTADA,,,,,NEGLIGENCIA DEL CONDUCTOR,OTRO (NEGLIGENCIA DEL CONDUCTOR),3
A-2022-05-92,2022-05-25,06:00,DESPISTE,1,0,1.0,ICA,PISCO,SAN CLEMENTE,URBANA,CARRETERA,NACIONAL,PE-28A,-13.682240055849617,-76.10700038200025,DESPEJADO,RURAL,TRAMO RECTO,PLANA ,ASFALTADA,,,,,IMPRUDENCIA DEL CONDUCTOR,EXCESO DE VELOCIDAD,6
A-2022-05-94,2022-05-25,19:40,CHOQUE,1,0,3.0,ICA,PALPA,PALPA,RURAL,CARRETERA,DEPARTAMENTAL,IC-111,-14.537617,-75.162942,DESPEJADO,RURAL,CURVA,INCLINADA,ASFALTADA,SI,PREVENTIVA (P),,SI,IMPRUDENCIA DEL CONDUCTOR,INVASIÓN DE CARRIL,19
A-2022-05-247,2022-05-26,06:00,CHOQUE,1,0,2.0,PIURA,SULLANA,MARCAVELICA,RURAL,CARRETERA,NACIONAL,PE-1N,-4.857721850190255,-80.73245275661782,DESPEJADO,RURAL,CURVA,PLANA ,ASFALTADA,,,,,IMPRUDENCIA DEL CONDUCTOR,INVASIÓN DE CARRIL,6
A-2022-05-269,2022-05-26,06:30,CHOQUE,1,0,,PIURA,PIURA,CASTILLA,URBANA,CARRETERA,DEPARTAMENTAL,PI-126,-5.18722,-80.6098516,DESPEJADO,RURAL,TRAMO RECTO,PLANA ,ADOQUINADO,,,,,IMPRUDENCIA DEL CONDUCTOR,NO ESTABLECER EL DERECHO DE PASO,6
A-2022-05-118,2022-05-26,08:00,CHOQUE,1,0,,LAMBAYEQUE,CHICLAYO,JOSE LEONARDO ORTIZ,RURAL,CARRETERA,DEPARTAMENTAL,LA-111,-6.738707,-79.79274,DESPEJADO,RURAL,TRAMO RECTO,PLANA ,ASFALTADA,,,,,EN PROCESO DE INVESTIGACIÓN,NO CUENTA CON CAUSA ESPECIFICA,8
A-2022-05-264,2022-05-26,09:50,CHOQUE,1,0,,LIMA,LIMA,SAN JUAN DE LURIGANCHO,URBANA,AVENIDA,URBANO,NO CORRESPONDE,-11.963306,-77.008072,,,,,,,,,,EN PROCESO DE INVESTIGACIÓN,NO CUENTA CON CAUSA ESPECIFICA,9
A-2022-05-100,2022-05-26,11:10,ATROPELLO,1,0,1.0,AREQUIPA,AREQUIPA,CERRO COLORADO,URBANA,CARRETERA,NACIONAL,PE-34A,-16.405982,-71.591284,DESPEJADO,RESIDENCIAL,TRAMO RECTO,INCLINADA,ASFALTADA,NO,,,SI,EN PROCESO DE INVESTIGACIÓN,NO CUENTA CON CAUSA ESPECIFICA,11
A-2022-05-253,2022-05-26,19:40,CAÍDA DE PASAJERO,1,0,,JUNIN,HUANCAYO,PUCARA,RURAL,CARRETERA,SIN CLASIFICAR,SIN CLASIFICAR,-12.198919699705572,-75.07859247916672,DESPEJADO,RURAL,SINUOSA,PLANA ,TROCHA,,,,,IMPRUDENCIA DEL CONDUCTOR,CONDUCIR EN ESTADO DE EBRIEDAD Y/O DROGADICCIÓN,19
A-2022-05-239,2022-05-26,23:00,CHOQUE CON OBJETO FIJO,1,0,1.0,ICA,CHINCHA,EL CARMEN,RURAL,CARRETERA,SIN CLASIFICAR,SIN CLASIFICAR,-13.483962,-76.033743,DESPEJADO,RURAL,TRAMO RECTO,PLANA ,TROCHA,,,,,IMPRUDENCIA DEL CONDUCTOR,CONDUCIR EN ESTADO DE EBRIEDAD Y/O DROGADICCIÓN,23
A-2022-05-218,2022-05-27,04:00,ATROPELLO FUGA,1,0,,LIMA,HUARAL,AUCALLAMA,URBANA,CARRETERA,NACIONAL,PE-1NA,-11.61655,-77.22741,DESPEJADO,COMERCIAL,TRAMO RECTO,PLANA ,ASFALTADA,,,,,EN PROCESO DE INVESTIGACIÓN,NO CUENTA CON CAUSA ESPECIFICA,4
A-2022-05-265,2022-05-27,06:15,CHOQUE FUGA,1,1,,LIMA,LIMA,SAN JUAN DE MIRAFLORES,URBANA,AVENIDA,URBANO,NO CORRESPONDE,-12.18605,-76.97927,,,,,,,,,,EN PROCESO DE INVESTIGACIÓN,NO CUENTA CON CAUSA ESPECIFICA,6
A-2022-05-175,2022-05-27,18:40,DESPISTE,1,0,1.0,PUNO,MELGAR,AYAVIRI,RURAL,CARRETERA,NACIONAL,PE-3S,-14.8408481,-70.6528306,DESPEJADO,RURAL,TRAMO RECTO,PLANA ,ASFALTADA,,,,,IMPRUDENCIA DEL CONDUCTOR,CONDUCIR EN ESTADO DE EBRIEDAD Y/O DROGADICCIÓN,18
A-2022-05-141,2022-05-28,02:00,DESPISTE,1,1,1.0,ANCASH,HUARI,RAPAYAN,RURAL,CARRETERA,SIN CLASIFICAR,SIN CLASIFICAR,-9.230537540721468,-76.74357411255238,LLUVIOSO,RURAL,SINUOSA,PLANA ,AFIRMADO,SI,PREVENTIVA (P),,NO,IMPRUDENCIA DEL CONDUCTOR,FATIGA Y/O CANSANCIO,2
A-2022-05-201,2022-05-28,03:30,CHOQUE FUGA,1,0,,ANCASH,SANTA,NUEVO CHIMBOTE,URBANA,CARRETERA,NACIONAL,PE-1N,-9.132806,-78.526513,DESPEJADO,COMERCIAL,TRAMO RECTO,PLANA ,ASFALTADA,,,,,EN PROCESO DE INVESTIGACIÓN,NO CUENTA CON CAUSA ESPECIFICA,3
A-2022-05-131,2022-05-28,13:00,DESPISTE,1,1,1.0,LA LIBERTAD,JULCAN,JULCAN,RURAL,CARRETERA,SIN CLASIFICAR,SIN CLASIFICAR,-8.01788,-78.492144,DESPEJADO,RURAL,TRAMO RECTO,PLANA ,TROCHA,,,,,EN PROCESO DE INVESTIGACIÓN,NO CUENTA CON CAUSA ESPECIFICA,13
A-2022-05-119,2022-05-28,16:30,DESPISTE,1,0,1.0,PUNO,CHUCUITO,JULI,RURAL,CARRETERA,NACIONAL,PE-3S,-16.1970959,-69.5231013,DESPEJADO,RURAL,TRAMO RECTO,PLANA ,ASFALTADA,,,,,IMPRUDENCIA DEL CONDUCTOR,FATIGA Y/O CANSANCIO,16
A-2022-05-266,2022-05-28,16:40,CHOQUE,1,0,,LIMA,LIMA,LURIN,URBANA,CARRETERA,PROVINCIAL,LM-797,-12.27257,-76.873766,,,,,,,,,,EN PROCESO DE INVESTIGACIÓN,NO CUENTA CON CAUSA ESPECIFICA,16
A-2022-05-234,2022-05-28,18:20,DESPISTE,1,0,,JUNIN,CHANCHAMAYO,CHANCHAMAYO,RURAL,CARRETERA,NACIONAL,PE-22B,-10.999357042791,-75.3138467117064,,,,,,,,,,EN PROCESO DE INVESTIGACIÓN,NO CUENTA CON CAUSA ESPECIFICA,18
A-2022-05-103,2022-05-28,20:00,CHOQUE,1,0,2.0,ICA,ICA,PUEBLO NUEVO,URBANA,CARRETERA,NACIONAL,PE-1S,-14.127625,-75.716393,DESPEJADO,RURAL,CURVA,PLANA ,ASFALTADA,,,,,EN PROCESO DE INVESTIGACIÓN,NO CUENTA CON CAUSA ESPECIFICA,20
A-2022-05-120,2022-05-28,20:40,CHOQUE,1,2,2.0,AREQUIPA,AREQUIPA,UCHUMAYO,RURAL,CARRETERA,SIN CLASIFICAR,SIN CLASIFICAR,-16.540684,-71.697909,DESPEJADO,RURAL,TRAMO RECTO,PLANA ,ASFALTADA,NO,,,SI,EN PROCESO DE INVESTIGACIÓN,NO CUENTA CON CAUSA ESPECIFICA,20
A-2022-05-240,2022-05-29,05:00,CHOQUE,1,1,2.0,ICA,CHINCHA,CHINCHA ALTA,URBANA,CARRETERA,NACIONAL,PE-1S,-13.43475527999848,-76.13456720527745,DESPEJADO,COMERCIAL,INTERSECCIÓN,PLANA ,ASFALTADA,,,,,NEGLIGENCIA DEL CONDUCTOR,OTRO (NEGLIGENCIA DEL CONDUCTOR),5
A-2022-05-235,2022-05-29,05:30,ATROPELLO FUGA,1,0,,JUNIN,SATIPO,MAZAMARI,RURAL,CARRETERA,NACIONAL,PE-5S,-11.316353514052738,-74.54050887410403,,,,,,,,,,EN PROCESO DE INVESTIGACIÓN,NO CUENTA CON CAUSA ESPECIFICA,5
A-2023-07-1,2022-05-29,05:30,CHOQUE,1,1,2.0,LORETO,MAYNAS,SAN JUAN BAUTISTA,URBANA,CARRETERA,PROVINCIAL,LO-504,-3.7768307,-73.2981257,DESPEJADO,RURAL,TRAMO RECTO,PLANA ,ASFALTADA,,,,,IMPRUDENCIA DEL CONDUCTOR,INVASIÓN DE CARRIL,5
A-2022-05-145,2022-05-29,08:32,CHOQUE CON OBJETO FIJO,1,0,1.0,CUSCO,CUSCO,CUSCO,URBANA,CARRETERA,NACIONAL,PE-3S,-13.517767,-71.995508,DESPEJADO,RESIDENCIAL,CURVA,INCLINADA,ASFALTADA,,,,,NEGLIGENCIA DEL CONDUCTOR,OTRO (NEGLIGENCIA DEL CONDUCTOR),8
A-2022-05-108,2022-05-29,13:00,CHOQUE,1,0,,LAMBAYEQUE,LAMBAYEQUE,MOTUPE,RURAL,CARRETERA,NACIONAL,PE-1NJ,-6.039101,-79.676422,DESPEJADO,INDUSTRIAL,TRAMO RECTO,INCLINADA,ASFALTADA,SI,REGULADORA (R),REGULADORA (R),NO,EN PROCESO DE INVESTIGACIÓN,NO CUENTA CON CAUSA ESPECIFICA,13
A-2022-05-132,2022-05-29,16:30,CHOQUE,2,0,3.0,LA LIBERTAD,PACASMAYO,GUADALUPE,RURAL,CARRETERA,NACIONAL,PE-1N,-7.319234,-79.480246,DESPEJADO,RURAL,TRAMO RECTO,PLANA ,ASFALTADA,,,,,IMPRUDENCIA DEL CONDUCTOR,ADELANTAR INDEBIDAMENTE,16
A-2022-05-142,2022-05-29,18:30,CHOQUE,1,2,2.0,SAN MARTIN,MOYOBAMBA,MOYOBAMBA,URBANA,JIRÓN,URBANO,NO CORRESPONDE,-6.028196,-76.978588,DESPEJADO,RESIDENCIAL,INTERSECCIÓN,PLANA ,ASFALTADA,,,,,IMPRUDENCIA DEL CONDUCTOR,OTRO (IMPRUDENCIA DEL CONDUCTOR),18
A-2022-05-134,2022-05-29,23:35,ATROPELLO,1,0,1.0,LA LIBERTAD,TRUJILLO,HUANCHACO,RURAL,CARRETERA,NACIONAL,PE-1N,-8.016863,-79.073086,DESPEJADO,RURAL,TRAMO RECTO,PLANA ,ASFALTADA,,,,,IMPRUDENCIA DEL PEATÓN,ESTADO DE EBRIEDAD Y/O DROGADICCIÓN,23
A-2022-05-166,2022-05-30,02:05,DESPISTE,1,0,,LAMBAYEQUE,CHICLAYO,TUMAN,RURAL,CARRETERA,SIN CLASIFICAR,SIN CLASIFICAR,-6.714927,-79.69199,NIEBLA,RURAL,TRAMO RECTO,PLANA ,AFIRMADO,,,,,EN PROCESO DE INVESTIGACIÓN,NO CUENTA CON CAUSA ESPECIFICA,2
A-2022-05-267,2022-05-30,05:30,CHOQUE FUGA,1,0,,LIMA,LIMA,LURIN,URBANA,AVENIDA,URBANO,NO CORRESPONDE,-12.2535,-76.9012,,,,,,,,,,EN PROCESO DE INVESTIGACIÓN,NO CUENTA CON CAUSA ESPECIFICA,5
A-2022-05-167,2022-05-30,06:00,ATROPELLO,1,0,1.0,CALLAO,CALLAO,CALLAO,URBANA,CARRETERA,NACIONAL,PE-20,-11.996399401372072,-77.12622202581116,DESPEJADO,INDUSTRIAL,TRAMO RECTO,PLANA ,ASFALTADA,NO,,,SI,IMPRUDENCIA DEL CONDUCTOR,EXCESO DE VELOCIDAD,6
A-2022-05-219,2022-05-30,14:00,VOLCADURA,1,0,1.0,LIMA,HUAURA,SAYAN,URBANA,CARRETERA,PROVINCIAL,LM-664,-11.203749943440611,-77.3721384542548,DESPEJADO,RESIDENCIAL,OTRO,PLANA ,AFIRMADO,,,,,IMPRUDENCIA DEL CONDUCTOR,OTRO (IMPRUDENCIA DEL CONDUCTOR),14
A-2022-05-135,2022-05-30,23:35,CHOQUE,1,0,2.0,LA LIBERTAD,TRUJILLO,LAREDO,RURAL,CARRETERA,NACIONAL,PE-10A,-8.100600137744339,-78.94272472159018,DESPEJADO,RURAL,TRAMO RECTO,PLANA ,ASFALTADA,,,,,IMPRUDENCIA DEL CONDUCTOR,INVASIÓN DE CARRIL,23
A-2023-05-94,2022-05-31,01:00,DESPISTE,1,0,1.0,JUNIN,JAUJA,POMACANCHA,RURAL,CARRETERA,PROVINCIAL,JU-673,-11.6667088728739,-75.6493071178522,DESPEJADO,RURAL,CURVA,INCLINADA,TROCHA,,,,,IMPRUDENCIA DEL CONDUCTOR,CONDUCIR EN ESTADO DE EBRIEDAD Y/O DROGADICCIÓN,1
A-2022-05-214,2022-05-31,05:00,DESPISTE,2,5,1.0,HUANUCO,HUANUCO,YARUMAYO,RURAL,CARRETERA,DEPARTAMENTAL,HU-111,-9.978249,-76.438632,NIEBLA,RURAL,CURVA,INCLINADA,TROCHA,,,,,INFRAESTRUCTURA Y ENTORNO VIAL,FACTOR AMBIENTAL,5
A-2022-05-268,2022-05-31,13:00,ATROPELLO,1,0,,LIMA,LIMA,LOS OLIVOS,URBANA,AVENIDA,URBANO,NO CORRESPONDE,-11.933205,-77.080474,,,,,,,,,,EN PROCESO DE INVESTIGACIÓN,NO CUENTA CON CAUSA ESPECIFICA,13
A-2022-05-221,2022-05-31,21:00,DESPISTE,1,1,,AYACUCHO,VICTOR FAJARDO,CANARIA,RURAL,CARRETERA,PROVINCIAL,AY-1126,-14.006451,-73.957043,DESPEJADO,RURAL,CURVA,PLANA ,TROCHA,SI,INFORMATIVA (I),REGULADORA (R),NO,IMPRUDENCIA DEL CONDUCTOR,OTRO (IMPRUDENCIA DEL CONDUCTOR),21
A-2022-06-80,2022-06-01,06:30,ATROPELLO,1,0,,LAMBAYEQUE,CHICLAYO,MONSEFU,RURAL,CARRETERA,PROVINCIAL,LA-778,-6.85114,-79.86239,NUBLADO,RURAL,TRAMO RECTO,PLANA ,ASFALTADA,,,,,EN PROCESO DE INVESTIGACIÓN,NO CUENTA CON CAUSA ESPECIFICA,6
A-2022-06-260,2022-06-01,07:00,ATROPELLO,1,0,,LIMA,LIMA,VILLA MARIA DEL TRIUNFO,URBANA,AVENIDA,URBANO,NO CORRESPONDE,-12.16071,-76.94065,,,,,,,,,,EN PROCESO DE INVESTIGACIÓN,NO CUENTA CON CAUSA ESPECIFICA,7
A-2022-06-262,2022-06-01,11:40,DESPISTE,1,0,,LIMA,LIMA,VILLA MARIA DEL TRIUNFO,URBANA,AVENIDA,URBANO,NO CORRESPONDE,-12.167059848818957,-76.9499128271913,,,,,,,,,,EN PROCESO DE INVESTIGACIÓN,NO CUENTA CON CAUSA ESPECIFICA,11
A-2022-06-261,2022-06-01,13:30,ATROPELLO,1,0,,LIMA,LIMA,SAN MARTIN DE PORRES,URBANA,AVENIDA,URBANO,NO CORRESPONDE,-12.023962,-77.080476,,,,,,,,,,EN PROCESO DE INVESTIGACIÓN,NO CUENTA CON CAUSA ESPECIFICA,13
A-2022-06-225,2022-06-01,15:30,ATROPELLO,1,0,1.0,LIMA,HUARAL,AUCALLAMA,URBANA,CARRETERA,NACIONAL,PE-20C,-11.594394857044657,-77.20144803209064,DESPEJADO,COMERCIAL,TRAMO RECTO,PLANA ,ASFALTADA,,,,,IMPRUDENCIA DEL PEATÓN,CRUCE INDEBIDO POR LA CALZADA,15