codigo_siniestro,fecha_siniestro,hora_siniestro,clase_siniestro,cantidad_fallecidos,cantidad_lesionados,cantidad_vehiculos_danados,departamento,provincia,distrito,zona,tipo_via,red_vial,cod_carretera,latitud,longitud,condicion_climatica,zonificacion,caracteristicas_via,perfil_longitudinal_via,superficie_calzada,existe_senal_vertical,clasificacion_senal_vertical_1,clasificacion_senal_vertical_2,existe_senal_horizontal,causa_factor_principal,causa_especifica,hora_del_dia
A-2022-06-252,2022-06-14,20:00,CHOQUE FUGA,2,1,,MADRE DE DIOS,TAMBOPATA,LAS PIEDRAS,RURAL,CARRETERA,NACIONAL,PE-30C,-12.462089,-69.139226,DESPEJADO,RURAL,TRAMO RECTO,PLANA ,ASFALTADA,,,,,IMPRUDENCIA DEL CONDUCTOR,EXCESO DE VELOCIDAD,20
A-2022-06-177,2022-06-15,09:45,CHOQUE,3,2,1.0,HUANUCO,AMBO,SAN RAFAEL,RURAL,CARRETERA,NACIONAL,PE-3N,-10.348741,-76.181179,SOLEADO,RURAL,CURVA,PLANA ,ASFALTADA,,,,,IMPRUDENCIA DEL CONDUCTOR,INVASIÓN DE CARRIL,9
A-2022-06-117,2022-06-15,15:00,DESPISTE,1,1,1.0,CAJAMARCA,SANTA CRUZ,SAUCEPAMPA,RURAL,CARRETERA,PROVINCIAL,CA-875,-6.6888736,-78.91984762,DESPEJADO,RURAL,TRAMO RECTO,PLANA ,AFIRMADO,,,,,EN PROCESO DE INVESTIGACIÓN,NO CUENTA CON CAUSA ESPECIFICA,15
A-2022-06-259,2022-06-15,15:28,ATROPELLO,1,0,2.0,LIMA,HUARAL,CHANCAY,RURAL,CARRETERA,NACIONAL,PE-1N,-11.458679036780996,-77.31875178714486,DESPEJADO,RURAL,TRAMO RECTO,PLANA ,ASFALTADA,,,,,IMPRUDENCIA DEL PEATÓN,CRUCE INDEBIDO POR LA CALZADA,15
A-2022-06-140,2022-06-15,18:45,CHOQUE,1,4,,PIURA,SECHURA,SECHURA,RURAL,CARRETERA,NACIONAL,PE-1N,-5.78526,-80.544164,DESPEJADO,RURAL,TRAMO RECTO,PLANA ,ASFALTADA,,,,,EN PROCESO DE INVESTIGACIÓN,NO CUENTA CON CAUSA ESPECIFICA,18
A-2022-06-49,2022-06-15,19:35,CAÍDA DE PASAJERO,1,0,1.0,LA LIBERTAD,TRUJILLO,LA ESPERANZA,URBANA,AVENIDA,URBANO,NO CORRESPONDE,-8.065278,-79.051389,DESPEJADO,RURAL,TRAMO RECTO,PLANA ,ASFALTADA,,,,,IMPRUDENCIA DEL CONDUCTOR,GIRAR IMPRUDENTEMENTE,19
A-2022-06-211,2022-06-16,01:30,ATROPELLO,1,0,,LIMA,LIMA,LIMA,URBANA,AVENIDA,URBANO,NO CORRESPONDE,-12.046333953794337,-77.03760797824974,DESPEJADO,COMERCIAL,INTERSECCIÓN,PLANA ,ASFALTADA,,,,,EN PROCESO DE INVESTIGACIÓN,NO CUENTA CON CAUSA ESPECIFICA,1
A-2022-06-24,2022-06-16,06:00,ATROPELLO FUGA,1,0,,PUNO,YUNGUYO,YUNGUYO,RURAL,CARRETERA,DEPARTAMENTAL,PU-130,-16.258400704092622,-69.08021143112062,,,,,,,,,,EN PROCESO DE INVESTIGACIÓN,NO CUENTA CON CAUSA ESPECIFICA,6
A-2022-06-210,2022-06-16,09:00,ATROPELLO,1,0,,LIMA,LIMA,VILLA EL SALVADOR,URBANA,AVENIDA,URBANO,NO CORRESPONDE,-12.21726631503372,-76.95483501942381,DESPEJADO,INDUSTRIAL,INTERSECCIÓN,PLANA ,ASFALTADA,,,,,EN PROCESO DE INVESTIGACIÓN,NO CUENTA CON CAUSA ESPECIFICA,9
A-2022-06-231,2022-06-16,09:45,CAÍDA DE PASAJERO,1,0,,JUNIN,SATIPO,PANGOA,RURAL,CARRETERA,NACIONAL,PE-28C,-11.42430245600796,-74.49028730392457,,,,,,,,,,EN PROCESO DE INVESTIGACIÓN,NO CUENTA CON CAUSA ESPECIFICA,9
A-2022-06-25,2022-06-16,11:30,ATROPELLO,1,0,,PUNO,EL COLLAO,ILAVE,RURAL,CARRETERA,NACIONAL,PE-3S,-16.09321098083501,-69.62685221545878,DESPEJADO,RURAL,TRAMO RECTO,PLANA ,ASFALTADA,,,,,IMPRUDENCIA DEL PEATÓN,CRUCE INDEBIDO POR LA CALZADA,11
A-2022-06-106,2022-06-16,16:00,CHOQUE,1,3,2.0,TACNA,TACNA,POCOLLAY,URBANA,AVENIDA,URBANO,NO CORRESPONDE,-18.002333674957978,-70.23126589798524,DESPEJADO,INDUSTRIAL,TRAMO RECTO,PLANA ,ASFALTADA,NO,,,SI,IMPRUDENCIA DEL CONDUCTOR,EXCESO DE VELOCIDAD,16
A-2022-06-243,2022-06-16,22:00,DESPISTE,1,0,1.0,PIURA,SULLANA,MARCAVELICA,RURAL,CARRETERA,SIN CLASIFICAR,SIN CLASIFICAR,-4.848,-80.809,DESPEJADO,RURAL,TRAMO RECTO,PLANA ,AFIRMADO,,,,,EN PROCESO DE INVESTIGACIÓN,NO CUENTA CON CAUSA ESPECIFICA,22
A-2022-06-46,2022-06-17,01:55,ATROPELLO FUGA,1,0,1.0,AREQUIPA,AREQUIPA,UCHUMAYO,URBANA,CARRETERA,NACIONAL,PE-34A,-16.4076046,-71.6069105,DESPEJADO,COMERCIAL,TRAMO RECTO,PLANA ,ASFALTADA,NO,,,SI,EN PROCESO DE INVESTIGACIÓN,NO CUENTA CON CAUSA ESPECIFICA,1
A-2022-06-250,2022-06-17,02:15,ATROPELLO,1,0,,JUNIN,JUNIN,JUNIN,URBANA,CARRETERA,NACIONAL,PE-3N,-11.15606437107398,-75.98931021088528,DESPEJADO,INDUSTRIAL,TRAMO RECTO,PLANA ,TROCHA,,,,,IMPRUDENCIA DEL CONDUCTOR,OTRO (IMPRUDENCIA DEL CONDUCTOR),2
A-2022-06-209,2022-06-17,03:00,ATROPELLO,1,0,,LIMA,LIMA,LA VICTORIA,URBANA,JIRÓN,URBANO,NO CORRESPONDE,-12.068372708633628,-77.00970762382875,DESPEJADO,COMERCIAL,TRAMO RECTO,PLANA ,ASFALTADA,,,,,EN PROCESO DE INVESTIGACIÓN,NO CUENTA CON CAUSA ESPECIFICA,3
A-2022-06-78,2022-06-17,04:20,ATROPELLO,2,0,,LAMBAYEQUE,LAMBAYEQUE,SALAS,RURAL,CARRETERA,DEPARTAMENTAL,LA-102,-6.2474882,-79.547554,NIEBLA,RURAL,OTRO,INCLINADA,AFIRMADO,,,,,EN PROCESO DE INVESTIGACIÓN,NO CUENTA CON CAUSA ESPECIFICA,4
A-2022-06-51,2022-06-17,09:40,CHOQUE,1,0,2.0,LA LIBERTAD,TRUJILLO,LA ESPERANZA,URBANA,AVENIDA,URBANO,NO CORRESPONDE,-8.051105,-79.056524,DESPEJADO,INDUSTRIAL,INTERSECCIÓN,PLANA ,ASFALTADA,,,,,IMPRUDENCIA DEL CONDUCTOR,OTRO (IMPRUDENCIA DEL CONDUCTOR),9
A-2022-06-187,2022-06-17,14:15,ATROPELLO,1,0,,AYACUCHO,HUAMANGA,VINCHOS,RURAL,CARRETERA,PROVINCIAL,AY-810,-13.245492,-74.357465,NUBLADO,RURAL,TRAMO RECTO,PLANA ,ASFALTADA,,,,,IMPRUDENCIA DEL CONDUCTOR,EXCESO DE VELOCIDAD,14
A-2022-06-108,2022-06-17,17:50,CHOQUE,1,0,2.0,TACNA,TACNA,CIUDAD NUEVA,RURAL,CARRETERA,NACIONAL,PE-38,-17.85870663852436,-70.23456561578813,DESPEJADO,RURAL,TRAMO RECTO,PLANA ,ASFALTADA,,,,,IMPRUDENCIA DEL CONDUCTOR,CONDUCIR EN SENTIDO CONTRARIO,17
A-2022-06-70,2022-06-17,19:50,ATROPELLO FUGA,1,0,1.0,LAMBAYEQUE,CHICLAYO,PIMENTEL,URBANA,CARRETERA,DEPARTAMENTAL,LA-109,-6.769098,-79.905787,DESPEJADO,RURAL,TRAMO RECTO,PLANA ,ASFALTADA,,,,,EN PROCESO DE INVESTIGACIÓN,NO CUENTA CON CAUSA ESPECIFICA,19
A-2022-06-107,2022-06-18,04:30,CHOQUE,1,0,,TACNA,TACNA,TACNA,URBANA,AVENIDA,URBANO,NO CORRESPONDE,-17.99720725083975,-70.24022663662474,DESPEJADO,COMERCIAL,TRAMO RECTO,PLANA ,ASFALTADA,,,,,IMPRUDENCIA DEL CONDUCTOR,CONDUCIR EN ESTADO DE EBRIEDAD Y/O DROGADICCIÓN,4
A-2022-06-232,2022-06-18,05:20,CHOQUE,2,0,,JUNIN,CHANCHAMAYO,PERENE,RURAL,CARRETERA,NACIONAL,PE-5S,-10.8924752450509,-74.9201045999835,,,,,,,,,,EN PROCESO DE INVESTIGACIÓN,NO CUENTA CON CAUSA ESPECIFICA,5
A-2022-06-206,2022-06-18,06:15,CHOQUE,1,1,,LIMA,LIMA,ANCON,URBANA,CARRETERA,NACIONAL,PE-1N,-11.783713693158605,-77.15584501205656,DESPEJADO,INDUSTRIAL,TRAMO RECTO,PLANA ,ASFALTADA,,,,,EN PROCESO DE INVESTIGACIÓN,NO CUENTA CON CAUSA ESPECIFICA,6
A-2022-06-173,2022-06-18,06:45,CHOQUE,2,0,,ANCASH,CASMA,CASMA,RURAL,CARRETERA,NACIONAL,PE-1N,-9.537932192874925,-78.27469914507645,DESPEJADO,RURAL,TRAMO RECTO,PLANA ,ASFALTADA,,,,,EN PROCESO DE INVESTIGACIÓN,NO CUENTA CON CAUSA ESPECIFICA,6
A-2022-06-28,2022-06-18,08:40,ATROPELLO,1,0,,PUNO,EL COLLAO,ILAVE,RURAL,CARRETERA,NACIONAL,PE-38A,-16.2790519,-69.685407,DESPEJADO,RURAL,TRAMO RECTO,PLANA ,ASFALTADA,,,,,IMPRUDENCIA DEL PEATÓN,CRUCE INDEBIDO POR LA CALZADA,8
A-2022-06-205,2022-06-18,09:00,ATROPELLO,1,0,,LIMA,LIMA,SAN MARTIN DE PORRES,URBANA,AVENIDA,URBANO,NO CORRESPONDE,-12.024429804425798,-77.05142673371772,DESPEJADO,COMERCIAL,TRAMO RECTO,PLANA ,ASFALTADA,,,,,EN PROCESO DE INVESTIGACIÓN,NO CUENTA CON CAUSA ESPECIFICA,9
A-2022-06-56,2022-06-18,09:00,ATROPELLO,1,0,0.0,CUSCO,CUSCO,SAN SEBASTIAN,URBANA,CALLE,URBANO,NO CORRESPONDE,-13.5356522,-71.91255119,SOLEADO,COMERCIAL,CURVA,INCLINADA,ASFALTADA,,,,,IMPRUDENCIA DEL PEATÓN,ESTADO DE EBRIEDAD Y/O DROGADICCIÓN,9
A-2022-06-55,2022-06-18,12:30,CHOQUE,1,0,2.0,CUSCO,URUBAMBA,CHINCHERO,URBANA,AVENIDA,URBANO,NO CORRESPONDE,-13.3871105027358,-72.054058087631,DESPEJADO,RURAL,TRAMO RECTO,PLANA ,ASFALTADA,,,,,IMPRUDENCIA DEL CONDUCTOR,GIRAR IMPRUDENTEMENTE,12
A-2022-06-207,2022-06-18,20:20,ATROPELLO,1,0,,LIMA,LIMA,SANTA ANITA,URBANA,AVENIDA,URBANO,NO CORRESPONDE,-12.036155960337483,-76.9605749077203,DESPEJADO,COMERCIAL,TRAMO RECTO,PLANA ,ASFALTADA,,,,,EN PROCESO DE INVESTIGACIÓN,NO CUENTA CON CAUSA ESPECIFICA,20
A-2022-06-227,2022-06-18,20:30,ATROPELLO FUGA,1,0,,JUNIN,JAUJA,PARCO,URBANA,CARRETERA,NACIONAL,PE-3S,-11.8000124,-75.543203,DESPEJADO,RURAL,TRAMO RECTO,PLANA ,CONCRETO,,,,,EN PROCESO DE INVESTIGACIÓN,NO CUENTA CON CAUSA ESPECIFICA,20
A-2022-06-65,2022-06-18,22:00,DESPISTE,1,0,1.0,CUSCO,ANTA,CHINCHAYPUJIO,RURAL,CARRETERA,NACIONAL,PE-3SF,-13.6905237,-72.3205757,DESPEJADO,RURAL,CURVA,INCLINADA,ASFALTADA,SI,PREVENTIVA (P),,NO,IMPRUDENCIA DEL CONDUCTOR,FATIGA Y/O CANSANCIO,22
A-2022-06-208,2022-06-18,23:00,ATROPELLO,1,0,,LIMA,LIMA,SAN JUAN DE LURIGANCHO,URBANA,AVENIDA,URBANO,NO CORRESPONDE,-12.016034926909466,-76.96553167222483,DESPEJADO,COMERCIAL,INTERSECCIÓN,PLANA ,ASFALTADA,,,,,EN PROCESO DE INVESTIGACIÓN,NO CUENTA CON CAUSA ESPECIFICA,23
A-2022-06-226,2022-06-18,23:00,ATROPELLO FUGA,1,0,,JUNIN,CONCEPCION,CONCEPCION,URBANA,AVENIDA,URBANO,NO CORRESPONDE,-11.9036665389972,-75.3088812826849,DESPEJADO,RURAL,TRAMO RECTO,PLANA ,CONCRETO,,,,,EN PROCESO DE INVESTIGACIÓN,NO CUENTA CON CAUSA ESPECIFICA,23
A-2022-06-71,2022-06-18,23:20,CHOQUE,1,0,2.0,LAMBAYEQUE,CHICLAYO,LAGUNAS,RURAL,CARRETERA,NACIONAL,PE-1N,-6.99424,-79.6189,DESPEJADO,INDUSTRIAL,TRAMO RECTO,PLANA ,ASFALTADA,,,,,EN PROCESO DE INVESTIGACIÓN,NO CUENTA CON CAUSA ESPECIFICA,23
A-2022-06-246,2022-06-19,01:30,CHOQUE FUGA,1,0,1.0,PIURA,TALARA,PARIÑAS,RURAL,CARRETERA,NACIONAL,PE-1N,-4.58834299940658,-81.18214129984908,DESPEJADO,RURAL,TRAMO RECTO,PLANA ,AFIRMADO,,,,,EN PROCESO DE INVESTIGACIÓN,NO CUENTA CON CAUSA ESPECIFICA,1
A-2022-06-204,2022-06-19,03:00,ATROPELLO FUGA,1,0,,LIMA,LIMA,LURIGANCHO,URBANA,CARRETERA,NACIONAL,PE-22,-12.021297496382838,-76.92534142797355,DESPEJADO,COMERCIAL,CURVA,PLANA ,ASFALTADA,,,,,EN PROCESO DE INVESTIGACIÓN,NO CUENTA CON CAUSA ESPECIFICA,3
A-2022-06-245,2022-06-19,03:00,DESPISTE,1,0,1.0,PIURA,SULLANA,MARCAVELICA,RURAL,CARRETERA,SIN CLASIFICAR,SIN CLASIFICAR,-4.858,-80.719,DESPEJADO,RURAL,TRAMO RECTO,PLANA ,AFIRMADO,,,,,EN PROCESO DE INVESTIGACIÓN,NO CUENTA CON CAUSA ESPECIFICA,3
A-2022-06-47,2022-06-19,03:30,ATROPELLO FUGA,1,0,1.0,AREQUIPA,ISLAY,COCACHACRA,URBANA,CARRETERA,PROVINCIAL,AR-832,-17.09097401,-71.774955,DESPEJADO,RESIDENCIAL,TRAMO RECTO,PLANA ,ASFALTADA,NO,,,SI,EN PROCESO DE INVESTIGACIÓN,NO CUENTA CON CAUSA ESPECIFICA,3
A-2022-06-52,2022-06-19,03:30,CHOQUE,1,0,2.0,LA LIBERTAD,VIRU,CHAO,RURAL,CARRETERA,NACIONAL,PE-1N,-8.500596,-78.69027,DESPEJADO,RURAL,TRAMO RECTO,PLANA ,ASFALTADA,,,,,EN PROCESO DE INVESTIGACIÓN,NO CUENTA CON CAUSA ESPECIFICA,3
A-2022-06-109,2022-06-19,04:35,ATROPELLO FUGA,1,0,,TACNA,TACNA,LA YARADA LOS PALOS,RURAL,CARRETERA,PROVINCIAL,TA-642,-18.21716226592353,-70.41215051585328,DESPEJADO,COMERCIAL,TRAMO RECTO,PLANA ,ASFALTADA,,,,,IMPRUDENCIA DEL PEATÓN,ESTADO DE EBRIEDAD Y/O DROGADICCIÓN,4
A-2022-06-180,2022-06-19,05:30,DESPISTE,1,0,1.0,HUANUCO,PACHITEA,PANAO,RURAL,CARRETERA,NACIONAL,PE-18B,-9.904127,-76.005707,DESPEJADO,RURAL,CURVA,INCLINADA,TROCHA,,,,,IMPRUDENCIA DEL CONDUCTOR,EXCESO DE VELOCIDAD,5
A-2022-06-203,2022-06-19,06:00,ATROPELLO FUGA,1,0,,LIMA,LIMA,LA VICTORIA,URBANA,AVENIDA,URBANO,NO CORRESPONDE,-12.064422548495145,-77.02776426791546,DESPEJADO,COMERCIAL,INTERSECCIÓN,PLANA ,ASFALTADA,,,,,EN PROCESO DE INVESTIGACIÓN,NO CUENTA CON CAUSA ESPECIFICA,6
A-2022-06-74,2022-06-19,06:45,CHOQUE,2,0,2.0,CUSCO,CANAS,KUNTURKANKI,RURAL,CARRETERA,PROVINCIAL,CU-1779,-14.5847989,-71.3796144,DESPEJADO,RURAL,SINUOSA,INCLINADA,ASFALTADA,SI,PREVENTIVA (P),,SI,IMPRUDENCIA DEL CONDUCTOR,INVASIÓN DE CARRIL,6
A-2022-06-39,2022-06-19,07:20,CHOQUE,1,1,2.0,SAN MARTIN,RIOJA,ELIAS SOPLIN VARGAS,RURAL,CARRETERA,NACIONAL,PE-5N,-5.999937,-77.264614,DESPEJADO,RURAL,TRAMO RECTO,PLANA ,ASFALTADA,,,,,IMPRUDENCIA DEL CONDUCTOR,INVASIÓN DE CARRIL,7
A-2022-06-141,2022-06-19,07:40,DESPISTE,2,2,1.0,LIMA,CAJATAMBO,CAJATAMBO,RURAL,CARRETERA,NACIONAL,PE-16A,-10.464184170789936,-77.07241705154529,DESPEJADO,RURAL,TRAMO RECTO,INCLINADA,ASFALTADA,,,,,EN PROCESO DE INVESTIGACIÓN,NO CUENTA CON CAUSA ESPECIFICA,7
A-2022-06-63,2022-06-19,09:30,ATROPELLO,1,0,0.0,CUSCO,CUSCO,SAN JERONIMO,URBANA,OTRO,URBANO,NO CORRESPONDE,-13.549759,-71.870686564,DESPEJADO,RESIDENCIAL,INTERSECCIÓN,PLANA ,AFIRMADO,,,,,EN PROCESO DE INVESTIGACIÓN,NO CUENTA CON CAUSA ESPECIFICA,9
A-2022-06-143,2022-06-19,20:30,CHOQUE,1,0,2.0,CUSCO,LA CONVENCION,ECHARATE,RURAL,CARRETERA,NACIONAL,PE-28B,-12.649021047920526,-73.0487232648291,DESPEJADO,RURAL,TRAMO RECTO,PLANA ,ASFALTADA,,,,,IMPRUDENCIA DEL CONDUCTOR,OTRO (IMPRUDENCIA DEL CONDUCTOR),20
A-2022-06-53,2022-06-19,21:00,CHOQUE,1,0,2.0,LA LIBERTAD,PACASMAYO,GUADALUPE,RURAL,CARRETERA,NACIONAL,PE-1N,-7.250215,-79.479839,DESPEJADO,RURAL,TRAMO RECTO,PLANA ,ASFALTADA,,,,,IMPRUDENCIA DEL CONDUCTOR,CONDUCIR EN SENTIDO CONTRARIO,21
A-2022-06-59,2022-06-19,21:20,ATROPELLO,1,1,1.0,SAN MARTIN,RIOJA,NUEVA CAJAMARCA,RURAL,CARRETERA,NACIONAL,PE-5N,-5.869872,-77.343031,DESPEJADO,RURAL,TRAMO RECTO,INCLINADA,ASFALTADA,,,,,IMPRUDENCIA DEL PEATÓN,OTRO (IMPRUDENCIA DEL PEATÓN),21
A-2022-06-89,2022-06-19,21:45,DESPISTE,1,0,1.0,LA LIBERTAD,PACASMAYO,JEQUETEPEQUE,RURAL,CARRETERA,PROVINCIAL,LI-570,-7.341714166038781,-79.57497508175518,DESPEJADO,RURAL,TRAMO RECTO,PLANA ,ASFALTADA,,,,,EN PROCESO DE INVESTIGACIÓN,NO CUENTA CON CAUSA ESPECIFICA,21
A-2022-06-202,2022-06-19,22:50,ATROPELLO FUGA,1,0,,LIMA,LIMA,PUENTE PIEDRA,URBANA,CARRETERA,NACIONAL,PE-1N,-11.848859643195157,-77.09430987844938,DESPEJADO,COMERCIAL,TRAMO RECTO,PLANA ,ASFALTADA,,,,,EN PROCESO DE INVESTIGACIÓN,NO CUENTA CON CAUSA ESPECIFICA,22
A-2022-06-91,2022-06-20,02:40,DESPISTE,1,0,1.0,LA LIBERTAD,TRUJILLO,HUANCHACO,RURAL,CARRETERA,PROVINCIAL,LI-725,-8.071428,-79.11348,DESPEJADO,RURAL,TRAMO RECTO,PLANA ,AFIRMADO,,,,,IMPRUDENCIA DEL CONDUCTOR,FATIGA Y/O CANSANCIO,2
A-2022-06-254,2022-06-20,05:00,ATROPELLO FUGA,1,0,,MADRE DE DIOS,TAMBOPATA,INAMBARI,URBANA,CARRETERA,NACIONAL,PE-30C,-12.884931,-70.024299,,,,,,,,,,EN PROCESO DE INVESTIGACIÓN,NO CUENTA CON CAUSA ESPECIFICA,5
A-2022-06-88,2022-06-20,08:00,DESPISTE,1,0,1.0,LA LIBERTAD,TRUJILLO,SIMBAL,RURAL,CARRETERA,DEPARTAMENTAL,LI-105,-7.985533901139937,-78.81865653733371,DESPEJADO,RURAL,TRAMO RECTO,PLANA ,ASFALTADA,,,,,IMPRUDENCIA DEL CONDUCTOR,OTRO (IMPRUDENCIA DEL CONDUCTOR),8
A-2022-06-169,2022-06-20,12:40,DESPISTE,1,3,1.0,PUNO,LAMPA,PUCARA,RURAL,CARRETERA,PROVINCIAL,PU-727,-15.032705234222194,-70.38025257163025,DESPEJADO,RURAL,TRAMO RECTO,PLANA ,TROCHA,,,,,IMPERICIA DEL CONDUCTOR,,12
A-2022-06-73,2022-06-20,16:00,ATROPELLO,1,0,1.0,CUSCO,ESPINAR,COPORAQUE,RURAL,CARRETERA,SIN CLASIFICAR,SIN CLASIFICAR,-14.7186887,-71.587381,DESPEJADO,RURAL,TRAMO RECTO,PLANA ,TROCHA,,,,,IMPERICIA DEL CONDUCTOR,,16
A-2022-06-148,2022-06-20,20:00,DESPISTE,1,6,1.0,PIURA,HUANCABAMBA,HUARMACA,RURAL,CARRETERA,NACIONAL,PE-3N,-5.787842,-79.445615,DESPEJADO,RURAL,CURVA,INCLINADA,TROCHA,SI,PREVENTIVA (P),,NO,IMPRUDENCIA DEL CONDUCTOR,FATIGA Y/O CANSANCIO,20
A-2022-06-35,2022-06-20,20:23,DESPISTE,1,0,1.0,ICA,ICA,ICA,URBANA,AVENIDA,URBANO,NO CORRESPONDE,-14.069268,-75.735427,DESPEJADO,RESIDENCIAL,TRAMO RECTO,PLANA ,ASFALTADA,,,,,EN PROCESO DE INVESTIGACIÓN,NO CUENTA CON CAUSA ESPECIFICA,20
A-2022-06-199,2022-06-21,00:30,ATROPELLO FUGA,1,0,,LIMA,LIMA,SAN JUAN DE MIRAFLORES,URBANA,CARRETERA,NACIONAL,PE-1S,-12.14478,-76.98172,DESPEJADO,INDUSTRIAL,TRAMO RECTO,PLANA ,ASFALTADA,,,,,EN PROCESO DE INVESTIGACIÓN,NO CUENTA CON CAUSA ESPECIFICA,0
A-2022-06-90,2022-06-21,01:00,DESPISTE,1,0,1.0,LA LIBERTAD,TRUJILLO,LA ESPERANZA,URBANA,AVENIDA,URBANO,NO CORRESPONDE,-8.060037,-79.053188,DESPEJADO,COMERCIAL,TRAMO RECTO,PLANA ,ASFALTADA,,,,,EN PROCESO DE INVESTIGACIÓN,NO CUENTA CON CAUSA ESPECIFICA,1
A-2022-06-200,2022-06-21,06:40,DESPISTE,1,0,,LIMA,LIMA,LOS OLIVOS,URBANA,AVENIDA,URBANO,NO CORRESPONDE,-11.94995811643136,-77.0840424083373,DESPEJADO,COMERCIAL,TRAMO RECTO,PLANA ,ASFALTADA,,,,,EN PROCESO DE INVESTIGACIÓN,NO CUENTA CON CAUSA ESPECIFICA,6
A-2022-06-144,2022-06-21,07:00,DESPISTE,1,0,1.0,PIURA,MORROPON,CHALACO,RURAL,CARRETERA,NACIONAL,PE-1NR,-5.021568,-79.734421,DESPEJADO,RURAL,TRAMO RECTO,INCLINADA,ASFALTADA,SI,REGULADORA (R),,NO,IMPRUDENCIA DEL CONDUCTOR,FATIGA Y/O CANSANCIO,7
A-2022-06-118,2022-06-21,08:30,VOLCADURA,1,0,1.0,CAJAMARCA,CONTUMAZA,CHILETE,URBANA,CARRETERA,NACIONAL,PE-1NF,-7.226389,-78.838611,DESPEJADO,RURAL,TRAMO RECTO,INCLINADA,CONCRETO,,,,,EN PROCESO DE INVESTIGACIÓN,NO CUENTA CON CAUSA ESPECIFICA,8
A-2022-06-120,2022-06-21,13:00,DESPISTE,4,0,1.0,CAJAMARCA,CHOTA,QUEROCOTO,RURAL,CARRETERA,PROVINCIAL,CA-827,-6.40471946,-79.04229594,DESPEJADO,RURAL,CURVA,INCLINADA,AFIRMADO,,,,,EN PROCESO DE INVESTIGACIÓN,NO CUENTA CON CAUSA ESPECIFICA,13
A-2022-06-48,2022-06-21,14:00,CHOQUE,1,0,2.0,AREQUIPA,AREQUIPA,CERRO COLORADO,URBANA,AVENIDA,URBANO,NO CORRESPONDE,-16.393908,-71.570324,SOLEADO,RESIDENCIAL,INTERSECCIÓN,PLANA ,ASFALTADA,SI,REGULADORA (R),PREVENTIVA (P),NO,EN PROCESO DE INVESTIGACIÓN,NO CUENTA CON CAUSA ESPECIFICA,14
A-2022-06-201,2022-06-21,15:50,CHOQUE,1,4,,LIMA,LIMA,LOS OLIVOS,URBANA,AVENIDA,URBANO,NO CORRESPONDE,-11.962558666624766,-77.08060381638019,DESPEJADO,ESCOLAR,TRAMO RECTO,PLANA ,ASFALTADA,,,,,EN PROCESO DE INVESTIGACIÓN,NO CUENTA CON CAUSA ESPECIFICA,15
A-2022-06-247,2022-06-21,19:20,ATROPELLO,1,1,1.0,LIMA,HUAURA,HUALMAY,URBANA,AVENIDA,URBANO,NO CORRESPONDE,-11.10017,-77.59648,DESPEJADO,RESIDENCIAL,TRAMO RECTO,PLANA ,ASFALTADA,,,,,IMPRUDENCIA DEL PEATÓN,CRUCE INDEBIDO POR LA CALZADA,19
A-2022-06-100,2022-06-21,21:50,ATROPELLO,1,0,1.0,ICA,PISCO,TUPAC AMARU INCA,URBANA,CARRETERA,NACIONAL,PE-1S,-13.711096,-76.152763,DESPEJADO,RURAL,TRAMO RECTO,PLANA ,ASFALTADA,NO,,,NO,EN PROCESO DE INVESTIGACIÓN,NO CUENTA CON CAUSA ESPECIFICA,21
A-2022-06-248,2022-06-22,05:30,VOLCADURA,1,0,1.0,JUNIN,CHANCHAMAYO,SAN RAMON,RURAL,CARRETERA,NACIONAL,PE-22B,-11.165122927351826,-75.42829321203547,DESPEJADO,RURAL,CURVA,PLANA ,ASFALTADA,,,,,IMPRUDENCIA DEL CONDUCTOR,FATIGA Y/O CANSANCIO,5
A-2022-06-235,2022-06-22,19:00,ATROPELLO FUGA,1,0,1.0,PIURA,SECHURA,BERNAL,URBANA,CARRETERA,PROVINCIAL,PI-1040,-5.44840666,-80.739346,DESPEJADO,ESCOLAR,TRAMO RECTO,PLANA ,ASFALTADA,,,,,IMPRUDENCIA DEL CONDUCTOR,EXCESO DE VELOCIDAD,19
A-2022-06-168,2022-06-22,21:29,CHOQUE,1,0,,PIURA,SECHURA,SECHURA,URBANA,CARRETERA,PROVINCIAL,PI-1058,-5.56785432265989,-80.8144296580371,DESPEJADO,RURAL,INTERSECCIÓN,PLANA ,ASFALTADA,NO,,,SI,IMPRUDENCIA DEL CONDUCTOR,OTRO (IMPRUDENCIA DEL CONDUCTOR),21
A-2022-06-102,2022-06-23,01:30,DESPISTE,1,1,,ICA,PISCO,PISCO,URBANA,AVENIDA,URBANO,NO CORRESPONDE,-13.717682,-76.194882,DESPEJADO,COMERCIAL,CURVA,PLANA ,ASFALTADA,,,,,EN PROCESO DE INVESTIGACIÓN,NO CUENTA CON CAUSA ESPECIFICA,1
A-2022-06-41,2022-06-23,06:19,CHOQUE,1,0,0.0,PUNO,EL COLLAO,PILCUYO,RURAL,CARRETERA,DEPARTAMENTAL,PU-127,-16.098306,-69.547939,DESPEJADO,RURAL,TRAMO RECTO,PLANA ,ASFALTADA,,,,,IMPRUDENCIA DEL CONDUCTOR,CONDUCIR EN SENTIDO CONTRARIO,6