codigo_siniestro,fecha_siniestro,hora_siniestro,clase_siniestro,cantidad_fallecidos,cantidad_lesionados,cantidad_vehiculos_danados,departamento,provincia,distrito,zona,tipo_via,red_vial,cod_carretera,latitud,longitud,condicion_climatica,zonificacion,caracteristicas_via,perfil_longitudinal_via,superficie_calzada,existe_senal_vertical,clasificacion_senal_vertical_1,clasificacion_senal_vertical_2,existe_senal_horizontal,causa_factor_principal,causa_especifica,hora_del_dia
A-2022-07-105,2022-07-26,20:00,DESPISTE,1,0,1.0,LA LIBERTAD,TRUJILLO,MOCHE,URBANA,CARRETERA,NACIONAL,PE-1N,-8.150144,-79.011424,DESPEJADO,COMERCIAL,TRAMO RECTO,PLANA ,ASFALTADA,,,,,EN PROCESO DE INVESTIGACIÓN,NO CUENTA CON CAUSA ESPECIFICA,20
A-2022-07-263,2022-07-26,20:20,CHOQUE FUGA,1,0,2.0,PIURA,PIURA,LAS LOMAS,RURAL,CARRETERA,NACIONAL,PE-1NL,-4.6702417344145415,-80.24634522162751,DESPEJADO,RURAL,TRAMO RECTO,PLANA ,ASFALTADA,,,,,EN PROCESO DE INVESTIGACIÓN,NO CUENTA CON CAUSA ESPECIFICA,20
A-2022-07-83,2022-07-26,20:20,ATROPELLO FUGA,1,0,1.0,AREQUIPA,AREQUIPA,YURA,URBANA,CARRETERA,NACIONAL,PE-34A,-16.29761,-71.62601,DESPEJADO,COMERCIAL,TRAMO RECTO,PLANA ,ASFALTADA,NO,,,SI,EN PROCESO DE INVESTIGACIÓN,NO CUENTA CON CAUSA ESPECIFICA,20
A-2022-07-106,2022-07-26,21:40,CHOQUE,1,0,2.0,LA LIBERTAD,TRUJILLO,LA ESPERANZA,URBANA,AVENIDA,URBANO,NO CORRESPONDE,-8.062323,-79.052442,DESPEJADO,COMERCIAL,INTERSECCIÓN,PLANA ,ASFALTADA,,,,,IMPRUDENCIA DEL CONDUCTOR,DESACATO DE SEÑAL DE TRÁNSITO,21
A-2022-07-57,2022-07-26,23:00,ATROPELLO FUGA,1,0,,PUNO,PUNO,PICHACANI,RURAL,CARRETERA,NACIONAL,PE-36B,-16.141077389881424,-70.05228815537463,DESPEJADO,RURAL,TRAMO RECTO,PLANA ,ASFALTADA,,,,,IMPRUDENCIA DEL PEATÓN,OTRO (IMPRUDENCIA DEL PEATÓN),23
A-2022-07-73,2022-07-27,10:00,ATROPELLO,1,0,1.0,ICA,ICA,SALAS,RURAL,CARRETERA,NACIONAL,PE-1S,-13.928336672324372,-75.97409156267743,DESPEJADO,ESCOLAR,TRAMO RECTO,PLANA ,ASFALTADA,,,,,IMPRUDENCIA DEL PEATÓN,OTRO (IMPRUDENCIA DEL PEATÓN),10
A-2022-07-275,2022-07-27,11:50,CHOQUE,1,0,,LIMA,LIMA,LURIN,URBANA,CARRETERA,NACIONAL,PE-1S,-12.283256,-76.878624,DESPEJADO,INDUSTRIAL,TRAMO RECTO,PLANA ,ASFALTADA,,,,,IMPRUDENCIA DEL CONDUCTOR,OTRO (IMPRUDENCIA DEL CONDUCTOR),11
A-2022-07-107,2022-07-27,14:00,DESPISTE,1,1,1.0,LA LIBERTAD,PACASMAYO,SAN PEDRO DE LLOC,RURAL,CARRETERA,NACIONAL,PE-1N,-7.45568,-79.4791,DESPEJADO,RURAL,TRAMO RECTO,PLANA ,ASFALTADA,,,,,IMPRUDENCIA DEL CONDUCTOR,EXCESO DE VELOCIDAD,14
A-2022-07-241,2022-07-27,15:30,CHOQUE,1,0,2.0,PASCO,PASCO,YANACANCHA,RURAL,CARRETERA,NACIONAL,PE-3N,-10.693986356239142,-76.2299305049702,DESPEJADO,RURAL,TRAMO RECTO,INCLINADA,ASFALTADA,,,,,IMPRUDENCIA DEL CONDUCTOR,EXCESO DE VELOCIDAD,15
A-2022-07-59,2022-07-27,16:00,ATROPELLO FUGA,1,0,,PUNO,PUNO,HUATA,RURAL,CARRETERA,DEPARTAMENTAL,PU-118,-15.643570582570842,-70.01571850426642,DESPEJADO,RURAL,TRAMO RECTO,PLANA ,ASFALTADA,,,,,EN PROCESO DE INVESTIGACIÓN,NO CUENTA CON CAUSA ESPECIFICA,16
A-2022-07-269,2022-07-27,19:00,ATROPELLO,1,0,,LORETO,MAYNAS,SAN JUAN BAUTISTA,URBANA,CARRETERA,DEPARTAMENTAL,LO-103,-4.16745693410258,-73.4740998807758,DESPEJADO,INDUSTRIAL,TRAMO RECTO,PLANA ,ASFALTADA,,,,,IMPRUDENCIA DEL PEATÓN,ESTADO DE EBRIEDAD Y/O DROGADICCIÓN,19
A-2022-07-124,2022-07-27,19:20,ATROPELLO FUGA,1,0,,HUANUCO,LEONCIO PRADO,JOSE CRESPO Y CASTILLO,RURAL,CARRETERA,NACIONAL,PE-5N,-8.856348,-76.107646,DESPEJADO,RURAL,TRAMO RECTO,PLANA ,ASFALTADA,,,,,EN PROCESO DE INVESTIGACIÓN,NO CUENTA CON CAUSA ESPECIFICA,19
A-2022-07-191,2022-07-27,20:00,DESPISTE,1,0,1.0,PUNO,SAN ROMAN,CARACOTO,RURAL,CARRETERA,PROVINCIAL,PU-949,-15.587530482560526,-70.06278629800428,DESPEJADO,RURAL,TRAMO RECTO,PLANA ,ASFALTADA,,,,,IMPRUDENCIA DEL CONDUCTOR,CONDUCIR EN ESTADO DE EBRIEDAD Y/O DROGADICCIÓN,20
A-2022-07-162,2022-07-27,22:30,ATROPELLO,1,1,1.0,LIMA,LIMA,SAN MIGUEL,URBANA,OTRO,URBANO,NO CORRESPONDE,-12.089397281999029,-77.08955165915467,DESPEJADO,RESIDENCIAL,OTRO,INCLINADA,ASFALTADA,,,,,EN PROCESO DE INVESTIGACIÓN,NO CUENTA CON CAUSA ESPECIFICA,22
A-2022-07-209,2022-07-28,02:45,DESPISTE,4,2,,ANCASH,PALLASCA,TAUCA,RURAL,CARRETERA,NACIONAL,PE-3N,-8.43632045818227,-78.0948132461431,DESPEJADO,RURAL,OTRO,INCLINADA,TROCHA,,,,,EN PROCESO DE INVESTIGACIÓN,NO CUENTA CON CAUSA ESPECIFICA,2
A-2022-07-265,2022-07-28,04:15,DESPISTE,1,1,1.0,LIMA,HUAURA,HUACHO,RURAL,CARRETERA,NACIONAL,PE-1N,-11.39592,-77.39865,DESPEJADO,RURAL,TRAMO RECTO,INCLINADA,ASFALTADA,SI,REGULADORA (R),,NO,IMPRUDENCIA DEL CONDUCTOR,EXCESO DE VELOCIDAD,4
A-2022-07-82,2022-07-28,07:00,DESPISTE,3,1,1.0,ANCASH,CARLOS FERMIN FITZCARRALD,SAN NICOLAS,RURAL,CARRETERA,PROVINCIAL,AN-625,-8.944728418495957,-77.25099293540882,SOLEADO,RURAL,SINUOSA,INCLINADA,AFIRMADO,,,,,IMPRUDENCIA DEL CONDUCTOR,FATIGA Y/O CANSANCIO,7
A-2022-07-236,2022-07-28,09:30,DESPISTE,1,3,,AYACUCHO,CANGALLO,PARAS,RURAL,CARRETERA,NACIONAL,PE-28A,-13.358444,-74.82262,DESPEJADO,RURAL,SINUOSA,PLANA ,ASFALTADA,SI,PREVENTIVA (P),,NO,IMPRUDENCIA DEL CONDUCTOR,EXCESO DE VELOCIDAD,9
A-2022-07-251,2022-07-28,14:50,DESPISTE,3,0,,JUNIN,CHANCHAMAYO,SAN RAMON,RURAL,CARRETERA,NACIONAL,PE-22B,-11.1777721,-75.4521144,DESPEJADO,RURAL,CURVA,INCLINADA,ASFALTADA,,,,,IMPRUDENCIA DEL CONDUCTOR,FATIGA Y/O CANSANCIO,14
A-2022-07-95,2022-07-28,16:00,CHOQUE,2,1,2.0,LAMBAYEQUE,LAMBAYEQUE,OLMOS,RURAL,CARRETERA,PROVINCIAL,LA-517,-6.02938567788112,-79.806545691682,DESPEJADO,RURAL,TRAMO RECTO,PLANA ,TROCHA,,,,,EN PROCESO DE INVESTIGACIÓN,NO CUENTA CON CAUSA ESPECIFICA,16
A-2022-07-163,2022-07-28,16:20,ATROPELLO FUGA,1,0,,LIMA,LIMA,RIMAC,URBANA,CARRETERA,NACIONAL,PE-1N,-12.041213287871356,-77.03289512282687,DESPEJADO,RESIDENCIAL,TRAMO RECTO,PLANA ,ASFALTADA,SI,INFORMATIVA (I),,SI,EN PROCESO DE INVESTIGACIÓN,NO CUENTA CON CAUSA ESPECIFICA,16
A-2022-07-108,2022-07-28,19:30,ATROPELLO,1,0,1.0,LA LIBERTAD,VIRU,VIRU,RURAL,CARRETERA,NACIONAL,PE-1N,-8.362982,-78.871678,DESPEJADO,RURAL,TRAMO RECTO,PLANA ,ASFALTADA,,,,,IMPRUDENCIA DEL PEATÓN,CRUCE INDEBIDO POR LA CALZADA,19
A-2022-07-109,2022-07-29,01:30,CHOQUE,1,0,1.0,LA LIBERTAD,TRUJILLO,LAREDO,RURAL,CARRETERA,NACIONAL,PE-10A,-8.032543,-78.841541,DESPEJADO,RURAL,TRAMO RECTO,PLANA ,ASFALTADA,,,,,IMPRUDENCIA DEL CONDUCTOR,CONDUCIR EN ESTADO DE EBRIEDAD Y/O DROGADICCIÓN,1
A-2022-07-90,2022-07-29,02:00,DESPISTE,1,1,1.0,CUSCO,CANAS,CHECCA,RURAL,CARRETERA,DEPARTAMENTAL,CU-130,-14.441994,-71.42504,DESPEJADO,RURAL,CURVA,PLANA ,TROCHA,,,,,IMPRUDENCIA DEL CONDUCTOR,CONDUCIR EN ESTADO DE EBRIEDAD Y/O DROGADICCIÓN,2
A-2022-07-249,2022-07-29,05:00,ATROPELLO,1,0,,JUNIN,HUANCAYO,HUACRAPUQUIO,RURAL,CARRETERA,NACIONAL,PE-3S,-12.188843658535474,-75.19176714279406,DESPEJADO,RURAL,TRAMO RECTO,INCLINADA,ASFALTADA,NO,,,SI,IMPRUDENCIA DEL PEATÓN,OTRO (IMPRUDENCIA DEL PEATÓN),5
A-2022-07-160,2022-07-29,05:40,ATROPELLO FUGA,1,0,0.0,LIMA,LIMA,CARABAYLLO,URBANA,CARRETERA,PROVINCIAL,LM-691,-11.862209708446592,-77.05571893008928,DESPEJADO,ESCOLAR,TRAMO RECTO,PLANA ,ASFALTADA,,,,,EN PROCESO DE INVESTIGACIÓN,NO CUENTA CON CAUSA ESPECIFICA,5
A-2022-07-110,2022-07-29,06:50,ATROPELLO,1,0,1.0,LA LIBERTAD,PACASMAYO,GUADALUPE,RURAL,CARRETERA,NACIONAL,PE-08,-7.305280085254747,-79.47914506524577,DESPEJADO,RURAL,TRAMO RECTO,PLANA ,ASFALTADA,,,,,EN PROCESO DE INVESTIGACIÓN,NO CUENTA CON CAUSA ESPECIFICA,6
A-2022-07-68,2022-07-29,12:20,CHOQUE,1,4,2.0,PUNO,PUNO,PLATERIA,RURAL,CARRETERA,NACIONAL,PE-3S,-15.954076,-69.825822,DESPEJADO,RURAL,TRAMO RECTO,PLANA ,ASFALTADA,,,,,IMPRUDENCIA DEL CONDUCTOR,USO DE DISPOSITIVOS MÓVILES,12
A-2022-07-232,2022-07-29,14:00,ATROPELLO,1,0,1.0,LIMA,HUAURA,SAYAN,RURAL,CARRETERA,NACIONAL,PE-18,-11.064363317397373,-77.14055653278339,DESPEJADO,RURAL,OTRO,INCLINADA,ASFALTADA,SI,REGULADORA (R),PREVENTIVA (P),NO,IMPRUDENCIA DEL PEATÓN,CRUCE INDEBIDO POR LA CALZADA,14
A-2022-07-199,2022-07-29,17:00,CHOQUE,1,1,2.0,PIURA,PIURA,VEINTISEIS DE OCTUBRE,RURAL,CARRETERA,NACIONAL,PE-1N,-5.184714,-80.692297,DESPEJADO,RURAL,TRAMO RECTO,PLANA ,ASFALTADA,,,,,EN PROCESO DE INVESTIGACIÓN,NO CUENTA CON CAUSA ESPECIFICA,17
A-2022-07-222,2022-07-29,18:30,CHOQUE,1,0,2.0,CAJAMARCA,JAEN,JAEN,URBANA,CARRETERA,NACIONAL,PE-5N,-5.83172,-78.7479,DESPEJADO,RESIDENCIAL,TRAMO RECTO,PLANA ,ASFALTADA,,,,,EN PROCESO DE INVESTIGACIÓN,NO CUENTA CON CAUSA ESPECIFICA,18
A-2022-07-115,2022-07-29,20:21,CHOQUE,1,0,2.0,LA LIBERTAD,ASCOPE,CASA GRANDE,RURAL,CARRETERA,PROVINCIAL,LI-619,-7.722465,-79.215931,DESPEJADO,RURAL,TRAMO RECTO,PLANA ,ASFALTADA,,,,,IMPRUDENCIA DEL CONDUCTOR,CONDUCIR EN ESTADO DE EBRIEDAD Y/O DROGADICCIÓN,20
A-2022-07-193,2022-07-29,20:35,ATROPELLO,1,0,1.0,PUNO,AZANGARO,SANTIAGO DE PUPUJA,RURAL,CARRETERA,NACIONAL,PE-34B,-15.016569,-70.179992,DESPEJADO,RURAL,TRAMO RECTO,PLANA ,ASFALTADA,,,,,IMPRUDENCIA DEL PEATÓN,CRUCE INDEBIDO POR LA CALZADA,20
A-2022-07-223,2022-07-29,21:20,DESPISTE,1,0,,CAJAMARCA,CHOTA,CHIGUIRIP,RURAL,CARRETERA,DEPARTAMENTAL,CA-105,-6.42844573600371,-78.6902270498322,DESPEJADO,RURAL,CURVA,INCLINADA,ASFALTADA,,,,,EN PROCESO DE INVESTIGACIÓN,NO CUENTA CON CAUSA ESPECIFICA,21
A-2022-07-255,2022-07-29,22:30,CHOQUE FUGA,2,0,,AMAZONAS,CHACHAPOYAS,CHACHAPOYAS,RURAL,CARRETERA,DEPARTAMENTAL,AM-109,-6.218510278617894,-77.8784403204918,DESPEJADO,RURAL,CURVA,PLANA ,ASFALTADA,,,,,EN PROCESO DE INVESTIGACIÓN,NO CUENTA CON CAUSA ESPECIFICA,22
A-2022-07-221,2022-07-30,04:30,CHOQUE,1,0,,CAJAMARCA,CAJAMARCA,CAJAMARCA,RURAL,CARRETERA,NACIONAL,PE-08B,-7.16516909,-78.48339357,,,,,,,,,,EN PROCESO DE INVESTIGACIÓN,NO CUENTA CON CAUSA ESPECIFICA,4
A-2022-07-91,2022-07-30,04:30,CHOQUE,1,0,2.0,CUSCO,ANTA,LIMATAMBO,URBANA,CARRETERA,NACIONAL,PE-3S,-13.526324,-72.50997,DESPEJADO,COMERCIAL,TRAMO RECTO,PLANA ,ASFALTADA,SI,REGULADORA (R),,SI,EN PROCESO DE INVESTIGACIÓN,NO CUENTA CON CAUSA ESPECIFICA,4
A-2022-07-267,2022-07-30,04:40,DESPISTE,16,0,,JUNIN,SATIPO,PANGOA,RURAL,CARRETERA,NACIONAL,PE-5S,-11.334122656690024,-74.52024756353343,DESPEJADO,RURAL,TRAMO RECTO,INCLINADA,ASFALTADA,,,,,IMPRUDENCIA DEL CONDUCTOR,EXCESO DE PASAJEROS O CARGA,4
A-2022-07-212,2022-07-30,05:00,ATROPELLO,1,0,1.0,TACNA,TACNA,ALTO DE LA ALIANZA,URBANA,CARRETERA,NACIONAL,PE-38,-17.99371,-70.252171,DESPEJADO,COMERCIAL,TRAMO RECTO,PLANA ,ASFALTADA,SI,PREVENTIVA (P),REGULADORA (R),SI,IMPRUDENCIA DEL CONDUCTOR,CONDUCIR EN ESTADO DE EBRIEDAD Y/O DROGADICCIÓN,5
A-2022-07-192,2022-07-30,19:30,CHOQUE,1,0,1.0,PUNO,HUANCANE,HUANCANE,RURAL,CARRETERA,DEPARTAMENTAL,PU-116,-15.18036477872819,-69.78883619318478,DESPEJADO,RURAL,TRAMO RECTO,PLANA ,ASFALTADA,NO,,,SI,IMPRUDENCIA DEL CONDUCTOR,OTRO (IMPRUDENCIA DEL CONDUCTOR),19
A-2022-07-242,2022-07-30,20:00,CHOQUE,1,0,,LORETO,MAYNAS,SAN JUAN BAUTISTA,RURAL,CARRETERA,DEPARTAMENTAL,LO-103,-3.8625246,-73.3370782,DESPEJADO,RURAL,TRAMO RECTO,PLANA ,ASFALTADA,,,,,IMPRUDENCIA DEL CONDUCTOR,INVASIÓN DE CARRIL,20
A-2022-07-84,2022-07-30,20:30,CHOQUE,1,0,2.0,AREQUIPA,AREQUIPA,MOLLEBAYA,URBANA,CARRETERA,PROVINCIAL,AR-782,-16.490973,-71.50154,DESPEJADO,RESIDENCIAL,TRAMO RECTO,PLANA ,ASFALTADA,SI,PREVENTIVA (P),REGULADORA (R),SI,EN PROCESO DE INVESTIGACIÓN,NO CUENTA CON CAUSA ESPECIFICA,20
A-2022-07-268,2022-07-30,21:30,ATROPELLO,1,0,,JUNIN,CHANCHAMAYO,SAN RAMON,RURAL,CALLE,URBANO,NO CORRESPONDE,-11.134586053526023,-75.35286421623344,DESPEJADO,RURAL,TRAMO RECTO,PLANA ,TROCHA,,,,,IMPRUDENCIA DEL CONDUCTOR,NO ESTABLECER EL DERECHO DE PASO,21
A-2022-07-211,2022-07-30,23:00,ATROPELLO FUGA,1,0,0.0,TACNA,TACNA,CALANA,RURAL,CARRETERA,PROVINCIAL,TA-619,-17.960544,-70.22011,DESPEJADO,RURAL,OTRO,INCLINADA,AFIRMADO,,,,,EN PROCESO DE INVESTIGACIÓN,NO CUENTA CON CAUSA ESPECIFICA,23
A-2022-07-190,2022-07-31,01:30,VOLCADURA,1,0,1.0,PUNO,AZANGARO,AZANGARO,URBANA,CARRETERA,DEPARTAMENTAL,PU-111,-14.914580639878285,-70.19187030205345,DESPEJADO,ESCOLAR,TRAMO RECTO,PLANA ,ASFALTADA,,,,,IMPRUDENCIA DEL CONDUCTOR,EXCESO DE VELOCIDAD,1
A-2022-07-85,2022-07-31,05:30,ATROPELLO FUGA,1,0,1.0,AREQUIPA,AREQUIPA,LA JOYA,URBANA,CARRETERA,DEPARTAMENTAL,AR-114,-16.42887,-71.825537,DESPEJADO,RESIDENCIAL,CURVA,PLANA ,ASFALTADA,NO,,,SI,EN PROCESO DE INVESTIGACIÓN,NO CUENTA CON CAUSA ESPECIFICA,5
A-2022-07-111,2022-07-31,06:15,DESPISTE,1,0,1.0,LA LIBERTAD,GRAN CHIMU,CASCAS,RURAL,CARRETERA,SIN CLASIFICAR,SIN CLASIFICAR,-7.504396,-78.820375,DESPEJADO,RURAL,CURVA,PLANA ,TROCHA,,,,,EN PROCESO DE INVESTIGACIÓN,NO CUENTA CON CAUSA ESPECIFICA,6
A-2022-07-229,2022-07-31,14:30,CHOQUE,2,1,,CAJAMARCA,CAJAMARCA,LOS BAÑOS DEL INCA,URBANA,CARRETERA,NACIONAL,PE-08B,-7.150736,-78.455716,,,,,,,,,,EN PROCESO DE INVESTIGACIÓN,NO CUENTA CON CAUSA ESPECIFICA,14
A-2022-07-123,2022-07-31,17:44,DESPISTE,1,0,1.0,LAMBAYEQUE,CHICLAYO,CHICLAYO,RURAL,CARRETERA,PROVINCIAL,LA-816,-6.773706,-79.816592,DESPEJADO,RURAL,TRAMO RECTO,PLANA ,ASFALTADA,,,,,EN PROCESO DE INVESTIGACIÓN,NO CUENTA CON CAUSA ESPECIFICA,17
A-2022-07-230,2022-07-31,17:52,CHOQUE,1,4,2.0,CAJAMARCA,JAEN,JAEN,RURAL,CARRETERA,NACIONAL,PE-5N,-5.786813,-78.783611,DESPEJADO,RURAL,TRAMO RECTO,PLANA ,ASFALTADA,,,,,EN PROCESO DE INVESTIGACIÓN,NO CUENTA CON CAUSA ESPECIFICA,17
A-2022-07-276,2022-07-31,22:50,CHOQUE,2,6,,LIMA,LIMA,LURIN,URBANA,CARRETERA,NACIONAL,PE-1S,-12.250281,-76.930691,DESPEJADO,COMERCIAL,TRAMO RECTO,PLANA ,ASFALTADA,,,,,EN PROCESO DE INVESTIGACIÓN,NO CUENTA CON CAUSA ESPECIFICA,22
A-2022-08-261,2022-08-01,04:15,CHOQUE,2,7,,MADRE DE DIOS,TAMBOPATA,TAMBOPATA,RURAL,CARRETERA,NACIONAL,PE-30C,-12.659232,-69.319099,,,,,,,,,,EN PROCESO DE INVESTIGACIÓN,NO CUENTA CON CAUSA ESPECIFICA,4
A-2022-08-252,2022-08-01,05:30,DESPISTE,1,3,,JUNIN,TARMA,PALCA,RURAL,CARRETERA,PROVINCIAL,JU-604,-11.305549996282144,-75.5701446138607,LLUVIOSO,RURAL,OTRO,INCLINADA,TROCHA,,,,,IMPRUDENCIA DEL CONDUCTOR,OTRO (IMPRUDENCIA DEL CONDUCTOR),5
A-2022-08-6,2022-08-01,06:00,CHOQUE,1,0,1.0,LA LIBERTAD,VIRU,VIRU,RURAL,CARRETERA,NACIONAL,PE-1N,-8.471488042913176,-78.71155052733202,DESPEJADO,RURAL,TRAMO RECTO,PLANA ,ASFALTADA,,,,,IMPRUDENCIA DEL CONDUCTOR,ADELANTAR INDEBIDAMENTE,6
A-2022-08-44,2022-08-01,16:30,CHOQUE,1,0,2.0,CUSCO,URUBAMBA,MARAS,RURAL,CARRETERA,NACIONAL,PE-28F,-13.375879,-72.11607,DESPEJADO,RURAL,SINUOSA,INCLINADA,ASFALTADA,SI,PREVENTIVA (P),PREVENTIVA (P),SI,IMPRUDENCIA DEL CONDUCTOR,INVASIÓN DE CARRIL,16
A-2022-08-127,2022-08-02,01:00,ATROPELLO FUGA,2,0,0.0,PUNO,SAN ROMAN,CABANA,RURAL,CARRETERA,NACIONAL,PE-34A,-15.562104,-70.24031,DESPEJADO,RURAL,TRAMO RECTO,PLANA ,ASFALTADA,,,,,IMPRUDENCIA DEL PEATÓN,CRUCE INDEBIDO POR LA CALZADA,1
A-2022-08-171,2022-08-02,03:45,DESPISTE,1,0,,PIURA,PIURA,VEINTISEIS DE OCTUBRE,URBANA,CARRETERA,NACIONAL,PE-1N,-5.178632,-80.666543,DESPEJADO,INDUSTRIAL,TRAMO RECTO,PLANA ,ASFALTADA,,,,,EN PROCESO DE INVESTIGACIÓN,NO CUENTA CON CAUSA ESPECIFICA,3
A-2022-08-1,2022-08-02,06:35,CHOQUE,1,0,2.0,CALLAO,CALLAO,CALLAO,URBANA,AVENIDA,URBANO,NO CORRESPONDE,-12.049842714505225,-77.11416269059485,DESPEJADO,INDUSTRIAL,TRAMO RECTO,PLANA ,ASFALTADA,SI,PREVENTIVA (P),,SI,NEGLIGENCIA DEL CONDUCTOR,OTRO (NEGLIGENCIA DEL CONDUCTOR),6
A-2022-08-18,2022-08-02,07:15,CHOQUE,1,1,2.0,LA LIBERTAD,TRUJILLO,LAREDO,URBANA,CARRETERA,NACIONAL,PE-10A,-8.112546,-78.999485,DESPEJADO,INDUSTRIAL,TRAMO RECTO,PLANA ,ASFALTADA,,,,,EN PROCESO DE INVESTIGACIÓN,NO CUENTA CON CAUSA ESPECIFICA,7
A-2022-08-244,2022-08-02,23:00,VOLCADURA,1,0,1.0,PIURA,SULLANA,SULLANA,RURAL,CARRETERA,PROVINCIAL,PI-579,-4.791,-80.556,DESPEJADO,RURAL,TRAMO RECTO,PLANA ,ASFALTADA,,,,,EN PROCESO DE INVESTIGACIÓN,NO CUENTA CON CAUSA ESPECIFICA,23
A-2022-08-175,2022-08-03,18:40,ATROPELLO,1,0,,ANCASH,SANTA,CHIMBOTE,RURAL,CARRETERA,SIN CLASIFICAR,SIN CLASIFICAR,-9.024249928576673,-78.55449104182941,DESPEJADO,RURAL,TRAMO RECTO,PLANA ,ASFALTADA,,,,,EN PROCESO DE INVESTIGACIÓN,NO CUENTA CON CAUSA ESPECIFICA,18
A-2022-08-19,2022-08-04,01:15,ATROPELLO FUGA,1,0,1.0,LA LIBERTAD,TRUJILLO,HUANCHACO,RURAL,CARRETERA,NACIONAL,PE-1N,-8.120221,-79.084022,DESPEJADO,RURAL,TRAMO RECTO,PLANA ,ASFALTADA,,,,,EN PROCESO DE INVESTIGACIÓN,NO CUENTA CON CAUSA ESPECIFICA,1
A-2022-08-64,2022-08-04,03:00,ATROPELLO,1,1,1.0,LAMBAYEQUE,CHICLAYO,LA VICTORIA,URBANA,CARRETERA,DEPARTAMENTAL,LA-111,-6.79779,-79.83071,LLUVIOSO,RESIDENCIAL,TRAMO RECTO,PLANA ,ASFALTADA,,,,,EN PROCESO DE INVESTIGACIÓN,NO CUENTA CON CAUSA ESPECIFICA,3
A-2022-08-176,2022-08-04,09:00,DESPISTE,1,1,,ANCASH,PALLASCA,SANTA ROSA,RURAL,CARRETERA,NACIONAL,PE-3N,-8.45605682708533,-78.08144758808645,DESPEJADO,RURAL,SINUOSA,INCLINADA,AFIRMADO,,,,,EN PROCESO DE INVESTIGACIÓN,NO CUENTA CON CAUSA ESPECIFICA,9
A-2022-08-170,2022-08-04,15:00,ATROPELLO,1,0,,LIMA,LIMA,LA VICTORIA,URBANA,AVENIDA,URBANO,NO CORRESPONDE,-12.06438623872198,-77.02921847721872,DESPEJADO,COMERCIAL,INTERSECCIÓN,PLANA ,ASFALTADA,NO,,,SI,EN PROCESO DE INVESTIGACIÓN,NO CUENTA CON CAUSA ESPECIFICA,15
A-2022-08-192,2022-08-04,19:30,CHOQUE FUGA,1,0,,CAJAMARCA,SAN IGNACIO,CHIRINOS,RURAL,CARRETERA,NACIONAL,PE-5N,-5.358821,-78.791773,DESPEJADO,RURAL,TRAMO RECTO,PLANA ,ASFALTADA,,,,,EN PROCESO DE INVESTIGACIÓN,NO CUENTA CON CAUSA ESPECIFICA,19
A-2022-08-2,2022-08-04,23:00,CAÍDA DE PASAJERO,1,1,,CALLAO,CALLAO,VENTANILLA,URBANA,CARRETERA,NACIONAL,PE-20,-11.889928212601054,-77.12605166149483,DESPEJADO,INDUSTRIAL,OTRO,PLANA ,CONCRETO,,,,,EN PROCESO DE INVESTIGACIÓN,NO CUENTA CON CAUSA ESPECIFICA,23
A-2022-08-177,2022-08-05,04:30,ATROPELLO,1,0,,ANCASH,CASMA,CASMA,RURAL,CARRETERA,NACIONAL,PE-1N,-9.480335188456207,-78.29283734231547,DESPEJADO,RURAL,TRAMO RECTO,INCLINADA,ASFALTADA,SI,REGULADORA (R),,NO,EN PROCESO DE INVESTIGACIÓN,NO CUENTA CON CAUSA ESPECIFICA,4
A-2022-08-20,2022-08-05,09:00,DESPISTE,5,0,1.0,LA LIBERTAD,GRAN CHIMU,SAYAPULLO,RURAL,CARRETERA,DEPARTAMENTAL,LI-106,-7.596694,-78.484544,DESPEJADO,RURAL,CURVA,PLANA ,AFIRMADO,,,,,IMPRUDENCIA DEL CONDUCTOR,CONDUCIR EN ESTADO DE EBRIEDAD Y/O DROGADICCIÓN,9
A-2022-08-94,2022-08-05,13:10,CHOQUE,1,2,2.0,MADRE DE DIOS,MANU,MANU,RURAL,CARRETERA,DEPARTAMENTAL,MD-103,-12.8429806,-71.3652383,SOLEADO,RURAL,CURVA,PLANA ,ASFALTADA,,,,,IMPRUDENCIA DEL CONDUCTOR,CONDUCIR EN ESTADO DE EBRIEDAD Y/O DROGADICCIÓN,13
A-2022-08-25,2022-08-05,14:30,DESPISTE,1,1,1.0,APURIMAC,ANDAHUAYLAS,KISHUARA,RURAL,CARRETERA,NACIONAL,PE-3S,-13.691124,-73.169512,LLUVIOSO,RURAL,CURVA,PLANA ,ASFALTADA,SI,PREVENTIVA (P),REGULADORA (R),SI,IMPRUDENCIA DEL CONDUCTOR,EXCESO DE VELOCIDAD,14
A-2022-08-169,2022-08-05,18:50,CHOQUE,1,0,2.0,LIMA,LIMA,SANTA ANITA,URBANA,AVENIDA,URBANO,NO CORRESPONDE,-12.040577742625416,-76.9827142759373,DESPEJADO,COMERCIAL,INTERSECCIÓN,PLANA ,ASFALTADA,,,,,EN PROCESO DE INVESTIGACIÓN,NO CUENTA CON CAUSA ESPECIFICA,18