codigo_siniestro,fecha_siniestro,hora_siniestro,clase_siniestro,cantidad_fallecidos,cantidad_lesionados,cantidad_vehiculos_danados,departamento,provincia,distrito,zona,tipo_via,red_vial,cod_carretera,latitud,longitud,condicion_climatica,zonificacion,caracteristicas_via,perfil_longitudinal_via,superficie_calzada,existe_senal_vertical,clasificacion_senal_vertical_1,clasificacion_senal_vertical_2,existe_senal_horizontal,causa_factor_principal,causa_especifica,hora_del_dia
A-2022-08-71,2022-08-23,18:40,CHOQUE,1,0,2.0,AREQUIPA,AREQUIPA,VITOR,RURAL,CARRETERA,NACIONAL,PE-1S,-16.481673,-71.902491,DESPEJADO,RURAL,TRAMO RECTO,PLANA ,ASFALTADA,SI,REGULADORA (R),,SI,EN PROCESO DE INVESTIGACIÓN,NO CUENTA CON CAUSA ESPECIFICA,18
A-2022-08-50,2022-08-23,19:45,ATROPELLO,1,0,1.0,LA LIBERTAD,CHEPEN,PACANGA,RURAL,CARRETERA,NACIONAL,PE-1N,-7.153337,-79.447408,DESPEJADO,RURAL,TRAMO RECTO,PLANA ,ASFALTADA,,,,,IMPRUDENCIA DEL CONDUCTOR,OTRO (IMPRUDENCIA DEL CONDUCTOR),19
A-2022-08-91,2022-08-24,06:40,CHOQUE,3,4,2.0,APURIMAC,CHINCHEROS,OCOBAMBA,RURAL,CARRETERA,DEPARTAMENTAL,AP-102,-13.53668,-73.505308,DESPEJADO,RURAL,CURVA,INCLINADA,AFIRMADO,,,,,IMPRUDENCIA DEL CONDUCTOR,EXCESO DE VELOCIDAD,6
A-2022-08-259,2022-08-24,18:30,CHOQUE,2,0,2.0,JUNIN,SATIPO,SATIPO,RURAL,CARRETERA,NACIONAL,PE-5S,-11.236908688363789,-74.59163535621825,DESPEJADO,RURAL,TRAMO RECTO,PLANA ,ASFALTADA,,,,,IMPRUDENCIA DEL CONDUCTOR,EXCESO DE VELOCIDAD,18
A-2022-08-223,2022-08-24,19:00,ATROPELLO,1,0,1.0,PIURA,MORROPON,BUENOS AIRES,RURAL,CARRETERA,NACIONAL,PE-02A,-5.244092,-79.983219,DESPEJADO,RURAL,TRAMO RECTO,PLANA ,ASFALTADA,,,,,EN PROCESO DE INVESTIGACIÓN,NO CUENTA CON CAUSA ESPECIFICA,19
A-2022-08-81,2022-08-24,19:55,ATROPELLO,1,0,1.0,ANCASH,HUARAZ,HUARAZ,URBANA,CARRETERA,NACIONAL,PE-3N,-9.542900409793337,-77.53353210762585,DESPEJADO,COMERCIAL,TRAMO RECTO,PLANA ,ASFALTADA,,,,,EN PROCESO DE INVESTIGACIÓN,NO CUENTA CON CAUSA ESPECIFICA,19
A-2022-08-122,2022-08-25,01:45,DESPISTE,1,0,1.0,LAMBAYEQUE,LAMBAYEQUE,OLMOS,RURAL,CARRETERA,NACIONAL,PE-1NJ,-5.982158,-79.743202,DESPEJADO,RURAL,TRAMO RECTO,PLANA ,ASFALTADA,,,,,EN PROCESO DE INVESTIGACIÓN,NO CUENTA CON CAUSA ESPECIFICA,1
A-2022-08-249,2022-08-25,06:00,CHOQUE CON OBJETO FIJO,1,0,1.0,MADRE DE DIOS,TAMBOPATA,TAMBOPATA,URBANA,JIRÓN,URBANO,NO CORRESPONDE,-12.588639,-69.188366,DESPEJADO,COMERCIAL,TRAMO RECTO,PLANA ,CONCRETO,,,,,IMPRUDENCIA DEL CONDUCTOR,CONDUCIR EN ESTADO DE EBRIEDAD Y/O DROGADICCIÓN,6
A-2022-08-180,2022-08-25,08:10,CHOQUE,1,3,2.0,LAMBAYEQUE,CHICLAYO,LA VICTORIA,URBANA,CALLE,URBANO,NO CORRESPONDE,-6.798853,-79.83346,DESPEJADO,RESIDENCIAL,INTERSECCIÓN,PLANA ,ASFALTADA,,,,,EN PROCESO DE INVESTIGACIÓN,NO CUENTA CON CAUSA ESPECIFICA,8
A-2022-08-148,2022-08-25,09:45,ATROPELLO,1,0,,LIMA,LIMA,ATE,URBANA,CARRETERA,NACIONAL,PE-22,-12.01224672467052,-76.8780904627646,DESPEJADO,COMERCIAL,TRAMO RECTO,PLANA ,ASFALTADA,,,,,EN PROCESO DE INVESTIGACIÓN,NO CUENTA CON CAUSA ESPECIFICA,9
A-2022-08-59,2022-08-25,10:00,CHOQUE,1,0,2.0,PUNO,PUNO,HUATA,RURAL,CARRETERA,DEPARTAMENTAL,PU-118,-15.614025766263527,-69.98175674185632,DESPEJADO,RURAL,TRAMO RECTO,PLANA ,ASFALTADA,,,,,IMPRUDENCIA DEL CONDUCTOR,GIRAR IMPRUDENTEMENTE,10
A-2022-08-135,2022-08-25,18:45,CHOQUE,2,0,2.0,PUNO,SAN ROMAN,CARACOTO,RURAL,CARRETERA,NACIONAL,PE-3S,-15.5541218,-70.106811,DESPEJADO,RURAL,TRAMO RECTO,PLANA ,ASFALTADA,,,,,IMPRUDENCIA DEL CONDUCTOR,OTRO (IMPRUDENCIA DEL CONDUCTOR),18
A-2022-08-239,2022-08-25,20:50,CHOQUE,1,0,,JUNIN,JUNIN,CARHUAMAYO,URBANA,CARRETERA,NACIONAL,PE-3N,-10.920776904776764,-76.06148025523774,DESPEJADO,RURAL,TRAMO RECTO,PLANA ,ASFALTADA,NO,,,SI,IMPRUDENCIA DEL CONDUCTOR,CONDUCIR EN ESTADO DE EBRIEDAD Y/O DROGADICCIÓN,20
A-2022-08-258,2022-08-25,23:50,CAÍDA DE PASAJERO,1,0,0.0,ICA,CHINCHA,TAMBO DE MORA,RURAL,CARRETERA,NACIONAL,PE-1SE,-13.417491,-76.189702,DESPEJADO,RURAL,TRAMO RECTO,PLANA ,ASFALTADA,,,,,EN PROCESO DE INVESTIGACIÓN,NO CUENTA CON CAUSA ESPECIFICA,23
A-2022-08-274,2022-08-26,04:25,CHOQUE,1,0,,LIMA,LIMA,SAN MARTIN DE PORRES,URBANA,AVENIDA,URBANO,NO CORRESPONDE,-12.02945217,-77.06436898,DESPEJADO,COMERCIAL,CURVA,PLANA ,ASFALTADA,,,,,IMPRUDENCIA DEL CONDUCTOR,OTRO (IMPRUDENCIA DEL CONDUCTOR),4
A-2022-08-89,2022-08-26,10:30,DESPISTE,1,0,1.0,CUSCO,CANCHIS,CHECACUPE,RURAL,CARRETERA,PROVINCIAL,CU-1454,-14.0305661,-71.3410491,DESPEJADO,RURAL,TRAMO RECTO,INCLINADA,TROCHA,,,,,EN PROCESO DE INVESTIGACIÓN,NO CUENTA CON CAUSA ESPECIFICA,10
A-2022-08-82,2022-08-26,15:00,CHOQUE,1,2,2.0,ICA,PISCO,SAN ANDRES,URBANA,CARRETERA,NACIONAL,PE-1SG,-13.75241922372558,-76.23002256284606,DESPEJADO,INDUSTRIAL,TRAMO RECTO,PLANA ,ASFALTADA,,,,,IMPRUDENCIA DEL CONDUCTOR,GIRAR IMPRUDENTEMENTE,15
A-2022-08-137,2022-08-26,17:15,CHOQUE,1,0,2.0,PUNO,MELGAR,SANTA ROSA,RURAL,CARRETERA,NACIONAL,PE-3S,-14.511090871386196,-70.92338917480916,DESPEJADO,RURAL,TRAMO RECTO,PLANA ,ASFALTADA,,,,,IMPRUDENCIA DEL CONDUCTOR,INVASIÓN DE CARRIL,17
A-2022-08-147,2022-08-26,18:40,ATROPELLO FUGA,1,0,1.0,LIMA,LIMA,ANCON,URBANA,CARRETERA,NACIONAL,PE-1N,-11.773241,-77.159443,DESPEJADO,COMERCIAL,TRAMO RECTO,PLANA ,ASFALTADA,,,,,EN PROCESO DE INVESTIGACIÓN,NO CUENTA CON CAUSA ESPECIFICA,18
A-2022-08-182,2022-08-26,20:00,ATROPELLO,1,0,1.0,TACNA,TACNA,CORONEL GREGORIO ALBARRACIN LANCHIPA,URBANA,CARRETERA,PROVINCIAL,TA-634,-18.046278,-70.249627,DESPEJADO,COMERCIAL,INTERSECCIÓN,INCLINADA,ASFALTADA,,,,,IMPRUDENCIA DEL CONDUCTOR,EXCESO DE VELOCIDAD,20
A-2022-08-84,2022-08-26,20:30,CHOQUE,1,0,2.0,LAMBAYEQUE,CHICLAYO,LAGUNAS,URBANA,CARRETERA,NACIONAL,PE-1N,-6.9788991,-79.6453884,DESPEJADO,RURAL,CURVA,PLANA ,ASFALTADA,SI,INFORMATIVA (I),,NO,EN PROCESO DE INVESTIGACIÓN,NO CUENTA CON CAUSA ESPECIFICA,20
A-2022-08-146,2022-08-26,21:20,ATROPELLO,1,0,1.0,LIMA,LIMA,VILLA EL SALVADOR,URBANA,AVENIDA,URBANO,NO CORRESPONDE,-12.218494,-76.921427,DESPEJADO,COMERCIAL,TRAMO RECTO,PLANA ,ASFALTADA,,,,,EN PROCESO DE INVESTIGACIÓN,NO CUENTA CON CAUSA ESPECIFICA,21
A-2022-08-74,2022-08-26,23:30,CHOQUE,1,0,2.0,ICA,ICA,SANTIAGO,URBANA,CARRETERA,NACIONAL,PE-1S,-14.136837733086454,-75.71752216110073,DESPEJADO,RURAL,CURVA,PLANA ,ASFALTADA,,,,,IMPRUDENCIA DEL CONDUCTOR,INVASIÓN DE CARRIL,23
A-2022-08-85,2022-08-27,05:10,CHOQUE,1,1,2.0,CUSCO,CUSCO,CUSCO,RURAL,CARRETERA,NACIONAL,PE-28G,-13.498365288326452,-71.97271225515456,DESPEJADO,RURAL,TRAMO RECTO,PLANA ,ASFALTADA,SI,REGULADORA (R),,SI,IMPRUDENCIA DEL CONDUCTOR,NO ESTABLECER EL DERECHO DE PASO,5
A-2022-08-145,2022-08-27,06:30,ATROPELLO FUGA,1,0,,LIMA,LIMA,COMAS,URBANA,AVENIDA,URBANO,NO CORRESPONDE,-11.936865,-77.049057,DESPEJADO,COMERCIAL,TRAMO RECTO,PLANA ,ASFALTADA,,,,,EN PROCESO DE INVESTIGACIÓN,NO CUENTA CON CAUSA ESPECIFICA,6
A-2022-08-144,2022-08-27,07:45,CHOQUE,1,0,4.0,LIMA,LIMA,SANTIAGO DE SURCO,URBANA,CARRETERA,NACIONAL,PE-1S,-12.1119264,-76.9778515,DESPEJADO,COMERCIAL,TRAMO RECTO,PLANA ,ASFALTADA,,,,,EN PROCESO DE INVESTIGACIÓN,NO CUENTA CON CAUSA ESPECIFICA,7
A-2022-08-72,2022-08-27,17:30,ATROPELLO FUGA,1,0,,CUSCO,QUISPICANCHI,URCOS,URBANA,CARRETERA,SIN CLASIFICAR,SIN CLASIFICAR,-13.6886423,-71.5757572,DESPEJADO,RESIDENCIAL,CURVA,INCLINADA,ASFALTADA,SI,PREVENTIVA (P),,SI,EN PROCESO DE INVESTIGACIÓN,NO CUENTA CON CAUSA ESPECIFICA,17
A-2022-08-184,2022-08-27,18:35,ATROPELLO,1,0,,APURIMAC,COTABAMBAS,CHALLHUAHUACHO,URBANA,CALLE,URBANO,NO CORRESPONDE,-14.121556111527545,-72.25297294659477,,,,,,,,,,EN PROCESO DE INVESTIGACIÓN,NO CUENTA CON CAUSA ESPECIFICA,18
A-2022-08-247,2022-08-27,21:00,ATROPELLO,1,0,1.0,PIURA,SULLANA,SULLANA,URBANA,CARRETERA,NACIONAL,PE-1NL,-4.919471520306107,-80.63773288648704,DESPEJADO,RURAL,TRAMO RECTO,PLANA ,ASFALTADA,,,,,EN PROCESO DE INVESTIGACIÓN,NO CUENTA CON CAUSA ESPECIFICA,21
A-2022-08-233,2022-08-28,03:00,CHOQUE,1,0,2.0,PIURA,PIURA,PIURA,URBANA,AVENIDA,URBANO,NO CORRESPONDE,-5.166641,-80.639669,DESPEJADO,COMERCIAL,TRAMO RECTO,PLANA ,ASFALTADA,,,,,EN PROCESO DE INVESTIGACIÓN,NO CUENTA CON CAUSA ESPECIFICA,3
A-2022-08-263,2022-08-28,04:00,CHOQUE,1,0,,MADRE DE DIOS,TAMBOPATA,LABERINTO,URBANA,CARRETERA,PROVINCIAL,MD-529,-12.721218,-69.584426,,,,,,,,,,EN PROCESO DE INVESTIGACIÓN,NO CUENTA CON CAUSA ESPECIFICA,4
A-2022-08-136,2022-08-28,05:30,VOLCADURA,1,0,1.0,PUNO,AZANGARO,ARAPA,RURAL,CARRETERA,DEPARTAMENTAL,PU-113,-15.126648,-70.133416,DESPEJADO,RURAL,TRAMO RECTO,PLANA ,ASFALTADA,,,,,IMPRUDENCIA DEL CONDUCTOR,EXCESO DE VELOCIDAD,5
A-2022-08-86,2022-08-28,05:40,ATROPELLO FUGA,1,0,1.0,LAMBAYEQUE,CHICLAYO,LA VICTORIA,URBANA,CARRETERA,NACIONAL,PE-1N,-6.8018,-79.8415,NUBLADO,COMERCIAL,TRAMO RECTO,PLANA ,ASFALTADA,,,,,EN PROCESO DE INVESTIGACIÓN,NO CUENTA CON CAUSA ESPECIFICA,5
A-2022-08-143,2022-08-28,06:20,CHOQUE,1,0,2.0,LIMA,LIMA,LURIN,URBANA,CARRETERA,PROVINCIAL,LM-797,-12.273785235748852,-76.87277089205438,DESPEJADO,COMERCIAL,TRAMO RECTO,PLANA ,ASFALTADA,,,,,EN PROCESO DE INVESTIGACIÓN,NO CUENTA CON CAUSA ESPECIFICA,6
A-2022-08-97,2022-08-28,13:30,ATROPELLO,1,0,1.0,CUSCO,ANTA,ANTA,URBANA,CARRETERA,NACIONAL,PE-3S,-13.495006009696889,-72.17907058881109,DESPEJADO,RURAL,TRAMO RECTO,PLANA ,ASFALTADA,SI,INFORMATIVA (I),INFORMATIVA (I),SI,IMPRUDENCIA DEL PEATÓN,CRUCE INDEBIDO POR LA CALZADA,13
A-2022-08-95,2022-08-28,17:30,CHOQUE,1,0,2.0,AREQUIPA,ISLAY,MOLLENDO,RURAL,CARRETERA,NACIONAL,PE-1SD,-17.054827,-71.963093,DESPEJADO,RURAL,TRAMO RECTO,PLANA ,ASFALTADA,NO,,,SI,EN PROCESO DE INVESTIGACIÓN,NO CUENTA CON CAUSA ESPECIFICA,17
A-2022-08-260,2022-08-28,20:45,ATROPELLO,1,0,,JUNIN,SATIPO,SATIPO,URBANA,CARRETERA,NACIONAL,PE-24A,-11.247901566201907,-74.6372883987367,DESPEJADO,COMERCIAL,TRAMO RECTO,PLANA ,ASFALTADA,,,,,IMPRUDENCIA DEL PEATÓN,CRUCE INDEBIDO POR LA CALZADA,20
A-2022-08-205,2022-08-28,20:55,CHOQUE FUGA,1,1,1.0,UCAYALI,CORONEL PORTILLO,YARINACOCHA,RURAL,AVENIDA,URBANO,NO CORRESPONDE,-8.373012,-74.599707,DESPEJADO,RURAL,INTERSECCIÓN,PLANA ,AFIRMADO,,,,,IMPRUDENCIA DEL CONDUCTOR,CONDUCIR EN ESTADO DE EBRIEDAD Y/O DROGADICCIÓN,20
A-2022-08-200,2022-08-29,00:45,DESPISTE,1,1,,AYACUCHO,HUAMANGA,CARMEN ALTO,URBANA,AVENIDA,URBANO,NO CORRESPONDE,-13.17011311,-74.2267116,DESPEJADO,RESIDENCIAL,CURVA,INCLINADA,ASFALTADA,,,,,IMPRUDENCIA DEL CONDUCTOR,EXCESO DE VELOCIDAD,0
A-2022-08-141,2022-08-29,05:20,ATROPELLO,1,0,1.0,LIMA,LIMA,PUENTE PIEDRA,URBANA,CARRETERA,NACIONAL,PE-1N,-11.8293549,-77.1187043,DESPEJADO,COMERCIAL,TRAMO RECTO,PLANA ,ASFALTADA,,,,,EN PROCESO DE INVESTIGACIÓN,NO CUENTA CON CAUSA ESPECIFICA,5
A-2022-08-142,2022-08-29,15:40,ATROPELLO,1,0,,LIMA,LIMA,SAN JUAN DE LURIGANCHO,URBANA,AVENIDA,URBANO,NO CORRESPONDE,-12.0264267,-76.9887615,DESPEJADO,RESIDENCIAL,TRAMO RECTO,PLANA ,ASFALTADA,,,,,EN PROCESO DE INVESTIGACIÓN,NO CUENTA CON CAUSA ESPECIFICA,15
A-2022-08-121,2022-08-29,17:50,ATROPELLO,1,0,0.0,LAMBAYEQUE,FERREÑAFE,PITIPO,URBANA,CALLE,URBANO,NO CORRESPONDE,-6.481992,-79.650751,DESPEJADO,RESIDENCIAL,TRAMO RECTO,PLANA ,TROCHA,,,,,EN PROCESO DE INVESTIGACIÓN,NO CUENTA CON CAUSA ESPECIFICA,17
A-2022-08-98,2022-08-30,02:00,CHOQUE CON OBJETO FIJO,1,0,1.0,AREQUIPA,AREQUIPA,JOSE LUIS BUSTAMANTE Y RIVERO,URBANA,CARRETERA,NACIONAL,PE-34C,-16.425451,-71.5318611,DESPEJADO,COMERCIAL,TRAMO RECTO,INCLINADA,ASFALTADA,,,,,EN PROCESO DE INVESTIGACIÓN,NO CUENTA CON CAUSA ESPECIFICA,2
A-2022-09-187,2022-08-30,02:30,CHOQUE CON OBJETO FIJO,1,0,1.0,CAJAMARCA,CUTERVO,CUTERVO,URBANA,CARRETERA,PROVINCIAL,CA-835,-6.37541312,-78.81702385,SOLEADO,RESIDENCIAL,TRAMO RECTO,PLANA ,ASFALTADA,,,,,EN PROCESO DE INVESTIGACIÓN,NO CUENTA CON CAUSA ESPECIFICA,2
A-2022-08-101,2022-08-30,05:50,ATROPELLO,1,0,1.0,LAMBAYEQUE,LAMBAYEQUE,OLMOS,RURAL,CARRETERA,NACIONAL,PE-1NJ,-5.989715,-79.706363,DESPEJADO,RURAL,TRAMO RECTO,PLANA ,ASFALTADA,,,,,EN PROCESO DE INVESTIGACIÓN,NO CUENTA CON CAUSA ESPECIFICA,5
A-2022-08-236,2022-08-30,18:40,ATROPELLO FUGA,1,0,1.0,JUNIN,HUANCAYO,SAN AGUSTIN,URBANA,CARRETERA,NACIONAL,PE-3S,-12.015720113908449,-75.24374119704983,DESPEJADO,INDUSTRIAL,TRAMO RECTO,PLANA ,ASFALTADA,NO,,,SI,IMPRUDENCIA DEL CONDUCTOR,EXCESO DE VELOCIDAD,18
A-2022-08-235,2022-08-30,20:30,ATROPELLO,1,0,,JUNIN,HUANCAYO,SAN AGUSTIN,URBANA,CARRETERA,PROVINCIAL,JU-1072,-11.993778,-75.251304,DESPEJADO,RURAL,INTERSECCIÓN,PLANA ,ASFALTADA,,,,,IMPRUDENCIA DEL PEATÓN,ESTADO DE EBRIEDAD Y/O DROGADICCIÓN,20
A-2022-08-109,2022-08-30,20:40,DESPISTE,1,0,1.0,HUANUCO,HUAMALIES,MONZON,RURAL,CARRETERA,NACIONAL,PE-14A,-9.209676,-76.151048,DESPEJADO,RURAL,CURVA,PLANA ,ASFALTADA,SI,PREVENTIVA (P),,NO,IMPRUDENCIA DEL CONDUCTOR,OTRO (IMPRUDENCIA DEL CONDUCTOR),20
A-2022-08-248,2022-08-30,21:00,CHOQUE,1,0,2.0,PIURA,TALARA,PARIÑAS,RURAL,CARRETERA,DEPARTAMENTAL,PI-100,-4.576846371005182,-81.25023705032099,DESPEJADO,RURAL,CURVA,PLANA ,ASFALTADA,,,,,IMPRUDENCIA DEL CONDUCTOR,INVASIÓN DE CARRIL,21
A-2022-08-139,2022-08-30,21:30,ATROPELLO,1,0,1.0,LIMA,LIMA,LOS OLIVOS,URBANA,CARRETERA,NACIONAL,PE-20J,-11.9770516,-77.08195513,DESPEJADO,COMERCIAL,TRAMO RECTO,PLANA ,ASFALTADA,,,,,EN PROCESO DE INVESTIGACIÓN,NO CUENTA CON CAUSA ESPECIFICA,21
A-2022-08-140,2022-08-30,23:40,ATROPELLO,1,0,1.0,LIMA,LIMA,PUENTE PIEDRA,URBANA,CARRETERA,NACIONAL,PE-1N,-11.872988,-77.06937683,DESPEJADO,COMERCIAL,SINUOSA,PLANA ,ASFALTADA,,,,,EN PROCESO DE INVESTIGACIÓN,NO CUENTA CON CAUSA ESPECIFICA,23
A-2022-08-264,2022-08-31,00:00,CHOQUE,1,0,2.0,TACNA,TARATA,TARUCACHI,RURAL,CARRETERA,PROVINCIAL,TA-566,-17.5249037678873,-70.0333284095395,DESPEJADO,RURAL,CURVA,INCLINADA,AFIRMADO,,,,,IMPRUDENCIA DEL CONDUCTOR,EXCESO DE VELOCIDAD,0
A-2022-08-83,2022-08-31,04:00,DESPISTE,1,0,1.0,ICA,ICA,ICA,URBANA,CALLE,URBANO,NO CORRESPONDE,-14.080969,-75.731989,DESPEJADO,COMERCIAL,TRAMO RECTO,PLANA ,ASFALTADA,,,,,EN PROCESO DE INVESTIGACIÓN,NO CUENTA CON CAUSA ESPECIFICA,4
A-2022-08-100,2022-08-31,14:20,VOLCADURA,1,1,1.0,TUMBES,TUMBES,CORRALES,RURAL,CARRETERA,SIN CLASIFICAR,SIN CLASIFICAR,-3.575346218738514,-80.48382811665789,DESPEJADO,RURAL,TRAMO RECTO,PLANA ,TROCHA,,,,,IMPRUDENCIA DEL CONDUCTOR,CONDUCIR EN ESTADO DE EBRIEDAD Y/O DROGADICCIÓN,14
A-2022-08-92,2022-08-31,18:25,CHOQUE,1,0,2.0,ICA,ICA,SAN JUAN BAUTISTA,URBANA,CARRETERA,PROVINCIAL,IC-620,-14.005,-75.753,DESPEJADO,COMERCIAL,TRAMO RECTO,PLANA ,ASFALTADA,,,,,EN PROCESO DE INVESTIGACIÓN,NO CUENTA CON CAUSA ESPECIFICA,18
A-2022-08-117,2022-08-31,20:54,CHOQUE,1,0,2.0,LIMA,BARRANCA,BARRANCA,RURAL,CARRETERA,DEPARTAMENTAL,LM-100,-10.738293246489183,-77.77122931616893,DESPEJADO,RURAL,TRAMO RECTO,PLANA ,ASFALTADA,,,,,EN PROCESO DE INVESTIGACIÓN,NO CUENTA CON CAUSA ESPECIFICA,20
A-2022-09-222,2022-09-01,03:30,DESPISTE,2,0,1.0,HUANUCO,LAURICOCHA,SAN FRANCISCO DE ASIS,RURAL,CARRETERA,DEPARTAMENTAL,HU-110,-9.9785672,-76.6737712,DESPEJADO,RURAL,CURVA,INCLINADA,TROCHA,,,,,IMPRUDENCIA DEL CONDUCTOR,CONDUCIR EN ESTADO DE EBRIEDAD Y/O DROGADICCIÓN,3
A-2022-09-237,2022-09-01,10:48,CHOQUE,1,2,2.0,MADRE DE DIOS,TAMBOPATA,TAMBOPATA,URBANA,CARRETERA,PROVINCIAL,MD-566,-12.599686,-69.197185,DESPEJADO,COMERCIAL,INTERSECCIÓN,PLANA ,CONCRETO,NO,,,NO,IMPRUDENCIA DEL CONDUCTOR,OTRO (IMPRUDENCIA DEL CONDUCTOR),10
A-2022-09-158,2022-09-02,01:45,DESPISTE,1,0,,LIMA,LIMA,LIMA,URBANA,JIRÓN,URBANO,NO CORRESPONDE,-12.051548714378525,-77.03661018722241,DESPEJADO,COMERCIAL,TRAMO RECTO,PLANA ,ASFALTADA,,,,,EN PROCESO DE INVESTIGACIÓN,NO CUENTA CON CAUSA ESPECIFICA,1
A-2022-09-67,2022-09-02,11:40,DESPISTE,2,0,1.0,CUSCO,CALCA,YANATILE,RURAL,CARRETERA,DEPARTAMENTAL,CU-105,-12.6453608,-72.3582205,DESPEJADO,RURAL,CURVA,PLANA ,ASFALTADA,,,,,IMPRUDENCIA DEL CONDUCTOR,FATIGA Y/O CANSANCIO,11
A-2022-09-33,2022-09-02,13:30,CHOQUE FUGA,1,2,2.0,LA LIBERTAD,TRUJILLO,HUANCHACO,RURAL,CARRETERA,DEPARTAMENTAL,LI-104,-8.052723,-79.13698,DESPEJADO,RURAL,TRAMO RECTO,PLANA ,ASFALTADA,,,,,IMPRUDENCIA DEL CONDUCTOR,EXCESO DE VELOCIDAD,13
A-2022-09-140,2022-09-02,18:30,DESPISTE,1,0,1.0,PUNO,MELGAR,SANTA ROSA,RURAL,CARRETERA,NACIONAL,PE-3S,-14.6000202,-70.8358466,DESPEJADO,RURAL,TRAMO RECTO,PLANA ,ASFALTADA,,,,,IMPRUDENCIA DEL CONDUCTOR,CONDUCIR EN ESTADO DE EBRIEDAD Y/O DROGADICCIÓN,18
A-2022-09-28,2022-09-03,06:00,CHOQUE FUGA,1,1,1.0,ICA,PISCO,SAN CLEMENTE,RURAL,CARRETERA,NACIONAL,PE-1S,-13.593712926364402,-76.1450036305988,NUBLADO,RURAL,TRAMO RECTO,PLANA ,ASFALTADA,,,,,EN PROCESO DE INVESTIGACIÓN,NO CUENTA CON CAUSA ESPECIFICA,6
A-2022-09-27,2022-09-03,11:00,CHOQUE,2,2,2.0,AREQUIPA,AREQUIPA,SAN JUAN DE TARUCANI,RURAL,CARRETERA,NACIONAL,PE-34A,-16.0537867,-71.3401677,DESPEJADO,RURAL,CURVA,INCLINADA,ASFALTADA,NO,,,SI,EN PROCESO DE INVESTIGACIÓN,NO CUENTA CON CAUSA ESPECIFICA,11
A-2022-09-157,2022-09-03,16:30,CHOQUE,1,1,2.0,LIMA,LIMA,LA VICTORIA,URBANA,VIA EXPRESA,URBANO,NO CORRESPONDE,-12.05826931745082,-77.02332743744901,DESPEJADO,COMERCIAL,TRAMO RECTO,PLANA ,ASFALTADA,,,,,INFRAESTRUCTURA Y ENTORNO VIAL,OTRO (INFRAESTRUCTURA Y ENTORNO VIAL),16
A-2022-09-20,2022-09-03,19:20,DESPISTE,2,2,1.0,CUSCO,QUISPICANCHI,HUARO,RURAL,CARRETERA,PROVINCIAL,CU-1326,-13.713765,-71.668069,DESPEJADO,RURAL,PUENTE,PLANA ,TROCHA,SI,PREVENTIVA (P),INFORMATIVA (I),NO,NEGLIGENCIA DEL CONDUCTOR,OTRO (NEGLIGENCIA DEL CONDUCTOR),19
A-2022-09-169,2022-09-03,19:30,CHOQUE,1,6,2.0,HUANUCO,HUANUCO,QUISQUI (KICHKI),RURAL,CARRETERA,NACIONAL,PE-3N,-9.892991,-76.449561,DESPEJADO,RURAL,TRAMO RECTO,PLANA ,ASFALTADA,,,,,IMPRUDENCIA DEL CONDUCTOR,EXCESO DE VELOCIDAD,19
A-2022-09-88,2022-09-04,01:30,DESPISTE,1,4,1.0,CUSCO,ESPINAR,CONDOROMA,RURAL,CARRETERA,NACIONAL,PE-34J,-15.245361,-71.151901,DESPEJADO,RURAL,CURVA,INCLINADA,ASFALTADA,SI,PREVENTIVA (P),PREVENTIVA (P),SI,IMPRUDENCIA DEL CONDUCTOR,EXCESO DE VELOCIDAD,1
A-2022-09-155,2022-09-04,02:00,CHOQUE,1,0,,LIMA,LIMA,LA VICTORIA,URBANA,AVENIDA,URBANO,NO CORRESPONDE,-12.05921,-77.029814,DESPEJADO,COMERCIAL,INTERSECCIÓN,PLANA ,ASFALTADA,,,,,EN PROCESO DE INVESTIGACIÓN,NO CUENTA CON CAUSA ESPECIFICA,2
A-2022-09-156,2022-09-04,02:10,ATROPELLO FUGA,1,0,,LIMA,LIMA,PUNTA HERMOSA,RURAL,CARRETERA,PROVINCIAL,LM-801,-12.29404855540356,-76.77507500176101,DESPEJADO,RURAL,TRAMO RECTO,PLANA ,TROCHA,,,,,EN PROCESO DE INVESTIGACIÓN,NO CUENTA CON CAUSA ESPECIFICA,2
A-2022-09-273,2022-09-04,05:20,CHOQUE,1,0,,LORETO,MAYNAS,SAN JUAN BAUTISTA,URBANA,AVENIDA,URBANO,NO CORRESPONDE,-3.7865519,-73.291107,,,,,,,,,,EN PROCESO DE INVESTIGACIÓN,NO CUENTA CON CAUSA ESPECIFICA,5
A-2022-09-65,2022-09-04,05:37,DESPISTE,2,2,1.0,CUSCO,CANAS,YANAOCA,RURAL,CARRETERA,PROVINCIAL,CU-1609,-14.216644,-71.438229,DESPEJADO,RURAL,CURVA,INCLINADA,ASFALTADA,,,,,IMPRUDENCIA DEL CONDUCTOR,EXCESO DE VELOCIDAD,5
A-2022-09-31,2022-09-04,05:50,CHOQUE,1,0,2.0,AREQUIPA,ISLAY,PUNTA DE BOMBON,URBANA,CARRETERA,PROVINCIAL,AR-826,-17.175206,-71.791538,DESPEJADO,RESIDENCIAL,TRAMO RECTO,PLANA ,ASFALTADA,,,,,EN PROCESO DE INVESTIGACIÓN,NO CUENTA CON CAUSA ESPECIFICA,5