codigo_siniestro,fecha_siniestro,hora_siniestro,clase_siniestro,cantidad_fallecidos,cantidad_lesionados,cantidad_vehiculos_danados,departamento,provincia,distrito,zona,tipo_via,red_vial,cod_carretera,latitud,longitud,condicion_climatica,zonificacion,caracteristicas_via,perfil_longitudinal_via,superficie_calzada,existe_senal_vertical,clasificacion_senal_vertical_1,clasificacion_senal_vertical_2,existe_senal_horizontal,causa_factor_principal,causa_especifica,hora_del_dia
A-2022-10-45,2022-10-17,11:30,DESPISTE,1,0,1.0,ANCASH,HUARI,HUANTAR,RURAL,CARRETERA,DEPARTAMENTAL,AN-110,-9.473790857008252,-77.14136172349451,DESPEJADO,RURAL,CURVA,INCLINADA,ASFALTADA,,,,,IMPERICIA DEL CONDUCTOR,,11
A-2022-10-117,2022-10-18,02:30,CAÍDA DE PASAJERO,1,0,,CALLAO,CALLAO,VENTANILLA,URBANA,AVENIDA,URBANO,NO CORRESPONDE,-11.9182403,-77.13930413,LLUVIOSO,COMERCIAL,TRAMO RECTO,PLANA ,ASFALTADA,,,,,IMPRUDENCIA DEL CONDUCTOR,EXCESO DE VELOCIDAD,2
A-2022-10-79,2022-10-18,05:20,DESPISTE,2,1,1.0,LA LIBERTAD,SANCHEZ CARRION,COCHORCO,RURAL,CARRETERA,NACIONAL,PE-10C,-7.778838,-77.76138,DESPEJADO,RURAL,TRAMO RECTO,PLANA ,TROCHA,,,,,IMPRUDENCIA DEL CONDUCTOR,INVASIÓN DE CARRIL,5
A-2022-10-210,2022-10-18,11:00,ATROPELLO,1,0,,UCAYALI,CORONEL PORTILLO,CALLERIA,URBANA,CARRETERA,NACIONAL,PE-18C,-8.384031,-74.54604,DESPEJADO,COMERCIAL,TRAMO RECTO,PLANA ,EMPEDRADO,,,,,IMPRUDENCIA DEL PEATÓN,OTRO (IMPRUDENCIA DEL PEATÓN),11
A-2022-10-55,2022-10-18,15:10,ATROPELLO,1,0,1.0,PUNO,PUNO,ACORA,RURAL,CARRETERA,NACIONAL,PE-3S,-15.96115275585092,-69.81569065508157,DESPEJADO,RURAL,TRAMO RECTO,PLANA ,ASFALTADA,,,,,IMPRUDENCIA DEL PEATÓN,CRUCE INDEBIDO POR LA CALZADA,15
A-2022-10-133,2022-10-18,19:45,DESPISTE,1,0,,LIMA,LIMA,SAN MARTIN DE PORRES,URBANA,AVENIDA,URBANO,NO CORRESPONDE,-12.00789,-77.082345,,,,,,,,,,EN PROCESO DE INVESTIGACIÓN,NO CUENTA CON CAUSA ESPECIFICA,19
A-2022-10-188,2022-10-19,19:10,DESPISTE,1,4,1.0,ICA,ICA,SALAS,RURAL,CARRETERA,NACIONAL,PE-1S,-14.00055522161072,-75.76813952987881,DESPEJADO,RURAL,TRAMO RECTO,PLANA ,ASFALTADA,,,,,EN PROCESO DE INVESTIGACIÓN,NO CUENTA CON CAUSA ESPECIFICA,19
A-2022-10-156,2022-10-19,22:28,CHOQUE CON OBJETO FIJO,1,2,1.0,MOQUEGUA,MARISCAL NIETO,TORATA,RURAL,CARRETERA,PROVINCIAL,MO-579,-17.079439816526428,-70.84838394365939,DESPEJADO,RURAL,TRAMO RECTO,INCLINADA,ASFALTADA,SI,PREVENTIVA (P),,NO,IMPRUDENCIA DEL CONDUCTOR,EXCESO DE VELOCIDAD,22
A-2022-10-80,2022-10-20,03:00,DESPISTE,1,0,1.0,LA LIBERTAD,TRUJILLO,LA ESPERANZA,URBANA,AVENIDA,URBANO,NO CORRESPONDE,-8.084082903826076,-79.04408476444254,DESPEJADO,COMERCIAL,TRAMO RECTO,PLANA ,ASFALTADA,,,,,IMPRUDENCIA DEL CONDUCTOR,OTRO (IMPRUDENCIA DEL CONDUCTOR),3
A-2022-10-196,2022-10-20,14:42,CHOQUE,1,1,,LORETO,MAYNAS,IQUITOS,URBANA,CARRETERA,NACIONAL,PE-5NI,-3.7437743,-73.2424293,DESPEJADO,COMERCIAL,TRAMO RECTO,PLANA ,ASFALTADA,,,,,IMPRUDENCIA DEL CONDUCTOR,INVASIÓN DE CARRIL,14
A-2022-10-205,2022-10-20,16:50,CHOQUE,1,0,,JUNIN,SATIPO,RIO NEGRO,RURAL,CARRETERA,NACIONAL,PE-5S,-11.19766679326466,-74.66462006310384,DESPEJADO,RURAL,TRAMO RECTO,PLANA ,ASFALTADA,,,,,IMPRUDENCIA DEL CONDUCTOR,INVASIÓN DE CARRIL,16
A-2022-10-168,2022-10-20,18:50,CHOQUE,1,0,,JUNIN,CHUPACA,CHUPACA,URBANA,CARRETERA,PROVINCIAL,JU-891,-12.05742,-75.272283,DESPEJADO,RURAL,TRAMO RECTO,PLANA ,ASFALTADA,NO,,,SI,IMPRUDENCIA DEL CONDUCTOR,ADELANTAR INDEBIDAMENTE,18
A-2022-10-163,2022-10-20,20:00,ATROPELLO,1,0,1.0,LORETO,MAYNAS,IQUITOS,URBANA,CALLE,URBANO,NO CORRESPONDE,-3.7403536,-73.2517471,DESPEJADO,RURAL,TRAMO RECTO,PLANA ,ASFALTADA,,,,,IMPRUDENCIA DEL CONDUCTOR,EXCESO DE VELOCIDAD,20
A-2022-10-40,2022-10-21,03:00,CHOQUE,1,0,2.0,PASCO,PASCO,CHAUPIMARCA,URBANA,CARRETERA,NACIONAL,PE-3N,-10.7163567172497,-76.24258502249458,DESPEJADO,COMERCIAL,TRAMO RECTO,INCLINADA,ASFALTADA,,,,,EN PROCESO DE INVESTIGACIÓN,NO CUENTA CON CAUSA ESPECIFICA,3
A-2022-10-132,2022-10-21,03:50,CHOQUE,7,3,,LIMA,LIMA,PUNTA HERMOSA,URBANA,CARRETERA,NACIONAL,PE-1S,-12.332332547463732,-76.82065955391347,DESPEJADO,RURAL,TRAMO RECTO,PLANA ,ASFALTADA,,,,,EN PROCESO DE INVESTIGACIÓN,NO CUENTA CON CAUSA ESPECIFICA,3
A-2022-10-199,2022-10-21,05:30,CHOQUE,1,0,2.0,ICA,CHINCHA,ALTO LARAN,RURAL,CARRETERA,PROVINCIAL,IC-514,-13.45315334,-76.09587616,DESPEJADO,RURAL,TRAMO RECTO,PLANA ,ASFALTADA,,,,,IMPRUDENCIA DEL CONDUCTOR,INVASIÓN DE CARRIL,5
A-2022-10-123,2022-10-21,16:50,ATROPELLO,1,0,,CALLAO,CALLAO,CALLAO,URBANA,CARRETERA,NACIONAL,PE-20,-11.9571297,-77.128831317,DESPEJADO,INDUSTRIAL,TRAMO RECTO,PLANA ,ASFALTADA,SI,REGULADORA (R),,NO,IMPRUDENCIA DEL CONDUCTOR,OTRO (IMPRUDENCIA DEL CONDUCTOR),16
A-2022-10-81,2022-10-21,19:45,CHOQUE,1,0,2.0,LA LIBERTAD,ASCOPE,CHICAMA,RURAL,CARRETERA,NACIONAL,PE-1NF,-7.634195853020548,-78.93936596008311,DESPEJADO,RURAL,TRAMO RECTO,PLANA ,ASFALTADA,,,,,IMPRUDENCIA DEL CONDUCTOR,OTRO (IMPRUDENCIA DEL CONDUCTOR),19
A-2022-10-66,2022-10-21,19:50,ATROPELLO,2,0,,ANCASH,HUARMEY,HUARMEY,RURAL,CARRETERA,NACIONAL,PE-1N,-10.180887,-78.070966,DESPEJADO,RURAL,TRAMO RECTO,PLANA ,ASFALTADA,,,,,EN PROCESO DE INVESTIGACIÓN,NO CUENTA CON CAUSA ESPECIFICA,19
A-2022-10-102,2022-10-21,20:00,DESPISTE,1,2,1.0,LAMBAYEQUE,LAMBAYEQUE,LAMBAYEQUE,URBANA,CALLE,URBANO,NO CORRESPONDE,-6.70663,-79.913605,DESPEJADO,RESIDENCIAL,TRAMO RECTO,PLANA ,ASFALTADA,,,,,EN PROCESO DE INVESTIGACIÓN,NO CUENTA CON CAUSA ESPECIFICA,20
A-2022-10-189,2022-10-22,03:20,CHOQUE,1,0,2.0,ICA,PISCO,SAN ANDRES,URBANA,CARRETERA,NACIONAL,PE-1SG,-13.724683,-76.222012,DESPEJADO,COMERCIAL,TRAMO RECTO,PLANA ,ASFALTADA,,,,,EN PROCESO DE INVESTIGACIÓN,NO CUENTA CON CAUSA ESPECIFICA,3
A-2022-10-150,2022-10-22,05:30,CHOQUE,1,2,4.0,PIURA,SECHURA,CRISTO NOS VALGA,RURAL,CARRETERA,NACIONAL,PE-1N,-5.5478073,-80.5849894,DESPEJADO,RURAL,TRAMO RECTO,PLANA ,ASFALTADA,,,,,EN PROCESO DE INVESTIGACIÓN,NO CUENTA CON CAUSA ESPECIFICA,5
A-2022-10-27,2022-10-22,06:00,DESPISTE,5,0,1.0,AREQUIPA,CAYLLOMA,MAJES,RURAL,CARRETERA,DEPARTAMENTAL,AR-105,-16.4297463,-72.3623792,DESPEJADO,RURAL,TRAMO RECTO,PLANA ,ASFALTADA,,,,,EN PROCESO DE INVESTIGACIÓN,NO CUENTA CON CAUSA ESPECIFICA,6
A-2022-10-67,2022-10-22,07:30,CHOQUE,1,0,,ANCASH,SANTA,NUEVO CHIMBOTE,URBANA,CARRETERA,NACIONAL,PE-1N,-9.146313,-78.511861,DESPEJADO,RESIDENCIAL,TRAMO RECTO,PLANA ,ASFALTADA,,,,,EN PROCESO DE INVESTIGACIÓN,NO CUENTA CON CAUSA ESPECIFICA,7
A-2022-10-101,2022-10-22,11:10,DESPISTE,1,1,1.0,AMAZONAS,RODRIGUEZ DE MENDOZA,OMIA,RURAL,CARRETERA,SIN CLASIFICAR,SIN CLASIFICAR,-6.4135619,-77.360909,DESPEJADO,RURAL,TRAMO RECTO,PLANA ,ASFALTADA,,,,,EN PROCESO DE INVESTIGACIÓN,NO CUENTA CON CAUSA ESPECIFICA,11
A-2022-10-82,2022-10-22,16:15,ATROPELLO,1,0,1.0,LA LIBERTAD,TRUJILLO,EL PORVENIR,URBANA,CALLE,URBANO,NO CORRESPONDE,-8.085705739843602,-79.01043913015172,DESPEJADO,COMERCIAL,TRAMO RECTO,PLANA ,ASFALTADA,,,,,IMPRUDENCIA DEL CONDUCTOR,CONDUCIR EN ESTADO DE EBRIEDAD Y/O DROGADICCIÓN,16
A-2022-10-190,2022-10-22,16:40,CHOQUE,1,0,2.0,ICA,PISCO,SAN ANDRES,URBANA,CARRETERA,NACIONAL,PE-1SB,-13.7125937403694,-76.1615861223051,DESPEJADO,COMERCIAL,TRAMO RECTO,PLANA ,ASFALTADA,,,,,EN PROCESO DE INVESTIGACIÓN,NO CUENTA CON CAUSA ESPECIFICA,16
A-2022-10-34,2022-10-22,18:26,ATROPELLO,1,0,0.0,CUSCO,CUSCO,WANCHAQ,URBANA,CARRETERA,NACIONAL,PE-3S,-13.5330045,-71.9584463,DESPEJADO,RESIDENCIAL,TRAMO RECTO,PLANA ,ASFALTADA,SI,PREVENTIVA (P),,NO,IMPRUDENCIA DEL PEATÓN,CRUCE INDEBIDO POR LA CALZADA,18
A-2022-10-19,2022-10-22,19:40,DESPISTE,1,0,1.0,CUSCO,ESPINAR,ESPINAR,URBANA,CARRETERA,NACIONAL,PE-3SK,-14.81369644941654,-71.39221523941819,DESPEJADO,RURAL,TRAMO RECTO,PLANA ,ASFALTADA,,,,,NEGLIGENCIA DEL CONDUCTOR,OTRO (NEGLIGENCIA DEL CONDUCTOR),19
A-2022-10-122,2022-10-22,21:00,ATROPELLO,1,0,1.0,CALLAO,CALLAO,CALLAO,URBANA,AVENIDA,URBANO,NO CORRESPONDE,-11.9761301,-77.127638817,DESPEJADO,INDUSTRIAL,TRAMO RECTO,PLANA ,ASFALTADA,NO,,,SI,IMPRUDENCIA DEL PEATÓN,ESTADO DE EBRIEDAD Y/O DROGADICCIÓN,21
A-2022-10-161,2022-10-22,22:30,DESPISTE,1,0,1.0,LAMBAYEQUE,LAMBAYEQUE,OLMOS,RURAL,CARRETERA,PROVINCIAL,PI-938,-5.857127,-79.651379,DESPEJADO,RURAL,TRAMO RECTO,INCLINADA,CASCAJO/RIPIO,,,,,IMPRUDENCIA DEL CONDUCTOR,EXCESO DE VELOCIDAD,22
A-2022-10-206,2022-10-23,01:00,VOLCADURA,1,1,1.0,JUNIN,CHANCHAMAYO,SAN RAMON,RURAL,CARRETERA,DEPARTAMENTAL,JU-104,-11.13618087138012,-75.35505343335127,DESPEJADO,COMERCIAL,INTERSECCIÓN,PLANA ,ASFALTADA,,,,,EN PROCESO DE INVESTIGACIÓN,NO CUENTA CON CAUSA ESPECIFICA,1
A-2022-10-26,2022-10-23,02:45,DESPISTE,1,0,1.0,SAN MARTIN,MOYOBAMBA,CALZADA,URBANA,CARRETERA,NACIONAL,PE-5N,-6.041973,-77.132429,DESPEJADO,RURAL,CURVA,PLANA ,ASFALTADA,,,,,IMPERICIA DEL CONDUCTOR,,2
A-2022-10-125,2022-10-23,03:00,ESPECIAL,1,0,,LIMA,BARRANCA,SUPE,URBANA,CALLE,URBANO,NO CORRESPONDE,-10.77089488,-77.66253708,DESPEJADO,RESIDENCIAL,OTRO,PLANA ,AFIRMADO,,,,,EN PROCESO DE INVESTIGACIÓN,NO CUENTA CON CAUSA ESPECIFICA,3
A-2022-10-166,2022-10-23,05:30,CHOQUE,1,1,2.0,JUNIN,JAUJA,PARCO,RURAL,CARRETERA,NACIONAL,PE-3S,-11.802236,-75.528333,DESPEJADO,RURAL,CURVA,PLANA ,ASFALTADA,,,,,IMPRUDENCIA DEL CONDUCTOR,EXCESO DE VELOCIDAD,5
A-2022-10-76,2022-10-23,12:00,CHOQUE,1,0,2.0,PUNO,AZANGARO,CAMINACA,RURAL,CARRETERA,DEPARTAMENTAL,PU-113,-15.2809077,-70.0833549,DESPEJADO,RURAL,TRAMO RECTO,PLANA ,ASFALTADA,,,,,IMPRUDENCIA DEL CONDUCTOR,EXCESO DE VELOCIDAD,12
A-2022-10-83,2022-10-23,15:40,DESPISTE,3,8,1.0,LA LIBERTAD,VIRU,GUADALUPITO,RURAL,CARRETERA,NACIONAL,PE-1N,-8.787714,-78.640269,DESPEJADO,RURAL,TRAMO RECTO,PLANA ,ASFALTADA,,,,,NEGLIGENCIA DEL CONDUCTOR,CONDUCIR CON FALLAS DE NEUMÁTICOS,15
A-2022-10-46,2022-10-23,20:00,CHOQUE,2,2,3.0,ANCASH,YUNGAY,YUNGAY,RURAL,CALLE,URBANO,NO CORRESPONDE,-9.142371862121076,-77.74714557515162,DESPEJADO,RURAL,TRAMO RECTO,PLANA ,ASFALTADA,SI,PREVENTIVA (P),PREVENTIVA (P),SI,IMPRUDENCIA DEL CONDUCTOR,INVASIÓN DE CARRIL,20
A-2022-10-184,2022-10-23,21:00,DESPISTE,1,0,,PIURA,AYABACA,PAIMAS,RURAL,CARRETERA,NACIONAL,PE-1NT,-4.670343319942845,-79.89076984122505,DESPEJADO,RURAL,CURVA,INCLINADA,AFIRMADO,,,,,IMPRUDENCIA DEL CONDUCTOR,OTRO (IMPRUDENCIA DEL CONDUCTOR),21
A-2022-10-90,2022-10-23,23:10,ATROPELLO,1,0,1.0,LAMBAYEQUE,LAMBAYEQUE,MORROPE,RURAL,CARRETERA,NACIONAL,PE-1N,-6.5912381,-79.9794219,DESPEJADO,RURAL,TRAMO RECTO,PLANA ,ASFALTADA,,,,,EN PROCESO DE INVESTIGACIÓN,NO CUENTA CON CAUSA ESPECIFICA,23
A-2022-10-28,2022-10-24,02:00,ATROPELLO,1,0,1.0,AREQUIPA,AREQUIPA,CERRO COLORADO,URBANA,CARRETERA,NACIONAL,PE-34A,-16.4072297,-71.6049182,DESPEJADO,INDUSTRIAL,TRAMO RECTO,PLANA ,ASFALTADA,NO,,,SI,EN PROCESO DE INVESTIGACIÓN,NO CUENTA CON CAUSA ESPECIFICA,2
A-2022-10-155,2022-10-24,02:30,DESPISTE,1,0,,PIURA,PIURA,PIURA,RURAL,CARRETERA,NACIONAL,PE-1N,-5.048571,-80.702771,DESPEJADO,RURAL,TRAMO RECTO,PLANA ,ASFALTADA,,,,,EN PROCESO DE INVESTIGACIÓN,NO CUENTA CON CAUSA ESPECIFICA,2
A-2022-10-33,2022-10-24,03:00,DESPISTE,1,0,1.0,SAN MARTIN,RIOJA,NUEVA CAJAMARCA,URBANA,CARRETERA,DEPARTAMENTAL,SM-113,-5.946134,-77.288765,LLUVIOSO,RURAL,TRAMO RECTO,PLANA ,ASFALTADA,,,,,NEGLIGENCIA DEL CONDUCTOR,OTRO (NEGLIGENCIA DEL CONDUCTOR),3
A-2022-10-99,2022-10-24,04:10,CHOQUE CON OBJETO FIJO,1,0,1.0,TUMBES,TUMBES,TUMBES,URBANA,CARRETERA,NACIONAL,PE-1N,-3.5550008808020586,-80.43687968382321,DESPEJADO,RESIDENCIAL,TRAMO RECTO,PLANA ,ASFALTADA,,,,,IMPRUDENCIA DEL CONDUCTOR,CONDUCIR EN ESTADO DE EBRIEDAD Y/O DROGADICCIÓN,4
A-2022-10-178,2022-10-24,05:00,DESPISTE,2,2,1.0,HUANCAVELICA,HUANCAVELICA,HUANCAVELICA,RURAL,CARRETERA,PROVINCIAL,HV-896,-12.92452108045251,-74.92311524477275,DESPEJADO,RURAL,CURVA,PLANA ,AFIRMADO,,,,,NEGLIGENCIA DEL CONDUCTOR,CONDUCIR CON FALLAS DE NEUMÁTICOS,5
A-2022-10-84,2022-10-24,05:30,ATROPELLO FUGA,1,0,1.0,LA LIBERTAD,ASCOPE,CASA GRANDE,RURAL,CARRETERA,SIN CLASIFICAR,SIN CLASIFICAR,-7.772012,-79.16684,DESPEJADO,RURAL,TRAMO RECTO,PLANA ,TROCHA,,,,,EN PROCESO DE INVESTIGACIÓN,NO CUENTA CON CAUSA ESPECIFICA,5
A-2022-10-85,2022-10-24,05:30,CHOQUE,1,0,2.0,LA LIBERTAD,CHEPEN,CHEPEN,RURAL,CARRETERA,NACIONAL,PE-1N,-7.1905379225024655,-79.43022090778861,DESPEJADO,RURAL,TRAMO RECTO,PLANA ,ASFALTADA,,,,,EN PROCESO DE INVESTIGACIÓN,NO CUENTA CON CAUSA ESPECIFICA,5
A-2022-10-148,2022-10-24,08:50,CHOQUE,1,0,,LIMA,LIMA,COMAS,URBANA,AVENIDA,URBANO,NO CORRESPONDE,-11.923537566881812,-77.05427522669308,DESPEJADO,RESIDENCIAL,TRAMO RECTO,PLANA ,ASFALTADA,,,,,EN PROCESO DE INVESTIGACIÓN,NO CUENTA CON CAUSA ESPECIFICA,8
A-2022-10-96,2022-10-24,13:50,DESPISTE,3,0,1.0,TACNA,TACNA,ALTO DE LA ALIANZA,URBANA,CARRETERA,PROVINCIAL,TA-619,-17.984444,-70.244534,DESPEJADO,RESIDENCIAL,TRAMO RECTO,INCLINADA,ASFALTADA,,,,,IMPRUDENCIA DEL CONDUCTOR,CONDUCIR EN ESTADO DE EBRIEDAD Y/O DROGADICCIÓN,13
A-2022-10-191,2022-10-24,15:00,ATROPELLO,1,0,1.0,ICA,PALPA,SANTA CRUZ,RURAL,CARRETERA,NACIONAL,PE-1S,-14.4954663,-75.2725431,DESPEJADO,RURAL,TRAMO RECTO,PLANA ,ASFALTADA,,,,,EN PROCESO DE INVESTIGACIÓN,NO CUENTA CON CAUSA ESPECIFICA,15
A-2022-10-31,2022-10-24,22:50,CHOQUE,1,0,2.0,CUSCO,ESPINAR,ESPINAR,RURAL,CARRETERA,NACIONAL,PE-3SG,-14.8601,-71.275891,DESPEJADO,RURAL,TRAMO RECTO,PLANA ,ASFALTADA,,,,,EN PROCESO DE INVESTIGACIÓN,NO CUENTA CON CAUSA ESPECIFICA,22
A-2022-10-98,2022-10-25,22:40,DESPISTE,1,1,,APURIMAC,ABANCAY,SAN PEDRO DE CACHORA,RURAL,CARRETERA,SIN CLASIFICAR,SIN CLASIFICAR,-13.501698438871037,-72.80350696107206,,,,,,,,,,EN PROCESO DE INVESTIGACIÓN,NO CUENTA CON CAUSA ESPECIFICA,22
A-2022-10-88,2022-10-26,00:10,CHOQUE,1,13,2.0,LAMBAYEQUE,LAMBAYEQUE,LAMBAYEQUE,RURAL,CARRETERA,NACIONAL,PE-1N,-6.673352,-79.9135,DESPEJADO,RURAL,TRAMO RECTO,PLANA ,ASFALTADA,,,,,EN PROCESO DE INVESTIGACIÓN,NO CUENTA CON CAUSA ESPECIFICA,0
A-2022-10-211,2022-10-26,09:10,CHOQUE,1,0,,UCAYALI,CORONEL PORTILLO,CAMPOVERDE,RURAL,CARRETERA,NACIONAL,PE-18C,-8.524143,-74.865134,DESPEJADO,RURAL,TRAMO RECTO,INCLINADA,ASFALTADA,SI,REGULADORA (R),PREVENTIVA (P),SI,IMPRUDENCIA DEL CONDUCTOR,OTRO (IMPRUDENCIA DEL CONDUCTOR),9
A-2022-10-131,2022-10-26,11:27,ATROPELLO,1,0,,CAJAMARCA,CHOTA,CHOTA,URBANA,AVENIDA,URBANO,NO CORRESPONDE,-6.55942397954099,-78.6460065699737,DESPEJADO,RESIDENCIAL,INTERSECCIÓN,INCLINADA,CONCRETO,SI,REGULADORA (R),,NO,EN PROCESO DE INVESTIGACIÓN,NO CUENTA CON CAUSA ESPECIFICA,11
A-2022-10-50,2022-10-26,11:30,DESPISTE,1,0,1.0,ANCASH,HUARAZ,LA LIBERTAD,RURAL,CARRETERA,SIN CLASIFICAR,SIN CLASIFICAR,-9.585754482605962,-77.74972501555617,NUBLADO,RURAL,OTRO,INCLINADA,TROCHA,,,,,EN PROCESO DE INVESTIGACIÓN,NO CUENTA CON CAUSA ESPECIFICA,11
A-2022-10-22,2022-10-26,22:00,CHOQUE FUGA,1,0,1.0,CUSCO,CANCHIS,SICUANI,URBANA,CARRETERA,NACIONAL,PE-3S,-14.267190471484216,-71.23508063147825,DESPEJADO,RESIDENCIAL,TRAMO RECTO,PLANA ,ASFALTADA,,,,,IMPRUDENCIA DEL CONDUCTOR,EXCESO DE VELOCIDAD,22
A-2022-10-192,2022-10-26,23:50,ATROPELLO,1,0,1.0,ICA,NASCA,VISTA ALEGRE,URBANA,CARRETERA,NACIONAL,PE-1S,-14.852785,-74.960668,DESPEJADO,COMERCIAL,TRAMO RECTO,PLANA ,ASFALTADA,,,,,EN PROCESO DE INVESTIGACIÓN,NO CUENTA CON CAUSA ESPECIFICA,23
A-2022-10-147,2022-10-27,08:10,ATROPELLO,1,0,,LIMA,LIMA,CHORRILLOS,URBANA,AVENIDA,URBANO,NO CORRESPONDE,-12.198134,-76.99227,DESPEJADO,COMERCIAL,INTERSECCIÓN,PLANA ,ASFALTADA,,,,,EN PROCESO DE INVESTIGACIÓN,NO CUENTA CON CAUSA ESPECIFICA,8
A-2022-10-207,2022-10-27,17:10,ESPECIAL,1,0,,JUNIN,CHANCHAMAYO,SAN RAMON,RURAL,CARRETERA,NACIONAL,PE-22B,-11.211064288533125,-75.48924918672195,DESPEJADO,RURAL,TÚNEL,PLANA ,ASFALTADA,,,,,IMPRUDENCIA DEL CONDUCTOR,FATIGA Y/O CANSANCIO,17
A-2022-10-48,2022-10-27,17:30,DESPISTE,1,4,1.0,CUSCO,LA CONVENCION,INKAWASI,RURAL,CARRETERA,PROVINCIAL,CU-871,-13.302176913616588,-73.26411812450871,DESPEJADO,RURAL,CURVA,INCLINADA,TROCHA,,,,,IMPRUDENCIA DEL CONDUCTOR,EXCESO DE VELOCIDAD,17
A-2022-10-36,2022-10-27,18:20,CHOQUE,1,0,2.0,SAN MARTIN,MOYOBAMBA,CALZADA,RURAL,CARRETERA,NACIONAL,PE-5N,-6.037927,-77.105069,DESPEJADO,RURAL,TRAMO RECTO,PLANA ,ASFALTADA,,,,,IMPRUDENCIA DEL CONDUCTOR,OTRO (IMPRUDENCIA DEL CONDUCTOR),18
A-2022-10-49,2022-10-27,19:20,CHOQUE,1,0,2.0,CUSCO,ESPINAR,ESPINAR,URBANA,AVENIDA,URBANO,NO CORRESPONDE,-14.786014017864233,-71.40338392635606,DESPEJADO,RESIDENCIAL,TRAMO RECTO,PLANA ,ASFALTADA,SI,REGULADORA (R),,NO,IMPRUDENCIA DEL CONDUCTOR,EXCESO DE VELOCIDAD,19
A-2022-10-160,2022-10-27,19:30,CHOQUE,1,1,3.0,PIURA,PIURA,VEINTISEIS DE OCTUBRE,RURAL,CARRETERA,NACIONAL,PE-02,-5.168052397024789,-80.69619479673428,DESPEJADO,RURAL,TRAMO RECTO,PLANA ,ASFALTADA,,,,,IMPRUDENCIA DEL CONDUCTOR,CONDUCIR EN ESTADO DE EBRIEDAD Y/O DROGADICCIÓN,19
A-2022-10-57,2022-10-27,20:30,CHOQUE,1,0,2.0,PUNO,EL COLLAO,ILAVE,RURAL,CARRETERA,PROVINCIAL,PU-1149,-16.0187692,-69.6207661,DESPEJADO,RURAL,TRAMO RECTO,PLANA ,ASFALTADA,,,,,IMPRUDENCIA DEL CONDUCTOR,INVASIÓN DE CARRIL,20
A-2022-10-58,2022-10-28,13:20,DESPISTE,1,0,1.0,PUNO,CHUCUITO,DESAGUADERO,RURAL,CARRETERA,DEPARTAMENTAL,PU-152,-16.6335463,-69.1100662,DESPEJADO,RURAL,TRAMO RECTO,PLANA ,ASFALTADA,,,,,IMPRUDENCIA DEL CONDUCTOR,FATIGA Y/O CANSANCIO,13
A-2022-10-169,2022-10-28,16:00,DESPISTE,1,1,1.0,PIURA,PIURA,LA ARENA,RURAL,CARRETERA,SIN CLASIFICAR,SIN CLASIFICAR,-5.33114555578513,-80.7309745498571,DESPEJADO,RURAL,TRAMO RECTO,PLANA ,ASFALTADA,,,,,IMPRUDENCIA DEL CONDUCTOR,CONDUCIR EN ESTADO DE EBRIEDAD Y/O DROGADICCIÓN,16
A-2022-10-120,2022-10-28,18:00,DESPISTE,1,0,,AYACUCHO,HUAMANGA,CHIARA,RURAL,CARRETERA,PROVINCIAL,AY-765,-13.27988823210462,-74.20784530052758,DESPEJADO,RURAL,TRAMO RECTO,INCLINADA,ASFALTADA,SI,PREVENTIVA (P),REGULADORA (R),SI,IMPRUDENCIA DEL CONDUCTOR,FATIGA Y/O CANSANCIO,18
A-2022-10-170,2022-10-28,18:00,DESPISTE,1,0,1.0,PIURA,SECHURA,VICE,RURAL,CARRETERA,PROVINCIAL,PI-1067,-5.436585,-80.782746,DESPEJADO,RURAL,TRAMO RECTO,PLANA ,ASFALTADA,,,,,IMPRUDENCIA DEL CONDUCTOR,CONDUCIR EN ESTADO DE EBRIEDAD Y/O DROGADICCIÓN,18
A-2022-10-89,2022-10-28,18:40,CHOQUE,1,0,2.0,LAMBAYEQUE,LAMBAYEQUE,JAYANCA,URBANA,CARRETERA,NACIONAL,PE-1NJ,-6.366941,-79.789168,DESPEJADO,RURAL,TRAMO RECTO,PLANA ,ASFALTADA,,,,,EN PROCESO DE INVESTIGACIÓN,NO CUENTA CON CAUSA ESPECIFICA,18
A-2022-10-77,2022-10-28,19:30,DESPISTE,1,0,1.0,PUNO,SANDIA,LIMBANI,RURAL,CARRETERA,DEPARTAMENTAL,PU-106,-14.163988,-69.691694,DESPEJADO,RURAL,CURVA,PLANA ,TROCHA,,,,,IMPRUDENCIA DEL CONDUCTOR,EXCESO DE VELOCIDAD,19
A-2022-10-193,2022-10-28,21:30,DESPISTE,1,1,1.0,ICA,NASCA,VISTA ALEGRE,URBANA,CARRETERA,NACIONAL,PE-1S,-14.8514547,-74.9574237,DESPEJADO,COMERCIAL,TRAMO RECTO,PLANA ,ASFALTADA,,,,,EN PROCESO DE INVESTIGACIÓN,NO CUENTA CON CAUSA ESPECIFICA,21
A-2022-10-59,2022-10-29,09:00,DESPISTE,2,6,1.0,PUNO,EL COLLAO,SANTA ROSA,RURAL,CARRETERA,NACIONAL,PE-36A,-16.7533892,-69.8371142,DESPEJADO,RURAL,TRAMO RECTO,PLANA ,ASFALTADA,,,,,IMPRUDENCIA DEL CONDUCTOR,EXCESO DE VELOCIDAD,9