codigo_siniestro,fecha_siniestro,hora_siniestro,clase_siniestro,cantidad_fallecidos,cantidad_lesionados,cantidad_vehiculos_danados,departamento,provincia,distrito,zona,tipo_via,red_vial,cod_carretera,latitud,longitud,condicion_climatica,zonificacion,caracteristicas_via,perfil_longitudinal_via,superficie_calzada,existe_senal_vertical,clasificacion_senal_vertical_1,clasificacion_senal_vertical_2,existe_senal_horizontal,causa_factor_principal,causa_especifica,hora_del_dia
A-2022-10-86,2022-10-29,18:30,ATROPELLO FUGA,1,0,1.0,LA LIBERTAD,VIRU,CHAO,RURAL,CARRETERA,PROVINCIAL,LI-1193,-8.493315829620448,-78.61949106563041,DESPEJADO,RURAL,TRAMO RECTO,PLANA ,AFIRMADO,,,,,EN PROCESO DE INVESTIGACIÓN,NO CUENTA CON CAUSA ESPECIFICA,18
A-2022-10-35,2022-10-29,19:50,CHOQUE,2,1,3.0,AREQUIPA,AREQUIPA,VITOR,RURAL,CARRETERA,NACIONAL,PE-1S,-16.466434,-71.927508,DESPEJADO,RURAL,TRAMO RECTO,PLANA ,ASFALTADA,,,,,EN PROCESO DE INVESTIGACIÓN,NO CUENTA CON CAUSA ESPECIFICA,19
A-2022-10-87,2022-10-29,22:15,CHOQUE,1,0,2.0,LA LIBERTAD,VIRU,VIRU,RURAL,CARRETERA,NACIONAL,PE-1N,-8.424366,-78.781794,DESPEJADO,RURAL,TRAMO RECTO,PLANA ,ASFALTADA,,,,,EN PROCESO DE INVESTIGACIÓN,NO CUENTA CON CAUSA ESPECIFICA,22
A-2022-10-32,2022-10-30,00:30,DESPISTE,1,1,1.0,CUSCO,QUISPICANCHI,OROPESA,URBANA,CARRETERA,NACIONAL,PE-3S,-13.6024625,-71.7601825,DESPEJADO,COMERCIAL,TRAMO RECTO,PLANA ,ASFALTADA,,,,,IMPRUDENCIA DEL CONDUCTOR,EXCESO DE VELOCIDAD,0
A-2022-10-93,2022-10-30,06:30,DESPISTE,1,0,1.0,TACNA,TACNA,LA YARADA LOS PALOS,RURAL,CARRETERA,NACIONAL,PE-1SD,-18.1706661,-70.4890929,DESPEJADO,RURAL,TRAMO RECTO,PLANA ,ASFALTADA,,,,,NEGLIGENCIA DEL CONDUCTOR,CONDUCIR CON FALLAS DE NEUMÁTICOS,6
A-2022-10-130,2022-10-30,07:40,CHOQUE,1,0,,LIMA,LIMA,ANCON,RURAL,CARRETERA,NACIONAL,PE-1N,-11.745722,-77.141868,DESPEJADO,RURAL,TRAMO RECTO,PLANA ,ASFALTADA,,,,,EN PROCESO DE INVESTIGACIÓN,NO CUENTA CON CAUSA ESPECIFICA,7
A-2022-10-129,2022-10-30,16:30,CHOQUE FUGA,1,1,,LIMA,LIMA,LOS OLIVOS,URBANA,JIRÓN,URBANO,NO CORRESPONDE,-12.009299,-77.073535,DESPEJADO,COMERCIAL,INTERSECCIÓN,PLANA ,ASFALTADA,,,,,EN PROCESO DE INVESTIGACIÓN,NO CUENTA CON CAUSA ESPECIFICA,16
A-2022-10-128,2022-10-30,21:30,CHOQUE,1,1,,LIMA,LIMA,VILLA MARIA DEL TRIUNFO,URBANA,AVENIDA,URBANO,NO CORRESPONDE,-12.194665,-76.934638,DESPEJADO,COMERCIAL,INTERSECCIÓN,PLANA ,ASFALTADA,,,,,EN PROCESO DE INVESTIGACIÓN,NO CUENTA CON CAUSA ESPECIFICA,21
A-2022-10-185,2022-10-30,22:00,DESPISTE,1,0,1.0,PIURA,SULLANA,SULLANA,URBANA,CARRETERA,NACIONAL,PE-1NL,-4.919,-80.65,DESPEJADO,RURAL,TRAMO RECTO,PLANA ,ASFALTADA,,,,,EN PROCESO DE INVESTIGACIÓN,NO CUENTA CON CAUSA ESPECIFICA,22
A-2022-10-116,2022-10-30,22:30,ESPECIAL,1,0,,AYACUCHO,HUAMANGA,VINCHOS,RURAL,CARRETERA,NACIONAL,PE-28A,-13.34596,-74.395226,DESPEJADO,RURAL,TRAMO RECTO,PLANA ,ASFALTADA,SI,PREVENTIVA (P),,NO,IMPRUDENCIA DEL CONDUCTOR,OTRO (IMPRUDENCIA DEL CONDUCTOR),22
A-2022-10-60,2022-10-31,01:20,DESPISTE,1,0,,PUNO,PUNO,PUNO,URBANA,AVENIDA,URBANO,NO CORRESPONDE,-15.854201846484708,-70.01163659856242,DESPEJADO,COMERCIAL,TRAMO RECTO,PLANA ,ASFALTADA,,,,,IMPRUDENCIA DEL CONDUCTOR,CONDUCIR EN ESTADO DE EBRIEDAD Y/O DROGADICCIÓN,1
A-2022-10-157,2022-10-31,06:40,DESPISTE,1,0,1.0,HUANUCO,PACHITEA,UMARI,RURAL,CARRETERA,NACIONAL,PE-18B,-9.841272291178845,-76.04664984568397,DESPEJADO,RURAL,CURVA,INCLINADA,AFIRMADO,,,,,IMPRUDENCIA DEL CONDUCTOR,EXCESO DE VELOCIDAD,6
A-2022-10-37,2022-10-31,16:00,DESPISTE,1,1,1.0,CUSCO,CANAS,LAYO,RURAL,CARRETERA,PROVINCIAL,CU-1741,-14.472769542100366,-71.065877179817,DESPEJADO,RURAL,CURVA,INCLINADA,TROCHA,SI,PREVENTIVA (P),,NO,IMPRUDENCIA DEL CONDUCTOR,OTRO (IMPRUDENCIA DEL CONDUCTOR),16
A-2022-10-126,2022-10-31,18:00,VOLCADURA,1,0,0.0,LIMA,LIMA,LA MOLINA,RURAL,CARRETERA,NACIONAL,PE-1NA,-12.069432,-76.972235,DESPEJADO,RURAL,TRAMO RECTO,PLANA ,ASFALTADA,,,,,EN PROCESO DE INVESTIGACIÓN,NO CUENTA CON CAUSA ESPECIFICA,18
A-2022-10-127,2022-10-31,22:30,CHOQUE FUGA,1,0,0.0,LIMA,CAÑETE,MALA,RURAL,CARRETERA,NACIONAL,PE-1S,-12.698218,-76.641776,DESPEJADO,RURAL,TRAMO RECTO,PLANA ,ASFALTADA,,,,,EN PROCESO DE INVESTIGACIÓN,NO CUENTA CON CAUSA ESPECIFICA,22
A-2022-11-73,2022-11-01,04:12,ATROPELLO FUGA,1,0,0.0,TACNA,TACNA,CIUDAD NUEVA,URBANA,AVENIDA,URBANO,NO CORRESPONDE,-17.983423,-70.240262,DESPEJADO,COMERCIAL,TRAMO RECTO,INCLINADA,ASFALTADA,,,,,EN PROCESO DE INVESTIGACIÓN,NO CUENTA CON CAUSA ESPECIFICA,4
A-2022-11-2,2022-11-01,06:50,DESPISTE,1,0,1.0,SAN MARTIN,RIOJA,RIOJA,RURAL,CARRETERA,NACIONAL,PE-5N,-6.022477,-77.223255,DESPEJADO,RURAL,TRAMO RECTO,PLANA ,ASFALTADA,,,,,IMPRUDENCIA DEL CONDUCTOR,OTRO (IMPRUDENCIA DEL CONDUCTOR),6
A-2022-11-155,2022-11-01,06:55,DESPISTE,1,3,,LIMA,LIMA,PUCUSANA,URBANA,CARRETERA,NACIONAL,PE-1S,-12.459259897902475,-76.75292140903727,DESPEJADO,INDUSTRIAL,TRAMO RECTO,PLANA ,ASFALTADA,,,,,EN PROCESO DE INVESTIGACIÓN,NO CUENTA CON CAUSA ESPECIFICA,6
A-2022-11-156,2022-11-01,07:35,ATROPELLO,1,0,,LIMA,LIMA,SAN MARTIN DE PORRES,URBANA,AVENIDA,URBANO,NO CORRESPONDE,-11.983233492095652,-77.09830779960501,DESPEJADO,COMERCIAL,TRAMO RECTO,PLANA ,ASFALTADA,,,,,EN PROCESO DE INVESTIGACIÓN,NO CUENTA CON CAUSA ESPECIFICA,7
A-2022-11-193,2022-11-01,11:20,CHOQUE,1,0,,JUNIN,SATIPO,SATIPO,RURAL,CARRETERA,NACIONAL,PE-5S,-11.232148562319404,-74.63073844269753,DESPEJADO,RURAL,TRAMO RECTO,PLANA ,ASFALTADA,,,,,IMPRUDENCIA DEL CONDUCTOR,DESACATO DE SEÑAL DE TRÁNSITO,11
A-2022-11-198,2022-11-01,12:41,CHOQUE,1,4,,LORETO,MAYNAS,SAN JUAN BAUTISTA,URBANA,AVENIDA,URBANO,NO CORRESPONDE,-3.77498,-73.2909048,DESPEJADO,COMERCIAL,TRAMO RECTO,PLANA ,ASFALTADA,,,,,IMPRUDENCIA DEL CONDUCTOR,CONDUCIR EN ESTADO DE EBRIEDAD Y/O DROGADICCIÓN,12
A-2022-11-172,2022-11-01,15:45,ESPECIAL,1,1,,JUNIN,CHUPACA,HUACHAC,URBANA,CARRETERA,PROVINCIAL,JU-874,-12.040495,-75.325979,LLUVIOSO,RURAL,TRAMO RECTO,PLANA ,EMPEDRADO,,,,,EN PROCESO DE INVESTIGACIÓN,NO CUENTA CON CAUSA ESPECIFICA,15
A-2022-11-32,2022-11-01,18:00,DESPISTE,1,1,1.0,CUSCO,QUISPICANCHI,ANDAHUAYLILLAS,RURAL,CARRETERA,PROVINCIAL,CU-1325,-13.68048750869352,-71.69185818637231,DESPEJADO,RURAL,TRAMO RECTO,INCLINADA,AFIRMADO,,,,,IMPRUDENCIA DEL CONDUCTOR,CONDUCIR EN ESTADO DE EBRIEDAD Y/O DROGADICCIÓN,18
A-2022-11-100,2022-11-01,22:30,DESPISTE,5,0,1.0,ANCASH,HUAYLAS,PAMPAROMAS,RURAL,CARRETERA,DEPARTAMENTAL,AN-104,-9.080981735119206,-77.98471795211343,DESPEJADO,RURAL,CURVA,INCLINADA,TROCHA,,,,,EN PROCESO DE INVESTIGACIÓN,NO CUENTA CON CAUSA ESPECIFICA,22
A-2022-11-38,2022-11-02,10:55,CHOQUE,4,0,2.0,CUSCO,CANCHIS,SICUANI,RURAL,CARRETERA,NACIONAL,PE-3S,-14.309054081565096,-71.20804508980757,DESPEJADO,RURAL,TRAMO RECTO,PLANA ,ASFALTADA,,,,,IMPRUDENCIA DEL CONDUCTOR,EXCESO DE VELOCIDAD,10
A-2022-11-34,2022-11-02,14:36,ATROPELLO,1,0,1.0,CUSCO,CUSCO,SAN SEBASTIAN,URBANA,AVENIDA,URBANO,NO CORRESPONDE,-13.529292663739293,-71.93610288078885,DESPEJADO,COMERCIAL,TRAMO RECTO,PLANA ,ASFALTADA,NO,,,SI,IMPRUDENCIA DEL CONDUCTOR,EXCESO DE VELOCIDAD,14
A-2022-11-43,2022-11-02,19:00,ATROPELLO,1,1,1.0,ANCASH,CARHUAZ,CARHUAZ,RURAL,CARRETERA,DEPARTAMENTAL,AN-107,-9.282806434339811,-77.64802974004212,LLUVIOSO,RURAL,CURVA,INCLINADA,TROCHA,SI,PREVENTIVA (P),,NO,EN PROCESO DE INVESTIGACIÓN,NO CUENTA CON CAUSA ESPECIFICA,19
A-2022-11-134,2022-11-03,00:30,CHOQUE CON OBJETO FIJO,1,1,,LIMA,LIMA,SAN MIGUEL,URBANA,OTRO,URBANO,NO CORRESPONDE,-12.086806019114182,-77.09402020708224,DESPEJADO,COMERCIAL,TRAMO RECTO,PLANA ,ASFALTADA,SI,PREVENTIVA (P),,SI,EN PROCESO DE INVESTIGACIÓN,NO CUENTA CON CAUSA ESPECIFICA,0
A-2022-11-180,2022-11-03,05:30,DESPISTE,2,3,,JUNIN,CONCEPCION,COMAS,RURAL,CARRETERA,NACIONAL,PE-24A,-11.766582,-75.225867,LLUVIOSO,RURAL,TRAMO RECTO,INCLINADA,CASCAJO/RIPIO,,,,,IMPRUDENCIA DEL CONDUCTOR,OTRO (IMPRUDENCIA DEL CONDUCTOR),5
A-2022-11-20,2022-11-03,16:00,DESPISTE,2,1,1.0,CUSCO,CHUMBIVILCAS,VELILLE,RURAL,CARRETERA,NACIONAL,PE-3SG,-14.565905801608682,-71.92223637130661,DESPEJADO,RURAL,CURVA,PLANA ,ASFALTADA,SI,PREVENTIVA (P),,SI,IMPRUDENCIA DEL CONDUCTOR,EXCESO DE VELOCIDAD,16
A-2022-11-88,2022-11-04,12:50,ATROPELLO,1,0,1.0,TUMBES,TUMBES,TUMBES,RURAL,CARRETERA,NACIONAL,PE-1N,-3.5349228046492853,-80.37709149983799,SOLEADO,RURAL,TRAMO RECTO,PLANA ,ASFALTADA,,,,,IMPRUDENCIA DEL CONDUCTOR,NO DAR PASO PREFERENTE AL PEATÓN,12
A-2022-11-48,2022-11-04,13:30,CHOQUE,1,26,2.0,PUNO,PUNO,CHUCUITO,RURAL,CARRETERA,NACIONAL,PE-3S,-15.886,-69.902,DESPEJADO,RURAL,CURVA,PLANA ,ASFALTADA,,,,,IMPRUDENCIA DEL CONDUCTOR,GIRAR IMPRUDENTEMENTE,13
A-2022-11-71,2022-11-04,20:00,CHOQUE,1,1,2.0,HUANUCO,LEONCIO PRADO,SANTO DOMINGO DE ANDA,URBANA,CARRETERA,NACIONAL,PE-5N,-9.062008,-76.075449,DESPEJADO,RESIDENCIAL,CURVA,PLANA ,ASFALTADA,SI,INFORMATIVA (I),,SI,IMPRUDENCIA DEL CONDUCTOR,CONDUCIR EN ESTADO DE EBRIEDAD Y/O DROGADICCIÓN,20
A-2022-11-179,2022-11-05,08:00,ATROPELLO,1,0,,JUNIN,JAUJA,MUQUIYAUYO,RURAL,CARRETERA,NACIONAL,PE-3SB,-11.820896,-75.451566,DESPEJADO,RURAL,TRAMO RECTO,PLANA ,ASFALTADA,SI,REGULADORA (R),,SI,IMPRUDENCIA DEL CONDUCTOR,OTRO (IMPRUDENCIA DEL CONDUCTOR),8
A-2022-11-3,2022-11-05,10:50,CHOQUE,1,0,2.0,ICA,ICA,SANTIAGO,URBANA,CARRETERA,NACIONAL,PE-1S,-14.184147,-75.714582,SOLEADO,ESCOLAR,TRAMO RECTO,PLANA ,ASFALTADA,,,,,EN PROCESO DE INVESTIGACIÓN,NO CUENTA CON CAUSA ESPECIFICA,10
A-2022-11-18,2022-11-05,16:45,ATROPELLO,1,0,0.0,CUSCO,ESPINAR,ESPINAR,URBANA,AVENIDA,URBANO,NO CORRESPONDE,-14.786886338089769,-71.40646845800093,DESPEJADO,COMERCIAL,TRAMO RECTO,PLANA ,ASFALTADA,,,,,IMPRUDENCIA DEL PEATÓN,CRUCE INDEBIDO POR LA CALZADA,16
A-2022-11-185,2022-11-05,17:30,DESPISTE,2,1,1.0,AYACUCHO,VILCAS HUAMAN,VILCAS HUAMAN,RURAL,CARRETERA,PROVINCIAL,AY-957,-13.636582391764655,-73.84532099784538,DESPEJADO,RURAL,TRAMO RECTO,INCLINADA,TROCHA,SI,PREVENTIVA (P),,NO,NEGLIGENCIA DEL CONDUCTOR,CONDUCIR CON FALLAS DE FRENOS,17
A-2022-11-135,2022-11-05,22:30,ATROPELLO,1,0,,LIMA,LIMA,PUENTE PIEDRA,URBANA,CARRETERA,NACIONAL,PE-1N,-11.8662825,-77.0735316127,DESPEJADO,COMERCIAL,TRAMO RECTO,PLANA ,ASFALTADA,,,,,EN PROCESO DE INVESTIGACIÓN,NO CUENTA CON CAUSA ESPECIFICA,22
A-2022-11-178,2022-11-06,00:45,CHOQUE,1,0,,JUNIN,HUANCAYO,SAN AGUSTIN,URBANA,CARRETERA,NACIONAL,PE-3S,-12.0198684,-75.2418035,DESPEJADO,RURAL,TRAMO RECTO,INCLINADA,ASFALTADA,NO,,,SI,IMPRUDENCIA DEL CONDUCTOR,OTRO (IMPRUDENCIA DEL CONDUCTOR),0
A-2022-11-235,2022-11-06,01:30,ATROPELLO FUGA,1,0,,LIMA,LIMA,LURIN,URBANA,CARRETERA,NACIONAL,PE-1S,-12.257543,-76.919539,DESPEJADO,COMERCIAL,TRAMO RECTO,PLANA ,ASFALTADA,,,,,EN PROCESO DE INVESTIGACIÓN,NO CUENTA CON CAUSA ESPECIFICA,1
A-2022-11-159,2022-11-06,03:50,CHOQUE,1,1,2.0,HUANUCO,HUANUCO,HUANUCO,URBANA,JIRÓN,URBANO,NO CORRESPONDE,-9.939625,-76.248523,DESPEJADO,COMERCIAL,TRAMO RECTO,PLANA ,ASFALTADA,,,,,IMPRUDENCIA DEL CONDUCTOR,EXCESO DE VELOCIDAD,3
A-2022-11-239,2022-11-06,05:30,ATROPELLO FUGA,1,0,,LIMA,LIMA,LURIN,RURAL,CARRETERA,NACIONAL,PE-1S,-12.2833156,-76.87833662,DESPEJADO,INDUSTRIAL,TRAMO RECTO,PLANA ,ASFALTADA,SI,PREVENTIVA (P),,NO,EN PROCESO DE INVESTIGACIÓN,NO CUENTA CON CAUSA ESPECIFICA,5
A-2022-11-74,2022-11-06,06:30,DESPISTE,1,0,1.0,TACNA,TARATA,ESTIQUE,RURAL,CARRETERA,NACIONAL,PE-38,-17.636026,-70.067803,DESPEJADO,RURAL,TRAMO RECTO,INCLINADA,ASFALTADA,,,,,IMPRUDENCIA DEL CONDUCTOR,OTRO (IMPRUDENCIA DEL CONDUCTOR),6
A-2022-11-165,2022-11-06,14:00,DESPISTE,1,10,1.0,PIURA,HUANCABAMBA,HUARMACA,RURAL,CARRETERA,PROVINCIAL,PI-954,-5.681699,-79.657792,DESPEJADO,RURAL,CURVA,PLANA ,AFIRMADO,,,,,IMPRUDENCIA DEL CONDUCTOR,EXCESO DE VELOCIDAD,14
A-2022-11-124,2022-11-06,15:30,CHOQUE,1,12,2.0,CAJAMARCA,JAEN,JAEN,URBANA,CARRETERA,NACIONAL,PE-04C,-5.84315,-78.76675,DESPEJADO,RESIDENCIAL,CURVA,PLANA ,ASFALTADA,SI,PREVENTIVA (P),PREVENTIVA (P),NO,EN PROCESO DE INVESTIGACIÓN,NO CUENTA CON CAUSA ESPECIFICA,15
A-2022-11-13,2022-11-06,16:45,CHOQUE,1,0,2.0,AREQUIPA,ISLAY,DEAN VALDIVIA,URBANA,CARRETERA,NACIONAL,PE-1SJ,-17.1277704,-71.8043096,DESPEJADO,RESIDENCIAL,TRAMO RECTO,PLANA ,ASFALTADA,,,,,EN PROCESO DE INVESTIGACIÓN,NO CUENTA CON CAUSA ESPECIFICA,16
A-2022-11-238,2022-11-06,19:30,ATROPELLO FUGA,1,0,,LIMA,LIMA,VILLA MARIA DEL TRIUNFO,URBANA,AVENIDA,URBANO,NO CORRESPONDE,-12.22315198,-76.90811696,DESPEJADO,COMERCIAL,TRAMO RECTO,PLANA ,ASFALTADA,,,,,IMPRUDENCIA DEL PEATÓN,OTRO (IMPRUDENCIA DEL PEATÓN),19
A-2022-11-79,2022-11-06,20:55,ATROPELLO FUGA,1,0,,LA LIBERTAD,TRUJILLO,VICTOR LARCO HERRERA,URBANA,CARRETERA,NACIONAL,PE-1N,-8.149811,-79.041772,DESPEJADO,COMERCIAL,TRAMO RECTO,PLANA ,ASFALTADA,,,,,EN PROCESO DE INVESTIGACIÓN,NO CUENTA CON CAUSA ESPECIFICA,20
A-2022-11-12,2022-11-06,21:15,CHOQUE,1,0,2.0,AREQUIPA,CAYLLOMA,SAN ANTONIO DE CHUCA,RURAL,CARRETERA,NACIONAL,PE-34A,-15.782378,-71.03263,DESPEJADO,RURAL,TRAMO RECTO,PLANA ,ASFALTADA,,,,,EN PROCESO DE INVESTIGACIÓN,NO CUENTA CON CAUSA ESPECIFICA,21
A-2022-11-157,2022-11-07,05:30,CHOQUE,1,3,,LIMA,LIMA,PACHACAMAC,URBANA,JIRÓN,URBANO,NO CORRESPONDE,-12.2306358913437,-76.86010973710609,DESPEJADO,RESIDENCIAL,TRAMO RECTO,PLANA ,ASFALTADA,,,,,EN PROCESO DE INVESTIGACIÓN,NO CUENTA CON CAUSA ESPECIFICA,5
A-2022-11-136,2022-11-07,05:45,DESPISTE,1,0,,LIMA,LIMA,SAN MARTIN DE PORRES,URBANA,CARRETERA,NACIONAL,PE-1N,-12.0333318,-77.0534675,DESPEJADO,COMERCIAL,TRAMO RECTO,PLANA ,ASFALTADA,,,,,EN PROCESO DE INVESTIGACIÓN,NO CUENTA CON CAUSA ESPECIFICA,5
A-2022-11-21,2022-11-07,06:30,CHOQUE,1,1,2.0,CUSCO,CHUMBIVILCAS,COLQUEMARCA,URBANA,CARRETERA,DEPARTAMENTAL,CU-119,-14.293708349379804,-72.03822521959923,DESPEJADO,RESIDENCIAL,TRAMO RECTO,INCLINADA,ASFALTADA,SI,PREVENTIVA (P),,NO,IMPRUDENCIA DEL CONDUCTOR,EXCESO DE VELOCIDAD,6
A-2022-11-49,2022-11-07,10:40,CHOQUE,1,0,2.0,PUNO,EL COLLAO,ILAVE,RURAL,CARRETERA,NACIONAL,PE-38A,-16.15599462706685,-69.64763955560258,DESPEJADO,RURAL,TRAMO RECTO,PLANA ,ASFALTADA,,,,,IMPRUDENCIA DEL CONDUCTOR,GIRAR IMPRUDENTEMENTE,10
A-2022-11-189,2022-11-07,12:10,CHOQUE FUGA,1,0,,AMAZONAS,BAGUA,IMAZA,RURAL,CARRETERA,NACIONAL,PE-5NC,-4.978891167603997,-78.22605997323991,DESPEJADO,RURAL,TRAMO RECTO,PLANA ,ASFALTADA,,,,,EN PROCESO DE INVESTIGACIÓN,NO CUENTA CON CAUSA ESPECIFICA,12
A-2022-11-14,2022-11-07,12:30,ATROPELLO FUGA,1,0,1.0,AREQUIPA,CAYLLOMA,MAJES,URBANA,AVENIDA,URBANO,NO CORRESPONDE,-16.362741,-72.189565,DESPEJADO,COMERCIAL,INTERSECCIÓN,PLANA ,ASFALTADA,NO,,,SI,EN PROCESO DE INVESTIGACIÓN,NO CUENTA CON CAUSA ESPECIFICA,12
A-2022-11-36,2022-11-07,12:40,ATROPELLO,1,0,1.0,CUSCO,CANCHIS,SAN PABLO,RURAL,CARRETERA,NACIONAL,PE-3S,-14.2069359,-71.3050337,DESPEJADO,RURAL,TRAMO RECTO,PLANA ,ASFALTADA,NO,,,SI,IMPRUDENCIA DEL CONDUCTOR,EXCESO DE VELOCIDAD,12
A-2022-11-61,2022-11-07,14:30,ATROPELLO,2,0,1.0,PUNO,AZANGARO,SAN ANTON,RURAL,CARRETERA,NACIONAL,PE-34B,-14.47164,-70.2516024,DESPEJADO,RURAL,TRAMO RECTO,PLANA ,ASFALTADA,,,,,IMPRUDENCIA DEL CONDUCTOR,EXCESO DE VELOCIDAD,14
A-2022-11-37,2022-11-07,14:40,CHOQUE,1,1,1.0,CUSCO,QUISPICANCHI,QUIQUIJANA,RURAL,CARRETERA,NACIONAL,PE-3S,-13.775057681298277,-71.57359153206748,DESPEJADO,RURAL,TRAMO RECTO,PLANA ,ASFALTADA,SI,PREVENTIVA (P),,SI,IMPRUDENCIA DEL CONDUCTOR,EXCESO DE VELOCIDAD,14
A-2022-11-183,2022-11-07,20:00,CHOQUE,1,1,,LORETO,MAYNAS,SAN JUAN BAUTISTA,URBANA,CARRETERA,DEPARTAMENTAL,LO-103,-4.02704394576634,-73.4341585537898,DESPEJADO,RURAL,TRAMO RECTO,PLANA ,ASFALTADA,,,,,IMPRUDENCIA DEL CONDUCTOR,CONDUCIR EN ESTADO DE EBRIEDAD Y/O DROGADICCIÓN,20
A-2022-11-231,2022-11-07,21:50,ATROPELLO,1,0,,LIMA,LIMA,CARABAYLLO,URBANA,AVENIDA,URBANO,NO CORRESPONDE,-11.87439302,-77.01407097,DESPEJADO,COMERCIAL,TRAMO RECTO,PLANA ,ASFALTADA,,,,,EN PROCESO DE INVESTIGACIÓN,NO CUENTA CON CAUSA ESPECIFICA,21
A-2022-11-137,2022-11-07,22:00,ATROPELLO FUGA,1,0,,LIMA,LIMA,LA VICTORIA,URBANA,VIA EXPRESA,URBANO,NO CORRESPONDE,-12.070423831237946,-77.0312295190279,DESPEJADO,COMERCIAL,TRAMO RECTO,PLANA ,ASFALTADA,,,,,EN PROCESO DE INVESTIGACIÓN,NO CUENTA CON CAUSA ESPECIFICA,22
A-2022-11-90,2022-11-07,23:59,DESPISTE,1,1,,APURIMAC,GRAU,GAMARRA,RURAL,CARRETERA,PROVINCIAL,AP-907,-13.840667678559251,-72.57725216737086,,,,,,,,,,EN PROCESO DE INVESTIGACIÓN,NO CUENTA CON CAUSA ESPECIFICA,23
A-2022-11-133,2022-11-08,08:30,ATROPELLO,1,0,,CALLAO,CALLAO,CALLAO,URBANA,CARRETERA,NACIONAL,PE-20,-11.9421195,-77.131295821,DESPEJADO,INDUSTRIAL,TRAMO RECTO,PLANA ,ASFALTADA,NO,,,SI,EN PROCESO DE INVESTIGACIÓN,NO CUENTA CON CAUSA ESPECIFICA,8
A-2022-11-119,2022-11-08,16:00,CHOQUE,1,0,,CALLAO,CALLAO,CALLAO,URBANA,CARRETERA,NACIONAL,PE-20,-11.989341,-77.1259525195,DESPEJADO,COMERCIAL,TRAMO RECTO,PLANA ,ASFALTADA,SI,INFORMATIVA (I),PREVENTIVA (P),NO,EN PROCESO DE INVESTIGACIÓN,NO CUENTA CON CAUSA ESPECIFICA,16
A-2022-11-138,2022-11-08,16:00,CHOQUE,1,0,,LIMA,LIMA,LURIGANCHO,URBANA,AVENIDA,URBANO,NO CORRESPONDE,-12.007566328955926,-76.88740436673737,DESPEJADO,INDUSTRIAL,INTERSECCIÓN,PLANA ,ASFALTADA,,,,,EN PROCESO DE INVESTIGACIÓN,NO CUENTA CON CAUSA ESPECIFICA,16
A-2022-11-199,2022-11-08,22:00,CHOQUE,1,0,,PIURA,AYABACA,SUYO,RURAL,CARRETERA,NACIONAL,PE-1NL,-4.482080425046179,-79.98689501037242,DESPEJADO,RURAL,TRAMO RECTO,PLANA ,ASFALTADA,,,,,IMPRUDENCIA DEL CONDUCTOR,INVASIÓN DE CARRIL,22
A-2022-11-59,2022-11-09,00:30,DESPISTE,1,3,1.0,ANCASH,HUARAZ,HUARAZ,RURAL,CARRETERA,NACIONAL,PE-3N,-9.542851144952715,-77.53317436122363,DESPEJADO,RURAL,TRAMO RECTO,INCLINADA,ASFALTADA,SI,INFORMATIVA (I),,NO,IMPRUDENCIA DEL CONDUCTOR,EXCESO DE VELOCIDAD,0
A-2022-11-169,2022-11-09,15:00,ESPECIAL,1,0,1.0,PASCO,PASCO,CHAUPIMARCA,RURAL,CARRETERA,NACIONAL,PE-3N,-10.723588252502376,-76.25115200296258,DESPEJADO,RURAL,OTRO,PLANA ,TROCHA,,,,,IMPRUDENCIA DEL CONDUCTOR,VEHÍCULO MAL ESTACIONADO,15
A-2022-11-75,2022-11-09,20:10,ATROPELLO FUGA,1,0,,TACNA,TACNA,CIUDAD NUEVA,URBANA,AVENIDA,URBANO,NO CORRESPONDE,-17.986016,-70.233182,DESPEJADO,COMERCIAL,INTERSECCIÓN,PLANA ,ASFALTADA,,,,,EN PROCESO DE INVESTIGACIÓN,NO CUENTA CON CAUSA ESPECIFICA,20
A-2022-11-4,2022-11-10,02:15,CHOQUE,3,1,2.0,ICA,ICA,SUBTANJALLA,URBANA,CARRETERA,NACIONAL,PE-1S,-14.033763480341069,-75.75632772796854,DESPEJADO,COMERCIAL,TRAMO RECTO,PLANA ,ASFALTADA,,,,,EN PROCESO DE INVESTIGACIÓN,NO CUENTA CON CAUSA ESPECIFICA,2
A-2022-11-50,2022-11-10,04:30,DESPISTE,1,4,1.0,PUNO,CHUCUITO,JULI,RURAL,CARRETERA,NACIONAL,PE-3S,-16.21074849595897,-69.44360923499507,DESPEJADO,RURAL,CURVA,PLANA ,ASFALTADA,,,,,IMPRUDENCIA DEL CONDUCTOR,EXCESO DE VELOCIDAD,4
A-2022-11-158,2022-11-10,07:20,ATROPELLO,1,1,,LIMA,LIMA,SAN JUAN DE LURIGANCHO,URBANA,AVENIDA,URBANO,NO CORRESPONDE,-11.968520605348148,-76.99352112113033,DESPEJADO,COMERCIAL,TRAMO RECTO,PLANA ,ASFALTADA,SI,PREVENTIVA (P),,SI,EN PROCESO DE INVESTIGACIÓN,NO CUENTA CON CAUSA ESPECIFICA,7