codigo_siniestro,fecha_siniestro,hora_siniestro,clase_siniestro,cantidad_fallecidos,cantidad_lesionados,cantidad_vehiculos_danados,departamento,provincia,distrito,zona,tipo_via,red_vial,cod_carretera,latitud,longitud,condicion_climatica,zonificacion,caracteristicas_via,perfil_longitudinal_via,superficie_calzada,existe_senal_vertical,clasificacion_senal_vertical_1,clasificacion_senal_vertical_2,existe_senal_horizontal,causa_factor_principal,causa_especifica,hora_del_dia
A-2022-11-181,2022-11-20,07:00,DESPISTE,1,0,1.0,PIURA,PIURA,CASTILLA,RURAL,CARRETERA,DEPARTAMENTAL,PI-126,-5.173202652593066,-80.61267076251592,DESPEJADO,RURAL,INTERSECCIÓN,PLANA ,ASFALTADA,,,,,IMPRUDENCIA DEL CONDUCTOR,OTRO (IMPRUDENCIA DEL CONDUCTOR),7
A-2022-11-64,2022-11-20,07:40,ATROPELLO,1,0,0.0,PUNO,MELGAR,SANTA ROSA,URBANA,CARRETERA,PROVINCIAL,PU-674,-14.614610390367012,-70.78769618987438,DESPEJADO,RESIDENCIAL,OTRO,PLANA ,CONCRETO,,,,,IMPRUDENCIA DEL PEATÓN,OTRO (IMPRUDENCIA DEL PEATÓN),7
A-2022-11-127,2022-11-20,11:30,DESPISTE,1,0,1.0,CAJAMARCA,JAEN,POMAHUACA,RURAL,CARRETERA,NACIONAL,PE-3N,-5.94338333,-79.24861833,DESPEJADO,RESIDENCIAL,TRAMO RECTO,INCLINADA,ASFALTADA,SI,PREVENTIVA (P),PREVENTIVA (P),NO,IMPRUDENCIA DEL CONDUCTOR,EXCESO DE VELOCIDAD,11
A-2022-11-243,2022-11-20,13:30,CHOQUE,1,1,2.0,AYACUCHO,HUAMANGA,VINCHOS,RURAL,CARRETERA,NACIONAL,PE-28A,-13.340947792469663,-74.4440927122932,DESPEJADO,RURAL,CURVA,INCLINADA,ASFALTADA,,,,,IMPRUDENCIA DEL CONDUCTOR,INVASIÓN DE CARRIL,13
A-2022-11-128,2022-11-20,21:30,DESPISTE,1,0,1.0,CAJAMARCA,HUALGAYOC,BAMBAMARCA,URBANA,CARRETERA,PROVINCIAL,CA-1066,-6.7583544486143,-78.4879594833264,DESPEJADO,RESIDENCIAL,CURVA,INCLINADA,AFIRMADO,,,,,EN PROCESO DE INVESTIGACIÓN,NO CUENTA CON CAUSA ESPECIFICA,21
A-2022-11-176,2022-11-20,22:00,ATROPELLO FUGA,1,0,,JUNIN,HUANCAYO,SAN JERONIMO DE TUNAN,URBANA,CARRETERA,NACIONAL,PE-3S,-11.945276,-75.293872,DESPEJADO,COMERCIAL,TRAMO RECTO,PLANA ,ASFALTADA,NO,,,SI,EN PROCESO DE INVESTIGACIÓN,NO CUENTA CON CAUSA ESPECIFICA,22
A-2022-11-149,2022-11-21,04:00,DESPISTE,1,0,,LIMA,LIMA,EL AGUSTINO,URBANA,AVENIDA,URBANO,NO CORRESPONDE,-12.035437190552424,-76.99949913423981,DESPEJADO,RESIDENCIAL,TRAMO RECTO,PLANA ,ASFALTADA,,,,,EN PROCESO DE INVESTIGACIÓN,NO CUENTA CON CAUSA ESPECIFICA,4
A-2022-11-129,2022-11-21,04:09,CHOQUE CON OBJETO FIJO,1,0,1.0,CAJAMARCA,CAJABAMBA,CONDEBAMBA,RURAL,CARRETERA,NACIONAL,PE-3N,-7.534292,-78.150196,DESPEJADO,RURAL,CURVA,INCLINADA,ASFALTADA,SI,PREVENTIVA (P),REGULADORA (R),SI,EN PROCESO DE INVESTIGACIÓN,NO CUENTA CON CAUSA ESPECIFICA,4
A-2022-11-182,2022-11-21,05:20,CHOQUE,1,0,1.0,PIURA,PIURA,PIURA,URBANA,AVENIDA,URBANO,NO CORRESPONDE,-5.203584964085301,-80.6281659176734,DESPEJADO,ESCOLAR,CURVA,PLANA ,ASFALTADA,,,,,IMPRUDENCIA DEL CONDUCTOR,EXCESO DE VELOCIDAD,5
A-2022-11-190,2022-11-21,05:20,CHOQUE,1,2,2.0,AMAZONAS,BAGUA,BAGUA,RURAL,CARRETERA,NACIONAL,PE-5NC,-5.595394874665108,-78.55226755142213,DESPEJADO,RURAL,TRAMO RECTO,PLANA ,ASFALTADA,SI,PREVENTIVA (P),,SI,EN PROCESO DE INVESTIGACIÓN,NO CUENTA CON CAUSA ESPECIFICA,5
A-2022-11-25,2022-11-21,19:00,DESPISTE,1,0,1.0,AREQUIPA,AREQUIPA,SANTA RITA DE SIGUAS,URBANA,CARRETERA,PROVINCIAL,AR-728,-16.484106,-72.109608,DESPEJADO,COMERCIAL,TRAMO RECTO,PLANA ,CONCRETO,,,,,EN PROCESO DE INVESTIGACIÓN,NO CUENTA CON CAUSA ESPECIFICA,19
A-2022-11-98,2022-11-21,21:20,ATROPELLO FUGA,1,0,1.0,TUMBES,TUMBES,CORRALES,RURAL,CARRETERA,NACIONAL,PE-1N,-3.613267651050405,-80.5126616962128,DESPEJADO,RURAL,TRAMO RECTO,PLANA ,ASFALTADA,,,,,IMPRUDENCIA DEL CONDUCTOR,NO DAR PASO PREFERENTE AL PEATÓN,21
A-2022-11-65,2022-11-22,03:10,DESPISTE,2,1,1.0,PUNO,LAMPA,SANTA LUCIA,RURAL,CARRETERA,NACIONAL,PE-34A,-15.6652879,-70.6545816,DESPEJADO,RURAL,CURVA,PLANA ,ASFALTADA,,,,,IMPRUDENCIA DEL CONDUCTOR,INVASIÓN DE CARRIL,3
A-2022-11-17,2022-11-22,17:00,ATROPELLO FUGA,1,0,0.0,ICA,ICA,PARCONA,URBANA,AVENIDA,URBANO,NO CORRESPONDE,-14.063521,-75.72083,DESPEJADO,COMERCIAL,TRAMO RECTO,PLANA ,ASFALTADA,,,,,EN PROCESO DE INVESTIGACIÓN,NO CUENTA CON CAUSA ESPECIFICA,17
A-2022-11-93,2022-11-22,18:20,ATROPELLO,1,0,1.0,LA LIBERTAD,TRUJILLO,LA ESPERANZA,URBANA,AVENIDA,URBANO,NO CORRESPONDE,-8.083166,-79.042984,DESPEJADO,COMERCIAL,TRAMO RECTO,PLANA ,ASFALTADA,,,,,IMPRUDENCIA DEL CONDUCTOR,NO DAR PASO PREFERENTE AL PEATÓN,18
A-2022-11-236,2022-11-22,19:45,ATROPELLO,1,0,,LIMA,LIMA,VILLA EL SALVADOR,URBANA,AVENIDA,URBANO,NO CORRESPONDE,-12.21334091,-76.93672424,DESPEJADO,RESIDENCIAL,INTERSECCIÓN,PLANA ,ASFALTADA,,,,,IMPRUDENCIA DEL CONDUCTOR,OTRO (IMPRUDENCIA DEL CONDUCTOR),19
A-2022-11-56,2022-11-22,22:11,DESPISTE,1,0,1.0,PUNO,CHUCUITO,POMATA,RURAL,CARRETERA,NACIONAL,PE-3S,-16.258607033241013,-69.31235783197457,DESPEJADO,RURAL,CURVA,PLANA ,ASFALTADA,,,,,IMPRUDENCIA DEL CONDUCTOR,EXCESO DE VELOCIDAD,22
A-2022-11-170,2022-11-23,06:45,CHOQUE,1,1,2.0,PIURA,PIURA,LA UNION,RURAL,CARRETERA,PROVINCIAL,PI-1034,-5.406607763671497,-80.72459931546086,DESPEJADO,RURAL,TRAMO RECTO,PLANA ,ASFALTADA,,,,,IMPRUDENCIA DEL CONDUCTOR,EXCESO DE VELOCIDAD,6
A-2022-11-57,2022-11-23,08:00,ATROPELLO FUGA,1,0,,PUNO,EL COLLAO,PILCUYO,RURAL,CARRETERA,PROVINCIAL,PU-1180,-16.060226535558993,-69.48100453574796,DESPEJADO,RURAL,TRAMO RECTO,PLANA ,TROCHA,,,,,EN PROCESO DE INVESTIGACIÓN,NO CUENTA CON CAUSA ESPECIFICA,8
A-2022-11-150,2022-11-23,18:50,ATROPELLO,1,0,,LIMA,LIMA,PUENTE PIEDRA,URBANA,CARRETERA,NACIONAL,PE-1N,-11.836296,-77.110072,DESPEJADO,COMERCIAL,INTERSECCIÓN,PLANA ,ASFALTADA,,,,,EN PROCESO DE INVESTIGACIÓN,NO CUENTA CON CAUSA ESPECIFICA,18
A-2022-11-201,2022-11-23,20:00,CHOQUE FUGA,1,0,1.0,PIURA,SULLANA,SULLANA,URBANA,CARRETERA,DEPARTAMENTAL,PI-102,-4.905532509981757,-80.72164338951703,DESPEJADO,RURAL,TRAMO RECTO,PLANA ,ASFALTADA,,,,,EN PROCESO DE INVESTIGACIÓN,NO CUENTA CON CAUSA ESPECIFICA,20
A-2022-11-103,2022-11-24,02:30,DESPISTE,3,0,,ANCASH,CASMA,CASMA,RURAL,CARRETERA,NACIONAL,PE-1N,-9.464706714278517,-78.32151757369546,DESPEJADO,RURAL,TRAMO RECTO,PLANA ,ASFALTADA,,,,,EN PROCESO DE INVESTIGACIÓN,NO CUENTA CON CAUSA ESPECIFICA,2
A-2022-11-39,2022-11-24,13:30,DESPISTE,1,7,1.0,ANCASH,SIHUAS,SIHUAS,RURAL,CARRETERA,PROVINCIAL,AN-550,-8.55413630366958,-77.6367799003079,DESPEJADO,RURAL,CURVA,INCLINADA,ASFALTADA,SI,INFORMATIVA (I),,NO,IMPRUDENCIA DEL CONDUCTOR,EXCESO DE VELOCIDAD,13
A-2022-11-95,2022-11-24,14:09,ATROPELLO,1,1,1.0,LA LIBERTAD,TRUJILLO,TRUJILLO,URBANA,JIRÓN,URBANO,NO CORRESPONDE,-8.10851,-79.026671,DESPEJADO,COMERCIAL,INTERSECCIÓN,PLANA ,ASFALTADA,,,,,IMPRUDENCIA DEL CONDUCTOR,GIRAR IMPRUDENTEMENTE,14
A-2022-11-108,2022-11-24,14:30,DESPISTE,1,0,1.0,APURIMAC,ANDAHUAYLAS,HUANCARAY,RURAL,CARRETERA,PROVINCIAL,AP-719,-13.744167,-73.526402,DESPEJADO,RURAL,OTRO,INCLINADA,TROCHA,SI,PREVENTIVA (P),,NO,IMPERICIA DEL CONDUCTOR,,14
A-2022-11-67,2022-11-24,16:30,CHOQUE,1,0,2.0,LAMBAYEQUE,FERREÑAFE,FERREÑAFE,RURAL,CARRETERA,DEPARTAMENTAL,LA-111,-6.59833,-79.78725,DESPEJADO,RURAL,CURVA,PLANA ,ASFALTADA,SI,PREVENTIVA (P),,NO,EN PROCESO DE INVESTIGACIÓN,NO CUENTA CON CAUSA ESPECIFICA,16
A-2022-11-177,2022-11-24,17:45,CHOQUE CON OBJETO FIJO,1,1,,JUNIN,CONCEPCION,MANZANARES,URBANA,CARRETERA,PROVINCIAL,JU-848,-12.007957,-75.351871,DESPEJADO,RURAL,CURVA,PLANA ,ASFALTADA,,,,,IMPRUDENCIA DEL CONDUCTOR,OTRO (IMPRUDENCIA DEL CONDUCTOR),17
A-2022-11-94,2022-11-24,19:00,CHOQUE,1,2,2.0,LA LIBERTAD,VIRU,VIRU,RURAL,CARRETERA,PROVINCIAL,LI-1122,-8.466761,-78.859104,DESPEJADO,RURAL,TRAMO RECTO,PLANA ,TROCHA,,,,,EN PROCESO DE INVESTIGACIÓN,NO CUENTA CON CAUSA ESPECIFICA,19
A-2022-11-112,2022-11-24,19:20,CHOQUE FUGA,1,0,1.0,PUNO,AZANGARO,ACHAYA,RURAL,CARRETERA,NACIONAL,PE-34B,-15.2347754,-70.2225144,DESPEJADO,RURAL,TRAMO RECTO,PLANA ,ASFALTADA,,,,,IMPRUDENCIA DEL CONDUCTOR,OTRO (IMPRUDENCIA DEL CONDUCTOR),19
A-2022-11-232,2022-11-24,19:40,ATROPELLO,1,0,,LIMA,LIMA,RIMAC,URBANA,JIRÓN,URBANO,NO CORRESPONDE,-12.04188508,-77.02257282,DESPEJADO,COMERCIAL,TRAMO RECTO,PLANA ,ASFALTADA,SI,PREVENTIVA (P),PREVENTIVA (P),NO,IMPRUDENCIA DEL PASAJERO/OCUPANTE,OTRO (IMPRUDENCIA DEL PASAJERO/OCUPANTE),19
A-2022-11-202,2022-11-24,23:00,DESPISTE,1,0,,PIURA,TALARA,LA BREA,RURAL,CARRETERA,NACIONAL,PE-1N,-4.745630167960368,-80.99869404834216,DESPEJADO,RURAL,TRAMO RECTO,PLANA ,ASFALTADA,,,,,EN PROCESO DE INVESTIGACIÓN,NO CUENTA CON CAUSA ESPECIFICA,23
A-2022-11-151,2022-11-25,11:45,CAÍDA DE PASAJERO,1,0,,LIMA,LIMA,COMAS,URBANA,AVENIDA,URBANO,NO CORRESPONDE,-11.905014,-77.041267,DESPEJADO,RESIDENCIAL,CURVA,PLANA ,ASFALTADA,,,,,EN PROCESO DE INVESTIGACIÓN,NO CUENTA CON CAUSA ESPECIFICA,11
A-2022-11-163,2022-11-25,15:50,ATROPELLO,1,0,,LIMA,LIMA,VILLA MARIA DEL TRIUNFO,URBANA,CALLE,URBANO,NO CORRESPONDE,-12.150951212958748,-76.95079139854161,DESPEJADO,RESIDENCIAL,INTERSECCIÓN,INCLINADA,ASFALTADA,,,,,EN PROCESO DE INVESTIGACIÓN,NO CUENTA CON CAUSA ESPECIFICA,15
A-2022-11-26,2022-11-25,16:00,CHOQUE,1,0,2.0,AREQUIPA,AREQUIPA,YURA,RURAL,CARRETERA,NACIONAL,PE-34A,-16.06676,-71.367636,NUBLADO,RURAL,CURVA,INCLINADA,ASFALTADA,NO,,,SI,EN PROCESO DE INVESTIGACIÓN,NO CUENTA CON CAUSA ESPECIFICA,16
A-2022-11-99,2022-11-25,20:00,VOLCADURA,1,0,1.0,TUMBES,CONTRALMIRANTE VILLAR,CASITAS,RURAL,CARRETERA,DEPARTAMENTAL,TU-105,-3.915713659991666,-80.62706879064115,DESPEJADO,RURAL,TRAMO RECTO,PLANA ,ASFALTADA,SI,PREVENTIVA (P),REGULADORA (R),NO,IMPRUDENCIA DEL CONDUCTOR,OTRO (IMPRUDENCIA DEL CONDUCTOR),20
A-2022-11-234,2022-11-26,07:50,DESPISTE,1,0,,LIMA,LIMA,LOS OLIVOS,URBANA,AVENIDA,URBANO,NO CORRESPONDE,-11.961897427853344,-77.06334927825871,DESPEJADO,RESIDENCIAL,INTERSECCIÓN,PLANA ,ASFALTADA,,,,,IMPRUDENCIA DEL CONDUCTOR,OTRO (IMPRUDENCIA DEL CONDUCTOR),7
A-2022-11-96,2022-11-26,11:40,CHOQUE,1,1,2.0,LA LIBERTAD,TRUJILLO,LAREDO,RURAL,CARRETERA,NACIONAL,PE-10A,-8.098803,-78.95821,DESPEJADO,RURAL,TRAMO RECTO,PLANA ,ASFALTADA,,,,,EN PROCESO DE INVESTIGACIÓN,NO CUENTA CON CAUSA ESPECIFICA,11
A-2022-11-27,2022-11-26,15:20,DESPISTE,1,0,1.0,AREQUIPA,AREQUIPA,CAYMA,URBANA,CALLE,URBANO,NO CORRESPONDE,-16.3328122,-71.5518908,DESPEJADO,RURAL,TRAMO RECTO,INCLINADA,ASFALTADA,,,,,EN PROCESO DE INVESTIGACIÓN,NO CUENTA CON CAUSA ESPECIFICA,15
A-2022-11-130,2022-11-26,16:00,ATROPELLO,1,0,1.0,CAJAMARCA,CUTERVO,CUTERVO,URBANA,CARRETERA,PROVINCIAL,CA-825,-6.382676,-78.835499,DESPEJADO,RESIDENCIAL,TRAMO RECTO,PLANA ,AFIRMADO,,,,,IMPRUDENCIA DEL CONDUCTOR,EXCESO DE VELOCIDAD,16
A-2022-11-35,2022-11-26,19:20,ATROPELLO,1,0,1.0,CUSCO,CALCA,PISAC,RURAL,CARRETERA,DEPARTAMENTAL,CU-112,-13.407341710437828,-71.83019314248222,DESPEJADO,RURAL,CURVA,INCLINADA,ASFALTADA,SI,PREVENTIVA (P),REGULADORA (R),SI,IMPRUDENCIA DEL PEATÓN,ESTADO DE EBRIEDAD Y/O DROGADICCIÓN,19
A-2022-11-78,2022-11-26,19:35,ATROPELLO FUGA,1,0,,TACNA,TACNA,TACNA,RURAL,CARRETERA,NACIONAL,PE-1S,-18.292291,-70.316267,DESPEJADO,RURAL,TRAMO RECTO,PLANA ,ASFALTADA,,,,,IMPRUDENCIA DEL CONDUCTOR,EXCESO DE VELOCIDAD,19
A-2022-11-110,2022-11-26,22:00,CHOQUE,1,3,1.0,PUNO,SAN ROMAN,JULIACA,RURAL,CARRETERA,NACIONAL,PE-34A,-15.5057408,-70.1625425,NUBLADO,RURAL,TRAMO RECTO,PLANA ,ASFALTADA,,,,,IMPRUDENCIA DEL CONDUCTOR,EXCESO DE VELOCIDAD,22
A-2022-11-109,2022-11-27,03:14,ATROPELLO FUGA,1,0,1.0,APURIMAC,ANDAHUAYLAS,ANDAHUAYLAS,URBANA,CARRETERA,PROVINCIAL,AP-560,-13.659486,-73.397883,DESPEJADO,RESIDENCIAL,CURVA,PLANA ,ASFALTADA,NO,,,SI,IMPRUDENCIA DEL CONDUCTOR,CONDUCIR EN ESTADO DE EBRIEDAD Y/O DROGADICCIÓN,3
A-2022-11-192,2022-11-27,04:30,CHOQUE CON OBJETO FIJO,1,0,1.0,ICA,CHINCHA,CHINCHA ALTA,URBANA,CARRETERA,DEPARTAMENTAL,IC-100,-13.4119542,-76.13161634,DESPEJADO,RESIDENCIAL,TRAMO RECTO,PLANA ,ASFALTADA,,,,,IMPRUDENCIA DEL CONDUCTOR,FATIGA Y/O CANSANCIO,4
A-2022-11-194,2022-11-27,04:50,DESPISTE,1,0,,JUNIN,SATIPO,PANGOA,RURAL,CARRETERA,NACIONAL,PE-28C,-11.335421824341116,-74.52830982076205,DESPEJADO,RURAL,TRAMO RECTO,PLANA ,ASFALTADA,,,,,IMPRUDENCIA DEL CONDUCTOR,EXCESO DE VELOCIDAD,4
A-2022-11-173,2022-11-27,05:00,DESPISTE,1,0,1.0,PIURA,MORROPON,CHULUCANAS,RURAL,CARRETERA,PROVINCIAL,PI-778,-5.003433088854921,-80.14457688802644,DESPEJADO,RURAL,CURVA,PLANA ,AFIRMADO,,,,,IMPRUDENCIA DEL CONDUCTOR,CONDUCIR EN ESTADO DE EBRIEDAD Y/O DROGADICCIÓN,5
A-2022-11-97,2022-11-27,05:25,CHOQUE,1,2,2.0,LA LIBERTAD,TRUJILLO,LAREDO,RURAL,CARRETERA,NACIONAL,PE-10A,-8.088592,-78.914284,DESPEJADO,RURAL,TRAMO RECTO,PLANA ,ASFALTADA,,,,,IMPRUDENCIA DEL CONDUCTOR,CONDUCIR EN ESTADO DE EBRIEDAD Y/O DROGADICCIÓN,5
A-2022-11-153,2022-11-27,05:52,DESPISTE,1,0,,LIMA,LIMA,ANCON,URBANA,CALLE,URBANO,NO CORRESPONDE,-11.765667,-77.153833,DESPEJADO,RESIDENCIAL,INTERSECCIÓN,PLANA ,AFIRMADO,,,,,EN PROCESO DE INVESTIGACIÓN,NO CUENTA CON CAUSA ESPECIFICA,5
A-2022-11-174,2022-11-27,06:10,ATROPELLO,1,1,2.0,PIURA,PIURA,CASTILLA,URBANA,AVENIDA,URBANO,NO CORRESPONDE,-5.207741403829932,-80.62243398708206,DESPEJADO,COMERCIAL,INTERSECCIÓN,PLANA ,ASFALTADA,,,,,IMPRUDENCIA DEL CONDUCTOR,CONDUCIR EN ESTADO DE EBRIEDAD Y/O DROGADICCIÓN,6
A-2022-11-28,2022-11-27,08:00,CHOQUE,1,0,2.0,AREQUIPA,AREQUIPA,CAYMA,URBANA,CARRETERA,DEPARTAMENTAL,AR-116,-16.321264,-71.531346,DESPEJADO,RESIDENCIAL,TRAMO RECTO,INCLINADA,ASFALTADA,NO,,,SI,EN PROCESO DE INVESTIGACIÓN,NO CUENTA CON CAUSA ESPECIFICA,8
A-2022-11-122,2022-11-27,10:10,ATROPELLO,1,1,,CALLAO,CALLAO,VENTANILLA,URBANA,CALLE,URBANO,NO CORRESPONDE,-11.8613885,-77.150159717,DESPEJADO,RURAL,OTRO,PLANA ,AFIRMADO,,,,,IMPRUDENCIA DEL CONDUCTOR,OTRO (IMPRUDENCIA DEL CONDUCTOR),10
A-2022-11-131,2022-11-27,11:00,DESPISTE,2,0,1.0,CAJAMARCA,CHOTA,CHOTA,RURAL,CARRETERA,SIN CLASIFICAR,SIN CLASIFICAR,-6.562401,-78.589006,SOLEADO,RURAL,CURVA,PLANA ,AFIRMADO,,,,,EN PROCESO DE INVESTIGACIÓN,NO CUENTA CON CAUSA ESPECIFICA,11
A-2022-11-152,2022-11-27,15:00,DESPISTE,1,0,,LIMA,LIMA,SAN BORJA,URBANA,AVENIDA,URBANO,NO CORRESPONDE,-12.112008645848649,-77.00674996368099,DESPEJADO,COMERCIAL,TRAMO RECTO,PLANA ,ASFALTADA,,,,,EN PROCESO DE INVESTIGACIÓN,NO CUENTA CON CAUSA ESPECIFICA,15
A-2022-11-113,2022-11-27,15:30,CHOQUE,1,0,1.0,PUNO,SAN ROMAN,JULIACA,URBANA,CARRETERA,NACIONAL,PE-3S,-15.4846997748164,-70.12472922649498,DESPEJADO,COMERCIAL,TRAMO RECTO,PLANA ,ASFALTADA,,,,,IMPRUDENCIA DEL CONDUCTOR,EXCESO DE VELOCIDAD,15
A-2022-11-58,2022-11-27,19:30,ATROPELLO FUGA,1,1,,PUNO,YUNGUYO,COPANI,RURAL,CARRETERA,DEPARTAMENTAL,PU-130,-16.402753,-69.044535,DESPEJADO,RURAL,TRAMO RECTO,PLANA ,TROCHA,,,,,EN PROCESO DE INVESTIGACIÓN,NO CUENTA CON CAUSA ESPECIFICA,19
A-2022-11-66,2022-11-27,23:50,ATROPELLO,1,0,,LAMBAYEQUE,LAMBAYEQUE,MORROPE,RURAL,CARRETERA,NACIONAL,PE-1N,-6.59945,-79.9742,DESPEJADO,RURAL,TRAMO RECTO,PLANA ,ASFALTADA,SI,REGULADORA (R),,NO,EN PROCESO DE INVESTIGACIÓN,NO CUENTA CON CAUSA ESPECIFICA,23
A-2022-11-154,2022-11-28,05:30,DESPISTE,1,0,,LIMA,LIMA,SAN MARTIN DE PORRES,URBANA,CARRETERA,NACIONAL,PE-1N,-12.015476,-77.060042,DESPEJADO,COMERCIAL,TRAMO RECTO,PLANA ,ASFALTADA,,,,,EN PROCESO DE INVESTIGACIÓN,NO CUENTA CON CAUSA ESPECIFICA,5
A-2022-11-240,2022-11-28,17:00,DESPISTE,1,1,1.0,AYACUCHO,VICTOR FAJARDO,ALCAMENCA,RURAL,CARRETERA,PROVINCIAL,AY-1099,-13.6518741920166,-74.1347276771314,DESPEJADO,RURAL,CURVA,INCLINADA,AFIRMADO,,,,,IMPRUDENCIA DEL CONDUCTOR,CONDUCIR EN ESTADO DE EBRIEDAD Y/O DROGADICCIÓN,17
A-2022-11-68,2022-11-28,19:00,CHOQUE,1,1,3.0,LAMBAYEQUE,LAMBAYEQUE,MOCHUMI,RURAL,CARRETERA,NACIONAL,PE-1NJ,-6.557046,-79.868481,DESPEJADO,RURAL,TRAMO RECTO,PLANA ,ASFALTADA,,,,,EN PROCESO DE INVESTIGACIÓN,NO CUENTA CON CAUSA ESPECIFICA,19
A-2022-11-111,2022-11-29,02:00,DESPISTE,1,1,1.0,PUNO,SAN ROMAN,JULIACA,RURAL,CARRETERA,DEPARTAMENTAL,PU-124,-15.4414788,-70.198891,DESPEJADO,RURAL,CURVA,PLANA ,ASFALTADA,,,,,IMPRUDENCIA DEL CONDUCTOR,EXCESO DE VELOCIDAD,2
A-2022-11-60,2022-11-29,11:20,CHOQUE,1,1,2.0,PUNO,PUNO,PUNO,RURAL,CARRETERA,NACIONAL,PE-3S,-15.79571107077108,-70.03609831460312,DESPEJADO,RURAL,CURVA,PLANA ,ASFALTADA,,,,,IMPRUDENCIA DEL CONDUCTOR,INVASIÓN DE CARRIL,11
A-2022-11-237,2022-11-30,03:30,DESPISTE,1,0,,LIMA,LIMA,SANTIAGO DE SURCO,URBANA,CARRETERA,NACIONAL,PE-1S,-12.09583,-76.980239,DESPEJADO,COMERCIAL,TRAMO RECTO,INCLINADA,ASFALTADA,SI,REGULADORA (R),,SI,IMPRUDENCIA DEL CONDUCTOR,OTRO (IMPRUDENCIA DEL CONDUCTOR),3
A-2022-11-114,2022-11-30,07:00,CAÍDA DE PASAJERO,1,0,0.0,LAMBAYEQUE,LAMBAYEQUE,LAMBAYEQUE,RURAL,CARRETERA,PROVINCIAL,LA-691,-6.6893309,-79.9004973,DESPEJADO,RURAL,TRAMO RECTO,PLANA ,TROCHA,,,,,EN PROCESO DE INVESTIGACIÓN,NO CUENTA CON CAUSA ESPECIFICA,7
A-2022-11-196,2022-11-30,08:30,CHOQUE,1,4,2.0,JUNIN,SATIPO,SATIPO,RURAL,CARRETERA,NACIONAL,PE-24A,-11.244718413375502,-74.6359741146946,DESPEJADO,COMERCIAL,TRAMO RECTO,PLANA ,ASFALTADA,,,,,IMPRUDENCIA DEL CONDUCTOR,FATIGA Y/O CANSANCIO,8
A-2022-11-41,2022-11-30,10:00,ATROPELLO,1,0,0.0,CUSCO,ANTA,ZURITE,URBANA,CALLE,URBANO,NO CORRESPONDE,-13.45579555624085,-72.25418596413121,SOLEADO,RURAL,TRAMO RECTO,PLANA ,CASCAJO/RIPIO,,,,,IMPRUDENCIA DEL CONDUCTOR,OTRO (IMPRUDENCIA DEL CONDUCTOR),10
A-2022-11-197,2022-11-30,13:15,VOLCADURA,1,0,,LORETO,MAYNAS,IQUITOS,URBANA,AVENIDA,URBANO,NO CORRESPONDE,-3.7494781,-73.2569224,DESPEJADO,INDUSTRIAL,TRAMO RECTO,PLANA ,ASFALTADA,,,,,IMPRUDENCIA DEL CONDUCTOR,INVASIÓN DE CARRIL,13
A-2022-11-69,2022-11-30,18:20,ATROPELLO FUGA,1,0,1.0,CUSCO,ANTA,ANTA,URBANA,CARRETERA,NACIONAL,PE-3S,-13.4730593,-72.1321214,DESPEJADO,RESIDENCIAL,TRAMO RECTO,PLANA ,ASFALTADA,SI,PREVENTIVA (P),,SI,IMPRUDENCIA DEL CONDUCTOR,EXCESO DE VELOCIDAD,18
A-2022-11-184,2022-11-30,22:00,CHOQUE FUGA,2,1,1.0,JUNIN,JUNIN,JUNIN,RURAL,CARRETERA,NACIONAL,PE-3N,-10.98545057789502,-76.03603285812332,DESPEJADO,RURAL,TRAMO RECTO,PLANA ,ASFALTADA,NO,,,SI,IMPRUDENCIA DEL CONDUCTOR,EXCESO DE VELOCIDAD,22
A-2022-12-59,2022-12-01,01:20,DESPISTE,1,4,1.0,LA LIBERTAD,SANCHEZ CARRION,SARTIMBAMBA,RURAL,CARRETERA,NACIONAL,PE-10B,-7.522421,-77.730014,DESPEJADO,RURAL,TRAMO RECTO,PLANA ,TROCHA,,,,,EN PROCESO DE INVESTIGACIÓN,NO CUENTA CON CAUSA ESPECIFICA,1
A-2022-12-55,2022-12-01,06:20,DESPISTE,1,1,1.0,HUANUCO,LEONCIO PRADO,HERMILIO VALDIZAN,URBANA,CARRETERA,NACIONAL,PE-5N,-9.168768,-75.965217,DESPEJADO,RESIDENCIAL,TRAMO RECTO,PLANA ,ASFALTADA,,,,,IMPRUDENCIA DEL CONDUCTOR,EXCESO DE VELOCIDAD,6
A-2022-12-218,2022-12-01,09:50,CHOQUE,1,0,,JUNIN,CHANCHAMAYO,PICHANAQUI,RURAL,CARRETERA,NACIONAL,PE-5S,-10.924733571008897,-74.87667399210798,LLUVIOSO,RURAL,TRAMO RECTO,PLANA ,ASFALTADA,,,,,EN PROCESO DE INVESTIGACIÓN,NO CUENTA CON CAUSA ESPECIFICA,9
A-2022-12-197,2022-12-01,20:30,CHOQUE,1,1,2.0,PIURA,MORROPON,LA MATANZA,RURAL,CARRETERA,NACIONAL,PE-02A,-5.230776,-80.049811,DESPEJADO,RURAL,TRAMO RECTO,PLANA ,ASFALTADA,,,,,IMPRUDENCIA DEL CONDUCTOR,CONDUCIR EN ESTADO DE EBRIEDAD Y/O DROGADICCIÓN,20