codigo_siniestro,fecha_siniestro,hora_siniestro,clase_siniestro,cantidad_fallecidos,cantidad_lesionados,cantidad_vehiculos_danados,departamento,provincia,distrito,zona,tipo_via,red_vial,cod_carretera,latitud,longitud,condicion_climatica,zonificacion,caracteristicas_via,perfil_longitudinal_via,superficie_calzada,existe_senal_vertical,clasificacion_senal_vertical_1,clasificacion_senal_vertical_2,existe_senal_horizontal,causa_factor_principal,causa_especifica,hora_del_dia
A-2023-01-8,2023-01-01,19:35,DESPISTE,1,0,1.0,PUNO,YUNGUYO,YUNGUYO,RURAL,CARRETERA,DEPARTAMENTAL,PU-130,-16.28830931265595,-69.0744135791099,DESPEJADO,RURAL,TRAMO RECTO,PLANA ,ASFALTADA,,,,,IMPRUDENCIA DEL CONDUCTOR,OTRO (IMPRUDENCIA DEL CONDUCTOR),19
A-2023-01-6,2023-01-01,22:09,CHOQUE,1,3,2.0,PUNO,PUNO,PAUCARCOLLA,RURAL,CARRETERA,NACIONAL,PE-3S,-15.755179,-70.051617,DESPEJADO,RURAL,CURVA,PLANA ,ASFALTADA,,,,,IMPRUDENCIA DEL CONDUCTOR,CONDUCIR EN ESTADO DE EBRIEDAD Y/O DROGADICCIÓN,22
A-2023-01-120,2023-01-01,22:58,CHOQUE,1,0,2.0,ANCASH,SANTA,COISHCO,URBANA,CARRETERA,NACIONAL,PE-1N,-9.019175,-78.616854,DESPEJADO,RURAL,TRAMO RECTO,PLANA ,CONCRETO,,,,,IMPRUDENCIA DEL CONDUCTOR,INVASIÓN DE CARRIL,22
A-2023-01-157,2023-01-02,00:50,ATROPELLO FUGA,1,0,,LIMA,LIMA,RIMAC,URBANA,CARRETERA,NACIONAL,PE-1N,-12.040883004231532,-77.03392535182245,DESPEJADO,COMERCIAL,TRAMO RECTO,PLANA ,ASFALTADA,,,,,IMPRUDENCIA DEL CONDUCTOR,OTRO (IMPRUDENCIA DEL CONDUCTOR),0
A-2023-01-132,2023-01-02,03:30,ATROPELLO,1,0,,LIMA,LIMA,SAN JUAN DE MIRAFLORES,URBANA,CARRETERA,NACIONAL,PE-1S,-12.162271,-76.981829,DESPEJADO,COMERCIAL,TRAMO RECTO,PLANA ,ASFALTADA,,,,,IMPRUDENCIA DEL PEATÓN,CRUCE INDEBIDO POR LA CALZADA,3
A-2023-01-136,2023-01-02,04:10,CHOQUE,1,0,,LIMA,LIMA,PUENTE PIEDRA,URBANA,CARRETERA,NACIONAL,PE-1N,-11.856181,-77.085165,DESPEJADO,COMERCIAL,TRAMO RECTO,PLANA ,ASFALTADA,,,,,IMPRUDENCIA DEL CONDUCTOR,OTRO (IMPRUDENCIA DEL CONDUCTOR),4
A-2023-01-1,2023-01-02,05:30,CHOQUE FUGA,1,0,1.0,HUANUCO,LEONCIO PRADO,JOSE CRESPO Y CASTILLO,RURAL,CARRETERA,NACIONAL,PE-5N,-8.908303,-76.093992,DESPEJADO,RURAL,TRAMO RECTO,PLANA ,ASFALTADA,SI,REGULADORA (R),,SI,EN PROCESO DE INVESTIGACIÓN,NO CUENTA CON CAUSA ESPECIFICA,5
A-2023-01-5,2023-01-02,12:30,CHOQUE,1,0,2.0,TACNA,TACNA,LA YARADA LOS PALOS,RURAL,CARRETERA,NACIONAL,PE-1SD,-18.118923,-70.375177,DESPEJADO,RURAL,TRAMO RECTO,PLANA ,ASFALTADA,,,,,IMPRUDENCIA DEL CONDUCTOR,CONDUCIR EN ESTADO DE EBRIEDAD Y/O DROGADICCIÓN,12
A-2023-01-3,2023-01-02,14:10,CHOQUE,1,0,2.0,HUANUCO,LEONCIO PRADO,RUPA-RUPA,URBANA,JIRÓN,URBANO,NO CORRESPONDE,-9.303110794197345,-76.00091655326621,DESPEJADO,COMERCIAL,INTERSECCIÓN,PLANA ,CONCRETO,NO,,,SI,IMPRUDENCIA DEL CONDUCTOR,OTRO (IMPRUDENCIA DEL CONDUCTOR),14
A-2023-01-2,2023-01-02,14:30,CHOQUE,1,0,2.0,HUANUCO,MARAÑON,CHOLON,RURAL,CARRETERA,NACIONAL,PE-12A,-8.611078754179244,-76.62656868189325,DESPEJADO,RURAL,CURVA,INCLINADA,AFIRMADO,,,,,EN PROCESO DE INVESTIGACIÓN,NO CUENTA CON CAUSA ESPECIFICA,14
A-2023-01-69,2023-01-02,19:00,CHOQUE,1,3,2.0,CUSCO,CANAS,LAYO,RURAL,CARRETERA,NACIONAL,PE-3S,-14.45243,-71.07294,DESPEJADO,RURAL,TRAMO RECTO,PLANA ,ASFALTADA,SI,PREVENTIVA (P),,SI,IMPRUDENCIA DEL CONDUCTOR,EXCESO DE VELOCIDAD,19
A-2023-01-30,2023-01-02,19:20,CHOQUE,1,1,2.0,CUSCO,URUBAMBA,YUCAY,RURAL,CARRETERA,NACIONAL,PE-28B,-13.329805040296536,-72.07244714749359,DESPEJADO,RURAL,TRAMO RECTO,PLANA ,ASFALTADA,,,,,IMPRUDENCIA DEL CONDUCTOR,OTRO (IMPRUDENCIA DEL CONDUCTOR),19
A-2023-01-29,2023-01-03,05:30,ATROPELLO,1,0,2.0,LA LIBERTAD,TRUJILLO,HUANCHACO,RURAL,CARRETERA,SIN CLASIFICAR,SIN CLASIFICAR,-8.009822,-79.048239,DESPEJADO,COMERCIAL,TRAMO RECTO,PLANA ,CONCRETO,,,,,IMPRUDENCIA DEL CONDUCTOR,OTRO (IMPRUDENCIA DEL CONDUCTOR),5
A-2023-01-133,2023-01-03,11:00,ATROPELLO,1,0,,LIMA,LIMA,COMAS,URBANA,JIRÓN,URBANO,NO CORRESPONDE,-11.93560076,-77.05045653,DESPEJADO,RESIDENCIAL,TRAMO RECTO,PLANA ,ASFALTADA,NO,,,SI,IMPRUDENCIA DEL PEATÓN,OTRO (IMPRUDENCIA DEL PEATÓN),11
A-2023-01-134,2023-01-04,04:30,CHOQUE,1,0,,LIMA,LIMA,SANTIAGO DE SURCO,URBANA,CARRETERA,NACIONAL,PE-1S,-12.131482,-76.978481,DESPEJADO,COMERCIAL,TRAMO RECTO,PLANA ,ASFALTADA,,,,,IMPRUDENCIA DEL CONDUCTOR,OTRO (IMPRUDENCIA DEL CONDUCTOR),4
A-2023-01-115,2023-01-04,11:30,CAÍDA DE PASAJERO,1,0,0.0,PIURA,PIURA,LA ARENA,URBANA,CARRETERA,PROVINCIAL,PI-1011,-5.3148116,-80.713105,DESPEJADO,RURAL,TRAMO RECTO,PLANA ,ASFALTADA,,,,,IMPRUDENCIA DEL CONDUCTOR,OTRO (IMPRUDENCIA DEL CONDUCTOR),11
A-2023-01-4,2023-01-04,17:30,ATROPELLO,1,0,1.0,HUANUCO,LEONCIO PRADO,PUEBLO NUEVO,RURAL,CARRETERA,NACIONAL,PE-5N,-9.089441171810178,-76.0609985078864,DESPEJADO,RURAL,TRAMO RECTO,PLANA ,ASFALTADA,,,,,EN PROCESO DE INVESTIGACIÓN,NO CUENTA CON CAUSA ESPECIFICA,17
A-2023-01-18,2023-01-04,19:00,DESPISTE,1,0,1.0,HUANCAVELICA,ANGARAES,LIRCAY,RURAL,CARRETERA,DEPARTAMENTAL,HV-116,-13.0339453612334,-74.7998877037061,DESPEJADO,RURAL,TRAMO RECTO,INCLINADA,AFIRMADO,,,,,EN PROCESO DE INVESTIGACIÓN,NO CUENTA CON CAUSA ESPECIFICA,19
A-2023-01-116,2023-01-04,21:10,DESPISTE,1,0,1.0,PIURA,PIURA,PIURA,URBANA,AVENIDA,URBANO,NO CORRESPONDE,-5.181645,-80.640006,DESPEJADO,COMERCIAL,INTERSECCIÓN,PLANA ,ASFALTADA,,,,,IMPRUDENCIA DEL CONDUCTOR,CONDUCIR EN ESTADO DE EBRIEDAD Y/O DROGADICCIÓN,21
A-2023-01-61,2023-01-05,20:44,ATROPELLO FUGA,1,0,0.0,JUNIN,HUANCAYO,SAÑO,URBANA,CARRETERA,NACIONAL,PE-3S,-11.96927,-75.269729,DESPEJADO,COMERCIAL,TRAMO RECTO,INCLINADA,ASFALTADA,,,,,IMPRUDENCIA DEL PEATÓN,ESTADO DE EBRIEDAD Y/O DROGADICCIÓN,20
A-2023-01-353,2023-01-06,07:30,ATROPELLO,1,0,1.0,LIMA,BARRANCA,SUPE PUERTO,URBANA,CARRETERA,NACIONAL,PE-1N,-10.7795219583702,-77.7184361835695,DESPEJADO,INDUSTRIAL,TRAMO RECTO,PLANA ,ASFALTADA,,,,,IMPRUDENCIA DEL CONDUCTOR,OTRO (IMPRUDENCIA DEL CONDUCTOR),7
A-2023-01-77,2023-01-06,20:00,CHOQUE CON OBJETO FIJO,1,2,5.0,CAJAMARCA,SAN IGNACIO,SAN IGNACIO,URBANA,AVENIDA,URBANO,NO CORRESPONDE,-5.14076333,-78.999626167,SOLEADO,RESIDENCIAL,TRAMO RECTO,INCLINADA,ASFALTADA,,,,,NEGLIGENCIA DEL CONDUCTOR,CONDUCIR CON FALLAS DE FRENOS,20
A-2023-01-347,2023-01-07,04:40,ATROPELLO,1,0,,LIMA,LIMA,CARABAYLLO,URBANA,AVENIDA,URBANO,NO CORRESPONDE,-11.89564768,-77.02957181,DESPEJADO,COMERCIAL,INTERSECCIÓN,INCLINADA,ASFALTADA,,,,,IMPRUDENCIA DEL CONDUCTOR,OTRO (IMPRUDENCIA DEL CONDUCTOR),4
A-2023-01-119,2023-01-07,06:15,ATROPELLO,1,0,1.0,PIURA,PIURA,CATACAOS,URBANA,CARRETERA,NACIONAL,PE-1NK,-5.243447,-80.649673,DESPEJADO,COMERCIAL,TRAMO RECTO,PLANA ,ASFALTADA,,,,,IMPRUDENCIA DEL CONDUCTOR,INVASIÓN DE CARRIL,6
A-2023-01-34,2023-01-07,14:00,DESPISTE,7,3,1.0,ANCASH,SIHUAS,SIHUAS,RURAL,CARRETERA,NACIONAL,PE-12A,-8.555527568174606,-77.63024466024649,DESPEJADO,RURAL,CURVA,PLANA ,ASFALTADA,,,,,EN PROCESO DE INVESTIGACIÓN,NO CUENTA CON CAUSA ESPECIFICA,14
A-2023-01-76,2023-01-07,20:00,CHOQUE,1,0,2.0,CAJAMARCA,CAJAMARCA,LLACANORA,RURAL,CARRETERA,NACIONAL,PE-3N,-7.207936,-78.393538,DESPEJADO,RURAL,CURVA,INCLINADA,ASFALTADA,SI,REGULADORA (R),PREVENTIVA (P),SI,EN PROCESO DE INVESTIGACIÓN,NO CUENTA CON CAUSA ESPECIFICA,20
A-2023-01-10,2023-01-08,07:10,CHOQUE,1,0,2.0,PUNO,PUNO,PUNO,URBANA,JIRÓN,URBANO,NO CORRESPONDE,-15.8463798,-70.0233266,DESPEJADO,COMERCIAL,OTRO,PLANA ,ASFALTADA,,,,,IMPRUDENCIA DEL CONDUCTOR,OTRO (IMPRUDENCIA DEL CONDUCTOR),7
A-2023-01-135,2023-01-08,10:00,ATROPELLO,1,1,,LIMA,LIMA,CIENEGUILLA,URBANA,AVENIDA,URBANO,NO CORRESPONDE,-12.08735903,-76.86337844,DESPEJADO,COMERCIAL,TRAMO RECTO,PLANA ,ASFALTADA,,,,,EN PROCESO DE INVESTIGACIÓN,NO CUENTA CON CAUSA ESPECIFICA,10
A-2023-01-38,2023-01-08,10:50,CHOQUE,1,0,2.0,LA LIBERTAD,PACASMAYO,PACASMAYO,URBANA,AVENIDA,URBANO,NO CORRESPONDE,-7.412962230806217,-79.56325653905785,DESPEJADO,COMERCIAL,INTERSECCIÓN,PLANA ,ASFALTADA,,,,,IMPRUDENCIA DEL CONDUCTOR,EXCESO DE VELOCIDAD,10
A-2023-01-14,2023-01-08,15:05,VOLCADURA,1,0,1.0,AREQUIPA,ISLAY,ISLAY,RURAL,CARRETERA,NACIONAL,PE-34,-16.963416,-72.056223,DESPEJADO,RURAL,CURVA,PLANA ,ASFALTADA,NO,,,SI,EN PROCESO DE INVESTIGACIÓN,NO CUENTA CON CAUSA ESPECIFICA,15
A-2023-01-40,2023-01-08,18:00,DESPISTE,1,5,1.0,LA LIBERTAD,ASCOPE,CHOCOPE,RURAL,CARRETERA,NACIONAL,PE-1N,-7.7883674,-79.2343937,DESPEJADO,RURAL,TRAMO RECTO,PLANA ,ASFALTADA,,,,,EN PROCESO DE INVESTIGACIÓN,NO CUENTA CON CAUSA ESPECIFICA,18
A-2023-01-354,2023-01-10,06:30,DESPISTE,1,2,,JUNIN,CHANCHAMAYO,PERENE,RURAL,CARRETERA,NACIONAL,PE-5S,-10.9322421968806,-75.1413398635242,,,,,,,,,,EN PROCESO DE INVESTIGACIÓN,NO CUENTA CON CAUSA ESPECIFICA,6
A-2023-01-88,2023-01-10,07:30,CHOQUE,1,0,2.0,LAMBAYEQUE,CHICLAYO,TUMAN,RURAL,CARRETERA,PROVINCIAL,LA-760,-6.7847904,-79.6857552,DESPEJADO,RURAL,TRAMO RECTO,PLANA ,ASFALTADA,,,,,EN PROCESO DE INVESTIGACIÓN,NO CUENTA CON CAUSA ESPECIFICA,7
A-2023-01-101,2023-01-10,08:00,DESPISTE,1,3,1.0,JUNIN,YAULI,MOROCOCHA,RURAL,CARRETERA,NACIONAL,PE-22,-11.5905703206316,-76.0732114912677,DESPEJADO,RURAL,TRAMO RECTO,INCLINADA,ASFALTADA,SI,REGULADORA (R),PREVENTIVA (P),SI,EN PROCESO DE INVESTIGACIÓN,NO CUENTA CON CAUSA ESPECIFICA,8
A-2023-01-55,2023-01-11,01:50,ATROPELLO FUGA,1,0,,AREQUIPA,AREQUIPA,CERRO COLORADO,URBANA,CARRETERA,NACIONAL,PE-34A,-16.34020780458742,-71.58874609128446,DESPEJADO,COMERCIAL,PUENTE,PLANA ,ASFALTADA,NO,,,SI,EN PROCESO DE INVESTIGACIÓN,NO CUENTA CON CAUSA ESPECIFICA,1
A-2023-01-41,2023-01-11,02:30,DESPISTE,1,0,1.0,LA LIBERTAD,VIRU,VIRU,URBANA,CARRETERA,PROVINCIAL,LI-1150,-8.421435,-78.77558,DESPEJADO,COMERCIAL,TRAMO RECTO,PLANA ,ASFALTADA,,,,,IMPRUDENCIA DEL CONDUCTOR,OTRO (IMPRUDENCIA DEL CONDUCTOR),2
A-2023-01-67,2023-01-11,19:00,CHOQUE,1,1,2.0,CUSCO,PAUCARTAMBO,KOSÑIPATA,RURAL,CARRETERA,DEPARTAMENTAL,CU-111,-12.97808,-71.46652,DESPEJADO,RURAL,TRAMO RECTO,PLANA ,AFIRMADO,,,,,IMPRUDENCIA DEL CONDUCTOR,CONDUCIR EN ESTADO DE EBRIEDAD Y/O DROGADICCIÓN,19
A-2023-01-93,2023-01-11,20:00,CHOQUE,1,2,2.0,CAJAMARCA,JAEN,BELLAVISTA,RURAL,CARRETERA,NACIONAL,PE-5N,-5.54959636459341,-78.810569156061,DESPEJADO,RURAL,TRAMO RECTO,PLANA ,ASFALTADA,,,,,EN PROCESO DE INVESTIGACIÓN,NO CUENTA CON CAUSA ESPECIFICA,20
A-2023-01-137,2023-01-12,04:45,CHOQUE,1,0,,LIMA,LIMA,LIMA,URBANA,AVENIDA,URBANO,NO CORRESPONDE,-12.07950923,-77.03402284,DESPEJADO,COMERCIAL,INTERSECCIÓN,PLANA ,ASFALTADA,SI,INFORMATIVA (I),REGULADORA (R),SI,NEGLIGENCIA DEL CONDUCTOR,OTRO (NEGLIGENCIA DEL CONDUCTOR),4
A-2023-01-19,2023-01-12,04:45,DESPISTE,2,1,1.0,HUANUCO,LEONCIO PRADO,JOSE CRESPO Y CASTILLO,RURAL,CARRETERA,NACIONAL,PE-5N,-8.861548183357028,-76.1040314029657,DESPEJADO,RURAL,CURVA,PLANA ,ASFALTADA,SI,PREVENTIVA (P),,SI,EN PROCESO DE INVESTIGACIÓN,NO CUENTA CON CAUSA ESPECIFICA,4
A-2023-01-125,2023-01-12,15:15,ATROPELLO,1,0,1.0,ICA,CHINCHA,PUEBLO NUEVO,URBANA,AVENIDA,URBANO,NO CORRESPONDE,-13.407661,-76.131825,DESPEJADO,RESIDENCIAL,INTERSECCIÓN,PLANA ,ASFALTADA,SI,INFORMATIVA (I),,NO,IMPRUDENCIA DEL CONDUCTOR,NO ESTABLECER EL DERECHO DE PASO,15
A-2023-01-111,2023-01-12,17:00,ATROPELLO,1,0,,HUANUCO,HUANUCO,AMARILIS,URBANA,CARRETERA,NACIONAL,PE-18A,-9.944877832863565,-76.24018227990604,DESPEJADO,COMERCIAL,TRAMO RECTO,PLANA ,ASFALTADA,,,,,IMPRUDENCIA DEL CONDUCTOR,EXCESO DE VELOCIDAD,17
A-2023-01-74,2023-01-12,17:30,DESPISTE,1,0,1.0,JUNIN,CONCEPCION,SAN JOSE DE QUERO,RURAL,CARRETERA,PROVINCIAL,JU-787,-12.108402,-75.630951,NUBLADO,RURAL,CURVA,PLANA ,AFIRMADO,,,,,NEGLIGENCIA DEL CONDUCTOR,OTRO (NEGLIGENCIA DEL CONDUCTOR),17
A-2023-01-124,2023-01-12,22:30,CHOQUE,4,5,3.0,PIURA,PIURA,EL TALLAN,URBANA,CARRETERA,NACIONAL,PE-1N,-5.45404133454041,-80.6067177147605,DESPEJADO,RURAL,TRAMO RECTO,PLANA ,ASFALTADA,SI,REGULADORA (R),REGULADORA (R),NO,IMPRUDENCIA DEL CONDUCTOR,EXCESO DE VELOCIDAD,22
A-2023-01-92,2023-01-13,05:30,ATROPELLO,1,0,0.0,LAMBAYEQUE,LAMBAYEQUE,OLMOS,RURAL,OTRO,URBANO,NO CORRESPONDE,-5.9871619,-79.7457048,DESPEJADO,COMERCIAL,TRAMO RECTO,PLANA ,ASFALTADA,,,,,EN PROCESO DE INVESTIGACIÓN,NO CUENTA CON CAUSA ESPECIFICA,5
A-2023-01-348,2023-01-13,06:00,CHOQUE,1,0,,LIMA,LIMA,LOS OLIVOS,URBANA,AVENIDA,URBANO,NO CORRESPONDE,-11.98325181,-77.07839425,DESPEJADO,COMERCIAL,INTERSECCIÓN,PLANA ,ASFALTADA,SI,PREVENTIVA (P),PREVENTIVA (P),SI,IMPRUDENCIA DEL CONDUCTOR,OTRO (IMPRUDENCIA DEL CONDUCTOR),6
A-2023-01-78,2023-01-13,19:40,CHOQUE,1,2,2.0,CAJAMARCA,CAJAMARCA,LLACANORA,RURAL,CARRETERA,PROVINCIAL,CA-1459,-7.211734,-78.440499,DESPEJADO,RURAL,TRAMO RECTO,PLANA ,ASFALTADA,NO,,,SI,EN PROCESO DE INVESTIGACIÓN,NO CUENTA CON CAUSA ESPECIFICA,19
A-2023-01-112,2023-01-13,19:45,ATROPELLO,1,0,,HUANUCO,HUANUCO,CHINCHAO,RURAL,CARRETERA,NACIONAL,PE-18A,-9.630918,-76.06591,DESPEJADO,RURAL,CURVA,INCLINADA,ASFALTADA,,,,,IMPRUDENCIA DEL CONDUCTOR,EXCESO DE VELOCIDAD,19
A-2023-01-138,2023-01-14,01:15,DESPISTE,1,0,,LIMA,LIMA,COMAS,URBANA,AVENIDA,URBANO,NO CORRESPONDE,-11.91191856,-77.03862173,DESPEJADO,COMERCIAL,TRAMO RECTO,PLANA ,ASFALTADA,,,,,IMPRUDENCIA DEL CONDUCTOR,CONDUCIR EN ESTADO DE EBRIEDAD Y/O DROGADICCIÓN,1
A-2023-01-70,2023-01-14,01:40,ATROPELLO,1,0,1.0,LIMA,HUAURA,VEGUETA,RURAL,CARRETERA,NACIONAL,PE-1N,-11.00132,-77.61942,DESPEJADO,RURAL,TRAMO RECTO,PLANA ,ASFALTADA,SI,REGULADORA (R),,NO,IMPRUDENCIA DEL PEATÓN,CRUCE INDEBIDO POR LA CALZADA,1
A-2023-01-16,2023-01-14,05:00,DESPISTE,1,0,1.0,PUNO,PUNO,PUNO,RURAL,CARRETERA,PROVINCIAL,AR-724,-15.878851357965784,-70.00608987179244,DESPEJADO,RURAL,TRAMO RECTO,INCLINADA,TROCHA,,,,,IMPRUDENCIA DEL CONDUCTOR,OTRO (IMPRUDENCIA DEL CONDUCTOR),5
A-2023-01-58,2023-01-14,05:30,CHOQUE,1,0,2.0,AREQUIPA,AREQUIPA,CERRO COLORADO,URBANA,CARRETERA,NACIONAL,PE-34A,-16.346681,-71.581686,DESPEJADO,COMERCIAL,TRAMO RECTO,INCLINADA,ASFALTADA,NO,,,SI,EN PROCESO DE INVESTIGACIÓN,NO CUENTA CON CAUSA ESPECIFICA,5
A-2023-01-90,2023-01-14,06:20,CHOQUE,1,0,2.0,LAMBAYEQUE,CHICLAYO,CHICLAYO,URBANA,AVENIDA,URBANO,NO CORRESPONDE,-6.7879366,-79.870403,SOLEADO,RESIDENCIAL,TRAMO RECTO,PLANA ,ASFALTADA,,,,,EN PROCESO DE INVESTIGACIÓN,NO CUENTA CON CAUSA ESPECIFICA,6
A-2023-01-80,2023-01-15,01:00,DESPISTE,1,0,1.0,CAJAMARCA,SAN MIGUEL,SAN GREGORIO,RURAL,CARRETERA,DEPARTAMENTAL,CA-100,-7.053936,-79.093398,SOLEADO,RURAL,CURVA,INCLINADA,AFIRMADO,,,,,IMPRUDENCIA DEL CONDUCTOR,EXCESO DE VELOCIDAD,1
A-2023-01-117,2023-01-15,02:57,DESPISTE,1,0,1.0,PIURA,PIURA,PIURA,RURAL,CARRETERA,NACIONAL,PE-1N,-5.0411083,-80.701613,DESPEJADO,RURAL,TRAMO RECTO,PLANA ,ASFALTADA,,,,,IMPRUDENCIA DEL CONDUCTOR,EXCESO DE VELOCIDAD,2
A-2023-01-89,2023-01-15,03:20,DESPISTE,1,1,1.0,LAMBAYEQUE,CHICLAYO,REQUE,RURAL,CARRETERA,SIN CLASIFICAR,SIN CLASIFICAR,-6.837588,-79.7952347,DESPEJADO,RURAL,CURVA,PLANA ,ASFALTADA,,,,,EN PROCESO DE INVESTIGACIÓN,NO CUENTA CON CAUSA ESPECIFICA,3
A-2023-01-17,2023-01-15,04:00,DESPISTE,1,0,1.0,SAN MARTIN,MOYOBAMBA,MOYOBAMBA,URBANA,CARRETERA,DEPARTAMENTAL,SM-100,-6.05784,-76.97303,DESPEJADO,RESIDENCIAL,TRAMO RECTO,PLANA ,ASFALTADA,,,,,IMPRUDENCIA DEL CONDUCTOR,OTRO (IMPRUDENCIA DEL CONDUCTOR),4
A-2023-01-79,2023-01-15,05:00,DESPISTE,1,0,1.0,CAJAMARCA,SAN IGNACIO,SAN IGNACIO,RURAL,CARRETERA,PROVINCIAL,CA-533,-5.11145,-79.02149167,LLUVIOSO,RURAL,CURVA,INCLINADA,AFIRMADO,,,,,NEGLIGENCIA DEL CONDUCTOR,OTRO (NEGLIGENCIA DEL CONDUCTOR),5
A-2023-01-13,2023-01-15,12:15,CHOQUE,1,0,2.0,SAN MARTIN,MOYOBAMBA,MOYOBAMBA,RURAL,CARRETERA,NACIONAL,PE-5N,-6.049138,-77.040499,DESPEJADO,RURAL,CURVA,PLANA ,ASFALTADA,,,,,EN PROCESO DE INVESTIGACIÓN,NO CUENTA CON CAUSA ESPECIFICA,12
A-2023-01-21,2023-01-15,19:30,DESPISTE,1,6,1.0,ANCASH,CARHUAZ,SHILLA,RURAL,CARRETERA,DEPARTAMENTAL,AN-107,-9.13454235599561,-77.5390918631431,LLUVIOSO,RURAL,SINUOSA,INCLINADA,ASFALTADA,SI,REGULADORA (R),PREVENTIVA (P),NO,EN PROCESO DE INVESTIGACIÓN,NO CUENTA CON CAUSA ESPECIFICA,19
A-2023-01-71,2023-01-15,20:00,ATROPELLO,1,0,1.0,LIMA,HUAURA,SANTA MARIA,RURAL,CARRETERA,NACIONAL,PE-1N,-11.07643,-77.5829,DESPEJADO,RURAL,TRAMO RECTO,PLANA ,ASFALTADA,SI,REGULADORA (R),,NO,IMPRUDENCIA DEL PEATÓN,CRUCE INDEBIDO POR LA CALZADA,20
A-2023-01-42,2023-01-15,20:30,ATROPELLO FUGA,1,0,,LA LIBERTAD,TRUJILLO,VICTOR LARCO HERRERA,URBANA,CARRETERA,NACIONAL,PE-1N,-8.1408261,-79.0522763,DESPEJADO,INDUSTRIAL,TRAMO RECTO,PLANA ,ASFALTADA,,,,,EN PROCESO DE INVESTIGACIÓN,NO CUENTA CON CAUSA ESPECIFICA,20
A-2023-01-50,2023-01-16,04:00,DESPISTE,3,5,1.0,TACNA,TACNA,TACNA,RURAL,CARRETERA,NACIONAL,PE-1S,-18.226601,-70.324208,DESPEJADO,RURAL,TRAMO RECTO,PLANA ,ASFALTADA,SI,REGULADORA (R),,NO,IMPRUDENCIA DEL CONDUCTOR,CONDUCIR EN ESTADO DE EBRIEDAD Y/O DROGADICCIÓN,4
A-2023-01-126,2023-01-16,15:45,CHOQUE,1,0,,MADRE DE DIOS,TAMBOPATA,TAMBOPATA,RURAL,CARRETERA,NACIONAL,PE-30C,-12.636616,-69.259765,,,,,,,,,,EN PROCESO DE INVESTIGACIÓN,NO CUENTA CON CAUSA ESPECIFICA,15
A-2023-01-43,2023-01-16,22:30,ATROPELLO FUGA,1,0,,LA LIBERTAD,TRUJILLO,LAREDO,RURAL,CARRETERA,NACIONAL,PE-10A,-8.099256,-78.957468,DESPEJADO,RURAL,TRAMO RECTO,PLANA ,ASFALTADA,,,,,IMPRUDENCIA DEL CONDUCTOR,OTRO (IMPRUDENCIA DEL CONDUCTOR),22
A-2023-01-346,2023-01-17,12:35,CHOQUE,1,1,,LIMA,LIMA,VILLA EL SALVADOR,URBANA,AVENIDA,URBANO,NO CORRESPONDE,-12.218472640122307,-76.94555299522678,DESPEJADO,RESIDENCIAL,INTERSECCIÓN,PLANA ,ASFALTADA,,,,,IMPRUDENCIA DEL CONDUCTOR,OTRO (IMPRUDENCIA DEL CONDUCTOR),12
A-2023-01-15,2023-01-17,14:45,DESPISTE,1,0,1.0,AREQUIPA,AREQUIPA,VITOR,URBANA,AVENIDA,URBANO,NO CORRESPONDE,-16.471201,-71.939116,DESPEJADO,RESIDENCIAL,TRAMO RECTO,PLANA ,ASFALTADA,NO,,,SI,EN PROCESO DE INVESTIGACIÓN,NO CUENTA CON CAUSA ESPECIFICA,14
A-2023-01-139,2023-01-17,17:10,CAÍDA DE PASAJERO,1,0,,LIMA,LIMA,PUENTE PIEDRA,URBANA,CARRETERA,NACIONAL,PE-1N,-11.840191,-77.105128,DESPEJADO,COMERCIAL,TRAMO RECTO,PLANA ,ASFALTADA,,,,,IMPRUDENCIA DEL PEATÓN,OTRO (IMPRUDENCIA DEL PEATÓN),17
A-2023-01-140,2023-01-17,23:00,CHOQUE,1,0,,LIMA,LIMA,ANCON,URBANA,CALLE,URBANO,NO CORRESPONDE,-11.7820838,-77.16173524,DESPEJADO,RESIDENCIAL,INTERSECCIÓN,PLANA ,ASFALTADA,,,,,IMPRUDENCIA DEL CONDUCTOR,EXCESO DE VELOCIDAD,23
A-2023-01-141,2023-01-18,06:00,ATROPELLO FUGA,1,0,,LIMA,LIMA,SAN MARTIN DE PORRES,URBANA,AVENIDA,URBANO,NO CORRESPONDE,-12.01553487,-77.0595959,DESPEJADO,COMERCIAL,INTERSECCIÓN,PLANA ,ASFALTADA,SI,PREVENTIVA (P),,NO,EN PROCESO DE INVESTIGACIÓN,NO CUENTA CON CAUSA ESPECIFICA,6
A-2022-01-345,2023-01-18,12:30,CHOQUE,1,0,,LIMA,LIMA,SAN JUAN DE MIRAFLORES,URBANA,CALLE,URBANO,NO CORRESPONDE,-12.18875912,-76.96067432,DESPEJADO,RESIDENCIAL,TRAMO RECTO,PLANA ,ASFALTADA,,,,,IMPRUDENCIA DEL CONDUCTOR,OTRO (IMPRUDENCIA DEL CONDUCTOR),12
A-2023-01-128,2023-01-18,14:50,DESPISTE,1,1,,MADRE DE DIOS,TAMBOPATA,LAS PIEDRAS,RURAL,CARRETERA,NACIONAL,PE-30C,-12.520654,-69.135652,,,,,,,,,,EN PROCESO DE INVESTIGACIÓN,NO CUENTA CON CAUSA ESPECIFICA,14