codigo_siniestro,fecha_siniestro,hora_siniestro,clase_siniestro,cantidad_fallecidos,cantidad_lesionados,cantidad_vehiculos_danados,departamento,provincia,distrito,zona,tipo_via,red_vial,cod_carretera,latitud,longitud,condicion_climatica,zonificacion,caracteristicas_via,perfil_longitudinal_via,superficie_calzada,existe_senal_vertical,clasificacion_senal_vertical_1,clasificacion_senal_vertical_2,existe_senal_horizontal,causa_factor_principal,causa_especifica,hora_del_dia
A-2023-03-46,2023-03-26,12:10,ATROPELLO,1,0,1.0,ANCASH,CARHUAZ,MARCARA,URBANA,CARRETERA,PROVINCIAL,AN-770,-9.328548,-77.553482,DESPEJADO,RURAL,TRAMO RECTO,PLANA ,AFIRMADO,,,,,EN PROCESO DE INVESTIGACIÓN,NO CUENTA CON CAUSA ESPECIFICA,12
A-2023-03-62,2023-03-26,14:00,DESPISTE,1,0,1.0,LA LIBERTAD,TRUJILLO,SIMBAL,RURAL,CARRETERA,DEPARTAMENTAL,LI-105,-7.951816,-78.814501,DESPEJADO,RURAL,TRAMO RECTO,PLANA ,TROCHA,,,,,EN PROCESO DE INVESTIGACIÓN,NO CUENTA CON CAUSA ESPECIFICA,14
A-2023-03-96,2023-03-26,15:30,ATROPELLO FUGA,1,0,0.0,PUNO,CARABAYA,CRUCERO,RURAL,CARRETERA,NACIONAL,PE-34K,-14.31605971863866,-70.17004524564946,DESPEJADO,RURAL,TRAMO RECTO,PLANA ,ASFALTADA,,,,,EN PROCESO DE INVESTIGACIÓN,NO CUENTA CON CAUSA ESPECIFICA,15
A-2023-03-87,2023-03-26,15:50,DESPISTE,1,0,0.0,ICA,ICA,ICA,URBANA,AVENIDA,URBANO,NO CORRESPONDE,-14.0908,-75.743908,DESPEJADO,RESIDENCIAL,INTERSECCIÓN,PLANA ,ASFALTADA,,,,,EN PROCESO DE INVESTIGACIÓN,NO CUENTA CON CAUSA ESPECIFICA,15
A-2023-03-47,2023-03-26,19:30,CHOQUE CON OBJETO FIJO,1,0,,PUNO,YUNGUYO,YUNGUYO,RURAL,CARRETERA,DEPARTAMENTAL,PU-130,-16.252993580378597,-69.11768810700775,DESPEJADO,RURAL,TRAMO RECTO,PLANA ,ASFALTADA,,,,,IMPRUDENCIA DEL CONDUCTOR,OTRO (IMPRUDENCIA DEL CONDUCTOR),19
A-2023-03-48,2023-03-26,20:30,ATROPELLO,1,0,,PUNO,PUNO,PICHACANI,RURAL,CARRETERA,NACIONAL,PE-36B,-16.055244,-70.008579,DESPEJADO,RURAL,TRAMO RECTO,PLANA ,ASFALTADA,,,,,IMPRUDENCIA DEL PEATÓN,CRUCE INDEBIDO POR LA CALZADA,20
A-2023-03-98,2023-03-26,23:15,CHOQUE,1,1,2.0,PUNO,SAN ROMAN,JULIACA,URBANA,AVENIDA,URBANO,NO CORRESPONDE,-15.515985,-70.123188,DESPEJADO,INDUSTRIAL,TRAMO RECTO,PLANA ,ASFALTADA,,,,,IMPRUDENCIA DEL CONDUCTOR,EXCESO DE VELOCIDAD,23
A-2023-03-77,2023-03-27,06:45,ATROPELLO FUGA,1,0,1.0,LAMBAYEQUE,CHICLAYO,CHICLAYO,RURAL,AVENIDA,URBANO,NO CORRESPONDE,-6.7648819,-79.8195543,DESPEJADO,RURAL,TRAMO RECTO,PLANA ,ASFALTADA,,,,,EN PROCESO DE INVESTIGACIÓN,NO CUENTA CON CAUSA ESPECIFICA,6
A-2023-03-51,2023-03-27,12:20,CHOQUE,6,3,2.0,AREQUIPA,CAYLLOMA,CALLALLI,RURAL,CARRETERA,NACIONAL,PE-34J,-15.5074258,-71.0610151,DESPEJADO,RURAL,TRAMO RECTO,PLANA ,ASFALTADA,NO,,,SI,EN PROCESO DE INVESTIGACIÓN,NO CUENTA CON CAUSA ESPECIFICA,12
A-2023-03-109,2023-03-27,17:47,ATROPELLO,1,0,1.0,PASCO,PASCO,CHAUPIMARCA,URBANA,AVENIDA,URBANO,NO CORRESPONDE,-10.687898001055911,-76.25102987244966,DESPEJADO,ESCOLAR,CURVA,PLANA ,ASFALTADA,,,,,NEGLIGENCIA DEL CONDUCTOR,OTRO (NEGLIGENCIA DEL CONDUCTOR),17
A-2023-03-63,2023-03-27,20:50,ATROPELLO,1,0,1.0,LA LIBERTAD,CHEPEN,CHEPEN,RURAL,CARRETERA,NACIONAL,PE-08,-7.307159051327986,-79.3384229904756,DESPEJADO,RURAL,TRAMO RECTO,PLANA ,ASFALTADA,,,,,IMPRUDENCIA DEL PEATÓN,ESTADO DE EBRIEDAD Y/O DROGADICCIÓN,20
A-2023-03-171,2023-03-28,00:40,DESPISTE,1,0,1.0,CAJAMARCA,CELENDIN,UTCO,RURAL,CARRETERA,NACIONAL,PE-3N,-6.84887,-78.115247,DESPEJADO,COMERCIAL,SINUOSA,PLANA ,ASFALTADA,NO,,,SI,IMPRUDENCIA DEL CONDUCTOR,CONDUCIR EN ESTADO DE EBRIEDAD Y/O DROGADICCIÓN,0
A-2023-03-64,2023-03-28,04:00,CHOQUE CON OBJETO FIJO,1,1,1.0,PUNO,EL COLLAO,ILAVE,URBANA,CARRETERA,NACIONAL,PE-3S,-16.077551912456574,-69.65912999116429,DESPEJADO,RURAL,TRAMO RECTO,PLANA ,ASFALTADA,,,,,INFRAESTRUCTURA Y ENTORNO VIAL,OTRO (INFRAESTRUCTURA Y ENTORNO VIAL),4
A-2023-03-157,2023-03-28,07:10,CHOQUE,1,6,,LIMA,LIMA,CARABAYLLO,RURAL,CARRETERA,NACIONAL,PE-20A,-11.789697,-76.982849,DESPEJADO,RURAL,TRAMO RECTO,PLANA ,ASFALTADA,SI,REGULADORA (R),,NO,IMPRUDENCIA DEL CONDUCTOR,OTRO (IMPRUDENCIA DEL CONDUCTOR),7
A-2023-03-88,2023-03-28,08:00,DESPISTE,1,2,1.0,HUANCAVELICA,TAYACAJA,ÑAHUIMPUQUIO,RURAL,CARRETERA,NACIONAL,PE-3SD,-12.304519,-75.051337,SOLEADO,RURAL,CURVA,PLANA ,ASFALTADA,SI,REGULADORA (R),PREVENTIVA (P),NO,EN PROCESO DE INVESTIGACIÓN,NO CUENTA CON CAUSA ESPECIFICA,8
A-2023-03-156,2023-03-28,16:00,ATROPELLO,1,0,,LIMA,LIMA,COMAS,URBANA,CARRETERA,NACIONAL,PE-1N,-11.927892649661825,-77.07262012961597,DESPEJADO,COMERCIAL,TRAMO RECTO,PLANA ,ASFALTADA,,,,,IMPRUDENCIA DEL PEATÓN,OTRO (IMPRUDENCIA DEL PEATÓN),16
A-2023-03-106,2023-03-29,03:00,VOLCADURA,1,0,,APURIMAC,COTABAMBAS,COYLLURQUI,RURAL,CARRETERA,DEPARTAMENTAL,AP-114,-13.808653048158329,-72.42633211810039,,,,,,,,,,EN PROCESO DE INVESTIGACIÓN,NO CUENTA CON CAUSA ESPECIFICA,3
A-2023-03-161,2023-03-29,10:05,ESPECIAL,1,0,1.0,JUNIN,HUANCAYO,SICAYA,RURAL,CARRETERA,NACIONAL,PE-3SB,-12.0309284,-75.2654001,SOLEADO,RURAL,TRAMO RECTO,PLANA ,ASFALTADA,NO,,,SI,INFRAESTRUCTURA Y ENTORNO VIAL,OTRO (INFRAESTRUCTURA Y ENTORNO VIAL),10
A-2023-03-52,2023-03-29,14:30,DESPISTE,1,2,1.0,AREQUIPA,AREQUIPA,CAYMA,URBANA,OTRO,URBANO,NO CORRESPONDE,-16.3002056,-71.5259325,DESPEJADO,RESIDENCIAL,CURVA,INCLINADA,TROCHA,,,,,EN PROCESO DE INVESTIGACIÓN,NO CUENTA CON CAUSA ESPECIFICA,14
A-2023-03-172,2023-03-30,10:30,CHOQUE CON OBJETO FIJO,1,0,1.0,TACNA,TACNA,INCLAN,RURAL,CARRETERA,DEPARTAMENTAL,TA-102,-17.827387,-70.516449,DESPEJADO,RURAL,TRAMO RECTO,PLANA ,ASFALTADA,,,,,IMPRUDENCIA DEL CONDUCTOR,OTRO (IMPRUDENCIA DEL CONDUCTOR),10
A-2023-03-162,2023-03-31,05:00,DESPISTE,1,1,,JUNIN,JAUJA,ACOLLA,RURAL,CARRETERA,NACIONAL,PE-3SA,-11.671501,-75.573306,DESPEJADO,RURAL,CURVA,PLANA ,ASFALTADA,NO,,,SI,IMPRUDENCIA DEL CONDUCTOR,OTRO (IMPRUDENCIA DEL CONDUCTOR),5
A-2023-03-125,2023-03-31,07:00,DESPISTE,1,1,1.0,ICA,CHINCHA,GROCIO PRADO,RURAL,CARRETERA,NACIONAL,PE-1S,-13.352328819001915,-76.22230765071272,DESPEJADO,RURAL,TRAMO RECTO,PLANA ,ASFALTADA,,,,,EN PROCESO DE INVESTIGACIÓN,NO CUENTA CON CAUSA ESPECIFICA,7
A-2023-03-158,2023-03-31,12:30,CHOQUE,1,0,,LIMA,LIMA,SAN BORJA,URBANA,CARRETERA,NACIONAL,PE-1S,-12.109276,-76.978491,DESPEJADO,RESIDENCIAL,TRAMO RECTO,PLANA ,ASFALTADA,,,,,IMPRUDENCIA DEL CONDUCTOR,OTRO (IMPRUDENCIA DEL CONDUCTOR),12
A-2023-03-65,2023-03-31,19:00,ATROPELLO,1,0,1.0,AREQUIPA,AREQUIPA,LA JOYA,URBANA,CARRETERA,NACIONAL,PE-1S,-16.496820032482,-71.8362456946931,DESPEJADO,COMERCIAL,TRAMO RECTO,PLANA ,ASFALTADA,NO,,,SI,EN PROCESO DE INVESTIGACIÓN,NO CUENTA CON CAUSA ESPECIFICA,19
A-2023-04-1,2023-04-01,16:30,CHOQUE,1,0,,ANCASH,RECUAY,CATAC,URBANA,CARRETERA,DEPARTAMENTAL,AN-110,-9.802512580358076,-77.43088802901988,NUBLADO,COMERCIAL,TRAMO RECTO,PLANA ,ASFALTADA,SI,REGULADORA (R),,SI,EN PROCESO DE INVESTIGACIÓN,NO CUENTA CON CAUSA ESPECIFICA,16
A-2023-04-13,2023-04-01,16:30,CHOQUE,1,0,2.0,ICA,ICA,ICA,URBANA,AVENIDA,URBANO,NO CORRESPONDE,-14.0663842,-75.735408,DESPEJADO,ESCOLAR,INTERSECCIÓN,PLANA ,ASFALTADA,,,,,EN PROCESO DE INVESTIGACIÓN,NO CUENTA CON CAUSA ESPECIFICA,16
A-2023-04-67,2023-04-01,18:00,CHOQUE FUGA,1,0,1.0,LA LIBERTAD,VIRU,VIRU,URBANA,CARRETERA,NACIONAL,PE-1N,-8.432932,-78.771482,DESPEJADO,COMERCIAL,TRAMO RECTO,PLANA ,ASFALTADA,,,,,IMPRUDENCIA DEL CONDUCTOR,GIRAR IMPRUDENTEMENTE,18
A-2023-04-7,2023-04-01,19:20,ATROPELLO FUGA,1,0,1.0,AREQUIPA,AREQUIPA,LA JOYA,URBANA,CARRETERA,PROVINCIAL,AR-722,-16.4456089,-71.8256284,DESPEJADO,RESIDENCIAL,TRAMO RECTO,PLANA ,ASFALTADA,NO,,,SI,EN PROCESO DE INVESTIGACIÓN,NO CUENTA CON CAUSA ESPECIFICA,19
A-2023-04-140,2023-04-01,20:50,ATROPELLO FUGA,1,1,,LIMA,LIMA,SURQUILLO,URBANA,AVENIDA,URBANO,NO CORRESPONDE,-12.113598546581429,-76.99475546746805,DESPEJADO,RESIDENCIAL,TRAMO RECTO,PLANA ,ASFALTADA,,,,,EN PROCESO DE INVESTIGACIÓN,NO CUENTA CON CAUSA ESPECIFICA,20
A-2023-04-139,2023-04-01,22:20,ATROPELLO,1,0,,LIMA,LIMA,LURIN,URBANA,CARRETERA,NACIONAL,PE-1S,-12.285617,-76.874719,DESPEJADO,COMERCIAL,TRAMO RECTO,PLANA ,ASFALTADA,,,,,IMPRUDENCIA DEL PEATÓN,CRUCE INDEBIDO POR LA CALZADA,22
A-2023-04-98,2023-04-02,01:00,VOLCADURA,1,1,,APURIMAC,COTABAMBAS,COYLLURQUI,RURAL,CARRETERA,DEPARTAMENTAL,AP-114,-13.817681700254832,-72.43146343720136,,,,,,,,,,EN PROCESO DE INVESTIGACIÓN,NO CUENTA CON CAUSA ESPECIFICA,1
A-2023-04-117,2023-04-02,01:15,DESPISTE,1,5,1.0,JUNIN,YAULI,PACCHA,URBANA,CARRETERA,NACIONAL,PE-3N,-11.4451984965114,-75.94448454958057,DESPEJADO,RURAL,SINUOSA,PLANA ,ASFALTADA,NO,,,SI,IMPRUDENCIA DEL CONDUCTOR,ADELANTAR INDEBIDAMENTE,1
A-2023-04-142,2023-04-02,04:00,ATROPELLO FUGA,1,0,,LIMA,LIMA,PUNTA HERMOSA,URBANA,CARRETERA,NACIONAL,PE-1S,-12.316674301303449,-76.83106026157697,DESPEJADO,RURAL,TRAMO RECTO,PLANA ,ASFALTADA,,,,,EN PROCESO DE INVESTIGACIÓN,NO CUENTA CON CAUSA ESPECIFICA,4
A-2023-04-76,2023-04-02,07:00,CHOQUE,1,0,,LA LIBERTAD,TRUJILLO,LA ESPERANZA,URBANA,AVENIDA,URBANO,NO CORRESPONDE,-8.048679979442273,-79.05670520184977,DESPEJADO,COMERCIAL,TRAMO RECTO,PLANA ,ASFALTADA,,,,,IMPRUDENCIA DEL CONDUCTOR,OTRO (IMPRUDENCIA DEL CONDUCTOR),7
A-2023-04-145,2023-04-02,07:30,CHOQUE FUGA,1,0,,LIMA,LIMA,LURIGANCHO,RURAL,CARRETERA,NACIONAL,PE-22,-12.021318,-76.930528,DESPEJADO,RURAL,TRAMO RECTO,PLANA ,ASFALTADA,,,,,IMPRUDENCIA DEL CONDUCTOR,NO ESTABLECER EL DERECHO DE PASO,7
A-2023-04-179,2023-04-02,08:20,DESPISTE,6,0,,JUNIN,CHANCHAMAYO,CHANCHAMAYO,URBANA,CARRETERA,NACIONAL,PE-22B,-10.99374459767851,-75.31295830401066,,,,,,,,,,EN PROCESO DE INVESTIGACIÓN,NO CUENTA CON CAUSA ESPECIFICA,8
A-2023-04-165,2023-04-02,09:00,CHOQUE,1,1,2.0,AYACUCHO,CANGALLO,LOS MOROCHUCOS,RURAL,CARRETERA,SIN CLASIFICAR,SIN CLASIFICAR,-13.5413415292096,-74.2121665723896,DESPEJADO,RURAL,CURVA,INCLINADA,ASFALTADA,SI,REGULADORA (R),PREVENTIVA (P),NO,IMPRUDENCIA DEL CONDUCTOR,INVASIÓN DE CARRIL,9
A-2023-04-141,2023-04-02,11:45,ATROPELLO,1,0,,LIMA,LIMA,COMAS,URBANA,AVENIDA,URBANO,NO CORRESPONDE,-11.957287243185698,-77.05289503640583,DESPEJADO,COMERCIAL,TRAMO RECTO,PLANA ,ASFALTADA,,,,,EN PROCESO DE INVESTIGACIÓN,NO CUENTA CON CAUSA ESPECIFICA,11
A-2023-04-158,2023-04-02,17:25,ATROPELLO,1,0,,JUNIN,HUANCAYO,CHILCA,URBANA,AVENIDA,URBANO,NO CORRESPONDE,-12.08333249413798,-75.21245656218369,SOLEADO,RURAL,INTERSECCIÓN,PLANA ,ASFALTADA,NO,,,SI,IMPRUDENCIA DEL PEATÓN,CRUCE INDEBIDO POR LA CALZADA,17
A-2023-04-104,2023-04-02,20:30,CHOQUE,1,2,2.0,HUANUCO,HUAMALIES,MONZON,RURAL,CARRETERA,NACIONAL,PE-14A,-9.209372976011164,-76.14696421911982,DESPEJADO,RURAL,TRAMO RECTO,PLANA ,ASFALTADA,SI,PREVENTIVA (P),,NO,IMPRUDENCIA DEL CONDUCTOR,CONDUCIR EN ESTADO DE EBRIEDAD Y/O DROGADICCIÓN,20
A-2023-04-63,2023-04-02,21:50,ATROPELLO,1,1,1.0,LIMA,HUAURA,VEGUETA,URBANA,CARRETERA,NACIONAL,PE-1N,-10.92414,-77.65299,DESPEJADO,RESIDENCIAL,TRAMO RECTO,PLANA ,ASFALTADA,SI,REGULADORA (R),INFORMATIVA (I),NO,IMPRUDENCIA DEL CONDUCTOR,EXCESO DE VELOCIDAD,21
A-2023-04-180,2023-04-02,22:40,ATROPELLO FUGA,1,0,,JUNIN,CHANCHAMAYO,SAN RAMON,,CARRETERA,NACIONAL,PE-22B,-11.124648509846644,-75.35769246705271,,,,,,,,,,EN PROCESO DE INVESTIGACIÓN,NO CUENTA CON CAUSA ESPECIFICA,22
A-2023-04-2,2023-04-03,02:50,CHOQUE,1,0,,PUNO,EL COLLAO,ILAVE,RURAL,CARRETERA,NACIONAL,PE-3S,-16.173728959368795,-69.53539959576443,DESPEJADO,RURAL,TRAMO RECTO,PLANA ,ASFALTADA,,,,,IMPRUDENCIA DEL CONDUCTOR,EXCESO DE VELOCIDAD,2
A-2023-04-147,2023-04-03,06:50,CHOQUE,1,0,,LIMA,LIMA,MAGDALENA DEL MAR,URBANA,OTRO,URBANO,NO CORRESPONDE,-12.097690075769856,-77.07298478904971,DESPEJADO,COMERCIAL,TRAMO RECTO,PLANA ,ASFALTADA,,,,,IMPRUDENCIA DEL CONDUCTOR,CONDUCIR EN ESTADO DE EBRIEDAD Y/O DROGADICCIÓN,6
A-2023-04-79,2023-04-03,18:00,CHOQUE,2,1,2.0,LA LIBERTAD,SANTIAGO DE CHUCO,QUIRUVILCA,RURAL,CARRETERA,NACIONAL,PE-10A,-8.009781446893705,-78.33764790792301,DESPEJADO,RURAL,TRAMO RECTO,PLANA ,ASFALTADA,,,,,EN PROCESO DE INVESTIGACIÓN,NO CUENTA CON CAUSA ESPECIFICA,18
A-2023-04-108,2023-04-03,18:30,DESPISTE,1,1,1.0,PIURA,PIURA,CASTILLA,RURAL,CARRETERA,NACIONAL,PE-1NJ,-5.167527,-80.530208,DESPEJADO,RURAL,TRAMO RECTO,PLANA ,ASFALTADA,,,,,IMPRUDENCIA DEL CONDUCTOR,EXCESO DE VELOCIDAD,18
A-2023-04-49,2023-04-04,19:20,ATROPELLO,1,0,1.0,CUSCO,CUSCO,CUSCO,URBANA,CARRETERA,NACIONAL,PE-3S,-13.50731,-71.99928,LLUVIOSO,RESIDENCIAL,CURVA,INCLINADA,ASFALTADA,SI,PREVENTIVA (P),,SI,IMPRUDENCIA DEL CONDUCTOR,EXCESO DE VELOCIDAD,19
A-2023-04-65,2023-04-04,20:20,CHOQUE,1,0,1.0,LIMA,HUAURA,SAYAN,RURAL,CARRETERA,PROVINCIAL,LM-659,-11.224487471941933,-77.40246346063294,DESPEJADO,RURAL,TRAMO RECTO,PLANA ,ASFALTADA,,,,,IMPRUDENCIA DEL CONDUCTOR,INVASIÓN DE CARRIL,20
A-2023-04-166,2023-04-05,00:20,CHOQUE,1,1,2.0,AYACUCHO,HUAMANGA,SAN JUAN BAUTISTA,URBANA,CARRETERA,NACIONAL,PE-3S,-13.1870753,-74.2081645,DESPEJADO,RESIDENCIAL,CURVA,INCLINADA,ASFALTADA,SI,PREVENTIVA (P),,NO,IMPRUDENCIA DEL CONDUCTOR,CONDUCIR EN ESTADO DE EBRIEDAD Y/O DROGADICCIÓN,0
A-2023-04-172,2023-04-05,05:30,ESPECIAL,1,1,1.0,CAJAMARCA,CONTUMAZA,YONAN,URBANA,CARRETERA,NACIONAL,PE-08,-7.251452,-79.127976,LLUVIOSO,COMERCIAL,TRAMO RECTO,INCLINADA,CONCRETO,SI,PREVENTIVA (P),,SI,INFRAESTRUCTURA Y ENTORNO VIAL,FACTOR AMBIENTAL,5
A-2023-04-173,2023-04-05,06:00,ESPECIAL,2,1,1.0,CAJAMARCA,CONTUMAZA,YONAN,RURAL,CARRETERA,NACIONAL,PE-08,-7.221245,-79.160288,LLUVIOSO,COMERCIAL,CURVA,PLANA ,ASFALTADA,SI,PREVENTIVA (P),,SI,INFRAESTRUCTURA Y ENTORNO VIAL,FACTOR AMBIENTAL,6
A-2023-04-25,2023-04-05,06:00,DESPISTE,4,0,1.0,HUANCAVELICA,HUANCAVELICA,HUANDO,RURAL,CARRETERA,NACIONAL,PE-26,-12.5918229,-74.9362092,SOLEADO,RURAL,CURVA,PLANA ,ASFALTADA,SI,PREVENTIVA (P),REGULADORA (R),SI,EN PROCESO DE INVESTIGACIÓN,NO CUENTA CON CAUSA ESPECIFICA,6
A-2023-04-3,2023-04-05,15:30,ATROPELLO FUGA,1,0,,PUNO,CHUCUITO,POMATA,RURAL,CARRETERA,NACIONAL,PE-3S,-16.27672348666517,-69.28878528233996,SOLEADO,RURAL,TRAMO RECTO,PLANA ,ASFALTADA,,,,,IMPRUDENCIA DEL CONDUCTOR,EXCESO DE VELOCIDAD,15
A-2023-04-21,2023-04-05,19:40,CHOQUE,1,0,1.0,CALLAO,CALLAO,CALLAO,URBANA,AVENIDA,URBANO,NO CORRESPONDE,-12.0495024,-77.111637117,DESPEJADO,COMERCIAL,TRAMO RECTO,PLANA ,ASFALTADA,SI,REGULADORA (R),,SI,IMPRUDENCIA DEL CONDUCTOR,INVASIÓN DE CARRIL,19
A-2023-04-27,2023-04-05,21:00,DESPISTE,1,1,1.0,APURIMAC,ANDAHUAYLAS,TALAVERA,URBANA,CARRETERA,NACIONAL,PE-3S,-13.658174,-73.430306,DESPEJADO,ESCOLAR,INTERSECCIÓN,PLANA ,ASFALTADA,,,,,EN PROCESO DE INVESTIGACIÓN,NO CUENTA CON CAUSA ESPECIFICA,21
A-2023-04-14,2023-04-06,09:10,CHOQUE,1,0,2.0,ICA,ICA,ICA,URBANA,AVENIDA,URBANO,NO CORRESPONDE,-14.0712808,-75.7354201,SOLEADO,COMERCIAL,INTERSECCIÓN,PLANA ,ASFALTADA,,,,,EN PROCESO DE INVESTIGACIÓN,NO CUENTA CON CAUSA ESPECIFICA,9
A-2023-04-167,2023-04-06,10:30,DESPISTE,4,42,2.0,AYACUCHO,LUCANAS,CARMEN SALCEDO,RURAL,CARRETERA,SIN CLASIFICAR,SIN CLASIFICAR,-14.4130935,-73.9490277,DESPEJADO,RURAL,CURVA,INCLINADA,ASFALTADA,SI,PREVENTIVA (P),,NO,IMPRUDENCIA DEL CONDUCTOR,INVASIÓN DE CARRIL,10
A-2023-04-84,2023-04-06,11:00,CHOQUE,1,0,2.0,LA LIBERTAD,VIRU,VIRU,RURAL,CARRETERA,NACIONAL,PE-1N,-8.398212,-78.842789,DESPEJADO,COMERCIAL,TRAMO RECTO,PLANA ,ASFALTADA,,,,,EN PROCESO DE INVESTIGACIÓN,NO CUENTA CON CAUSA ESPECIFICA,11
A-2023-04-81,2023-04-06,17:15,CHOQUE,3,2,2.0,PUNO,SAN ROMAN,CABANILLAS,RURAL,CARRETERA,NACIONAL,PE-34A,-15.662930740253149,-70.36474406302504,DESPEJADO,RURAL,TRAMO RECTO,INCLINADA,ASFALTADA,,,,,IMPRUDENCIA DEL CONDUCTOR,CONDUCIR EN SENTIDO CONTRARIO,17
A-2023-04-144,2023-04-06,18:00,ATROPELLO FUGA,1,0,,LIMA,LIMA,SAN MARTIN DE PORRES,URBANA,AVENIDA,URBANO,NO CORRESPONDE,-11.98188834,-77.09332269,DESPEJADO,RESIDENCIAL,TRAMO RECTO,PLANA ,ASFALTADA,,,,,EN PROCESO DE INVESTIGACIÓN,NO CUENTA CON CAUSA ESPECIFICA,18
A-2023-04-143,2023-04-07,02:30,ATROPELLO FUGA,1,0,,LIMA,LIMA,LURIN,RURAL,CARRETERA,NACIONAL,PE-1S,-12.30289024592764,-76.84266349381855,DESPEJADO,INDUSTRIAL,TRAMO RECTO,PLANA ,ASFALTADA,,,,,IMPRUDENCIA DEL PEATÓN,OTRO (IMPRUDENCIA DEL PEATÓN),2
A-2023-04-151,2023-04-07,04:50,DESPISTE,1,1,,LIMA,LIMA,EL AGUSTINO,URBANA,CARRETERA,NACIONAL,PE-1N,-12.0299579102563,-76.99432096385232,DESPEJADO,RESIDENCIAL,TRAMO RECTO,PLANA ,ASFALTADA,,,,,IMPRUDENCIA DEL CONDUCTOR,OTRO (IMPRUDENCIA DEL CONDUCTOR),4
A-2023-04-47,2023-04-07,09:30,CHOQUE,1,1,2.0,CUSCO,ESPINAR,CONDOROMA,RURAL,CARRETERA,NACIONAL,PE-34J,-15.429467,-71.070263,DESPEJADO,RURAL,TRAMO RECTO,INCLINADA,ASFALTADA,SI,PREVENTIVA (P),,SI,IMPRUDENCIA DEL CONDUCTOR,INVASIÓN DE CARRIL,9
A-2023-04-75,2023-04-07,15:15,CHOQUE,2,3,2.0,AMAZONAS,BONGARA,CHURUJA,RURAL,CARRETERA,NACIONAL,PE-08C,-5.987933,-77.9656785,DESPEJADO,RURAL,CURVA,INCLINADA,ASFALTADA,,,,,EN PROCESO DE INVESTIGACIÓN,NO CUENTA CON CAUSA ESPECIFICA,15
A-2023-04-152,2023-04-08,06:50,ATROPELLO,1,0,,LIMA,LIMA,ANCON,URBANA,CARRETERA,NACIONAL,PE-1N,-11.75884746,-77.15368618,DESPEJADO,INDUSTRIAL,TRAMO RECTO,PLANA ,ASFALTADA,,,,,IMPRUDENCIA DEL CONDUCTOR,OTRO (IMPRUDENCIA DEL CONDUCTOR),6
A-2023-04-85,2023-04-08,08:30,CHOQUE,1,0,2.0,LA LIBERTAD,PACASMAYO,GUADALUPE,RURAL,CARRETERA,NACIONAL,PE-1N,-7.2659762,-79.4835611,DESPEJADO,RURAL,TRAMO RECTO,PLANA ,ASFALTADA,,,,,EN PROCESO DE INVESTIGACIÓN,NO CUENTA CON CAUSA ESPECIFICA,8
A-2023-04-153,2023-04-08,10:40,ATROPELLO,1,0,,LIMA,LIMA,CHORRILLOS,URBANA,CARRETERA,NACIONAL,PE-1S,-12.214472,-76.976484,DESPEJADO,INDUSTRIAL,TRAMO RECTO,PLANA ,ASFALTADA,,,,,IMPRUDENCIA DEL PEATÓN,OTRO (IMPRUDENCIA DEL PEATÓN),10
A-2023-04-82,2023-04-08,13:00,CHOQUE,1,0,2.0,PUNO,SAN ROMAN,CABANILLAS,RURAL,CARRETERA,DEPARTAMENTAL,PU-121,-15.638069029468696,-70.32816940960026,DESPEJADO,RURAL,CURVA,INCLINADA,ASFALTADA,,,,,IMPRUDENCIA DEL CONDUCTOR,OTRO (IMPRUDENCIA DEL CONDUCTOR),13
A-2023-04-9,2023-04-08,13:30,DESPISTE,1,1,1.0,AREQUIPA,CAYLLOMA,SAN ANTONIO DE CHUCA,RURAL,CARRETERA,NACIONAL,PE-34A,-15.9735405,-71.24066382,DESPEJADO,RURAL,TRAMO RECTO,PLANA ,ASFALTADA,NO,,,SI,EN PROCESO DE INVESTIGACIÓN,NO CUENTA CON CAUSA ESPECIFICA,13
A-2023-04-59,2023-04-08,14:45,CHOQUE,1,1,2.0,CUSCO,LA CONVENCION,ECHARATE,RURAL,CARRETERA,PROVINCIAL,CU-598,-12.563522,-73.091159,DESPEJADO,RURAL,CURVA,PLANA ,AFIRMADO,SI,PREVENTIVA (P),,NO,IMPRUDENCIA DEL CONDUCTOR,EXCESO DE VELOCIDAD,14
A-2023-04-15,2023-04-08,16:30,CHOQUE,1,1,2.0,ICA,ICA,SANTIAGO,URBANA,CARRETERA,NACIONAL,PE-1S,-14.3741487,-75.6221788,DESPEJADO,RURAL,TRAMO RECTO,PLANA ,ASFALTADA,,,,,EN PROCESO DE INVESTIGACIÓN,NO CUENTA CON CAUSA ESPECIFICA,16
A-2023-04-10,2023-04-08,18:15,ATROPELLO,1,1,1.0,AREQUIPA,CAYLLOMA,MAJES,URBANA,CARRETERA,DEPARTAMENTAL,AR-108,-16.3399346,-72.1962545,DESPEJADO,COMERCIAL,TRAMO RECTO,PLANA ,ASFALTADA,NO,,,SI,EN PROCESO DE INVESTIGACIÓN,NO CUENTA CON CAUSA ESPECIFICA,18
A-2023-04-44,2023-04-08,21:30,ATROPELLO,1,0,1.0,CUSCO,CANCHIS,TINTA,URBANA,CARRETERA,NACIONAL,PE-3S,-14.117321,-71.415777,DESPEJADO,RURAL,CURVA,PLANA ,ASFALTADA,SI,PREVENTIVA (P),,SI,IMPRUDENCIA DEL PEATÓN,ESTADO DE EBRIEDAD Y/O DROGADICCIÓN,21