codigo_siniestro,fecha_siniestro,hora_siniestro,clase_siniestro,cantidad_fallecidos,cantidad_lesionados,cantidad_vehiculos_danados,departamento,provincia,distrito,zona,tipo_via,red_vial,cod_carretera,latitud,longitud,condicion_climatica,zonificacion,caracteristicas_via,perfil_longitudinal_via,superficie_calzada,existe_senal_vertical,clasificacion_senal_vertical_1,clasificacion_senal_vertical_2,existe_senal_horizontal,causa_factor_principal,causa_especifica,hora_del_dia
A-2023-04-175,2023-04-22,20:30,DESPISTE,1,0,1.0,CAJAMARCA,CAJAMARCA,CAJAMARCA,URBANA,CARRETERA,NACIONAL,PE-3N,-7.1852737819788,-78.4771390743091,DESPEJADO,COMERCIAL,TRAMO RECTO,PLANA ,ASFALTADA,NO,,,SI,IMPRUDENCIA DEL CONDUCTOR,CONDUCIR EN ESTADO DE EBRIEDAD Y/O DROGADICCIÓN,20
A-2023-04-92,2023-04-22,21:00,ATROPELLO FUGA,1,0,,LA LIBERTAD,VIRU,GUADALUPITO,RURAL,CARRETERA,NACIONAL,PE-1N,-8.819418437527293,-78.65648743844363,DESPEJADO,RURAL,TRAMO RECTO,PLANA ,ASFALTADA,,,,,EN PROCESO DE INVESTIGACIÓN,NO CUENTA CON CAUSA ESPECIFICA,21
A-2023-04-184,2023-04-22,22:30,ATROPELLO,1,0,,JUNIN,SATIPO,SATIPO,,CARRETERA,NACIONAL,PE-5S,-11.244928870846287,-74.58249600550744,,,,,,,,,,EN PROCESO DE INVESTIGACIÓN,NO CUENTA CON CAUSA ESPECIFICA,22
A-2023-04-169,2023-04-23,01:00,DESPISTE,1,0,1.0,AYACUCHO,HUANTA,IGUAIN,RURAL,CARRETERA,PROVINCIAL,AY-637,-12.990998,-74.211978,DESPEJADO,RURAL,CURVA,INCLINADA,AFIRMADO,,,,,IMPRUDENCIA DEL CONDUCTOR,CONDUCIR EN ESTADO DE EBRIEDAD Y/O DROGADICCIÓN,1
A-2023-04-46,2023-04-23,04:30,CHOQUE,1,1,2.0,CUSCO,CALCA,CALCA,RURAL,CARRETERA,DEPARTAMENTAL,CU-105,-13.3027636,-71.9460356,DESPEJADO,RURAL,CURVA,INCLINADA,ASFALTADA,SI,PREVENTIVA (P),,SI,IMPRUDENCIA DEL CONDUCTOR,EXCESO DE VELOCIDAD,4
A-2023-04-55,2023-04-23,08:30,ATROPELLO,1,0,,HUANCAVELICA,ANGARAES,HUAYLLAY GRANDE,RURAL,CARRETERA,DEPARTAMENTAL,HV-108,-12.929605,-74.683736,,,,,,,,,,EN PROCESO DE INVESTIGACIÓN,NO CUENTA CON CAUSA ESPECIFICA,8
A-2023-04-146,2023-04-23,12:20,ATROPELLO,1,0,,LIMA,LIMA,SAN JUAN DE LURIGANCHO,URBANA,AVENIDA,URBANO,NO CORRESPONDE,-12.01432112,-77.00172697,DESPEJADO,COMERCIAL,TRAMO RECTO,PLANA ,ASFALTADA,,,,,IMPRUDENCIA DEL CONDUCTOR,EXCESO DE VELOCIDAD,12
A-2023-04-138,2023-04-23,14:10,ATROPELLO,1,0,,LIMA,LIMA,VILLA MARIA DEL TRIUNFO,URBANA,AVENIDA,URBANO,NO CORRESPONDE,-12.17091248,-76.946248,DESPEJADO,RESIDENCIAL,CURVA,PLANA ,ASFALTADA,,,,,IMPRUDENCIA DEL CONDUCTOR,OTRO (IMPRUDENCIA DEL CONDUCTOR),14
A-2023-04-136,2023-04-24,04:30,CHOQUE,1,0,,LIMA,LIMA,ATE,URBANA,CARRETERA,NACIONAL,PE-22,-12.008281,-76.860416,DESPEJADO,COMERCIAL,TRAMO RECTO,INCLINADA,ASFALTADA,,,,,IMPRUDENCIA DEL CONDUCTOR,OTRO (IMPRUDENCIA DEL CONDUCTOR),4
A-2023-04-107,2023-04-24,05:00,ATROPELLO FUGA,1,0,1.0,PIURA,PIURA,CASTILLA,RURAL,CARRETERA,NACIONAL,PE-1NJ,-5.229633662923322,-80.63342540340778,DESPEJADO,COMERCIAL,TRAMO RECTO,PLANA ,ASFALTADA,,,,,EN PROCESO DE INVESTIGACIÓN,NO CUENTA CON CAUSA ESPECIFICA,5
A-2023-04-36,2023-04-24,07:45,DESPISTE,1,0,1.0,HUANCAVELICA,HUAYTARA,HUAYTARA,RURAL,CARRETERA,NACIONAL,PE-28A,-13.572986,-75.248862,DESPEJADO,RURAL,CURVA,INCLINADA,ASFALTADA,,,,,EN PROCESO DE INVESTIGACIÓN,NO CUENTA CON CAUSA ESPECIFICA,7
A-2023-04-137,2023-04-24,09:30,DESPISTE,1,0,,LIMA,LIMA,SAN MARTIN DE PORRES,URBANA,AVENIDA,URBANO,NO CORRESPONDE,-12.03035888,-77.06053602,DESPEJADO,RESIDENCIAL,TRAMO RECTO,PLANA ,ASFALTADA,NO,,,SI,IMPRUDENCIA DEL CONDUCTOR,OTRO (IMPRUDENCIA DEL CONDUCTOR),9
A-2023-04-71,2023-04-24,13:00,CHOQUE,1,11,2.0,AREQUIPA,AREQUIPA,SACHACA,URBANA,CARRETERA,NACIONAL,PE-34C,-16.409559,-71.5584385,DESPEJADO,RESIDENCIAL,TRAMO RECTO,PLANA ,ASFALTADA,NO,,,SI,EN PROCESO DE INVESTIGACIÓN,NO CUENTA CON CAUSA ESPECIFICA,13
A-2023-04-135,2023-04-24,13:20,ATROPELLO,1,0,,LIMA,LIMA,SANTA ANITA,URBANA,AVENIDA,URBANO,NO CORRESPONDE,-12.05344617,-76.96525251,DESPEJADO,COMERCIAL,TRAMO RECTO,PLANA ,ASFALTADA,SI,INFORMATIVA (I),,SI,IMPRUDENCIA DEL CONDUCTOR,OTRO (IMPRUDENCIA DEL CONDUCTOR),13
A-2023-04-133,2023-04-24,16:30,CAÍDA DE PASAJERO,1,0,,LIMA,LIMA,PUNTA HERMOSA,RURAL,AVENIDA,URBANO,NO CORRESPONDE,-12.30346628,-76.7806483,DESPEJADO,RURAL,TRAMO RECTO,INCLINADA,TROCHA,,,,,IMPRUDENCIA DEL CONDUCTOR,OTRO (IMPRUDENCIA DEL CONDUCTOR),16
A-2023-04-72,2023-04-24,17:20,CHOQUE,5,0,2.0,AREQUIPA,AREQUIPA,YURA,RURAL,CARRETERA,NACIONAL,PE-1N,-16.250302,-71.67779,DESPEJADO,RURAL,TRAMO RECTO,PLANA ,ASFALTADA,NO,,,SI,EN PROCESO DE INVESTIGACIÓN,NO CUENTA CON CAUSA ESPECIFICA,17
A-2023-04-110,2023-04-24,19:50,DESPISTE,1,1,,PIURA,HUANCABAMBA,HUANCABAMBA,RURAL,CARRETERA,PROVINCIAL,PI-840,-5.189273,-79.469869,DESPEJADO,RURAL,CURVA,INCLINADA,AFIRMADO,,,,,IMPRUDENCIA DEL CONDUCTOR,EXCESO DE VELOCIDAD,19
A-2023-04-162,2023-04-25,05:40,CHOQUE,2,0,,JUNIN,CONCEPCION,CONCEPCION,RURAL,CARRETERA,NACIONAL,PE-3S,-11.90861516978763,-75.32981326321523,DESPEJADO,RURAL,TRAMO RECTO,PLANA ,ASFALTADA,NO,,,SI,IMPRUDENCIA DEL CONDUCTOR,OTRO (IMPRUDENCIA DEL CONDUCTOR),5
A-2023-04-114,2023-04-25,06:30,DESPISTE,1,3,1.0,ICA,CHINCHA,GROCIO PRADO,RURAL,CARRETERA,NACIONAL,PE-1S,-13.383238,-76.204166,DESPEJADO,RURAL,TRAMO RECTO,PLANA ,ASFALTADA,,,,,EN PROCESO DE INVESTIGACIÓN,NO CUENTA CON CAUSA ESPECIFICA,6
A-2023-04-50,2023-04-25,07:00,CHOQUE,1,1,2.0,CUSCO,CHUMBIVILCAS,COLQUEMARCA,RURAL,CARRETERA,DEPARTAMENTAL,CU-119,-14.308751,-72.044617,DESPEJADO,RURAL,CURVA,INCLINADA,ASFALTADA,SI,PREVENTIVA (P),,SI,IMPRUDENCIA DEL CONDUCTOR,INVASIÓN DE CARRIL,7
A-2023-04-37,2023-04-25,14:30,DESPISTE,1,0,1.0,ICA,PALPA,LLIPATA,RURAL,CARRETERA,NACIONAL,PE-1S,-14.55633,-75.200388,DESPEJADO,RURAL,TRAMO RECTO,PLANA ,ASFALTADA,,,,,EN PROCESO DE INVESTIGACIÓN,NO CUENTA CON CAUSA ESPECIFICA,14
A-2023-04-134,2023-04-25,15:20,CHOQUE,1,0,,LIMA,LIMA,ATE,RURAL,AVENIDA,URBANO,NO CORRESPONDE,-12.02083116,-76.81139937,DESPEJADO,ESCOLAR,CURVA,INCLINADA,ASFALTADA,,,,,IMPRUDENCIA DEL CONDUCTOR,OTRO (IMPRUDENCIA DEL CONDUCTOR),15
A-2023-04-57,2023-04-25,15:30,ATROPELLO,1,0,1.0,SAN MARTIN,RIOJA,AWAJUN,URBANA,CARRETERA,NACIONAL,PE-5N,-5.802748,-77.40234,DESPEJADO,COMERCIAL,TRAMO RECTO,PLANA ,ASFALTADA,,,,,IMPRUDENCIA DEL PEATÓN,OTRO (IMPRUDENCIA DEL PEATÓN),15
A-2023-04-164,2023-04-25,18:00,CHOQUE FUGA,1,0,1.0,TACNA,TACNA,TACNA,RURAL,CARRETERA,NACIONAL,PE-1SD,-18.088136147462045,-70.32679608840952,DESPEJADO,RURAL,TRAMO RECTO,PLANA ,ASFALTADA,,,,,EN PROCESO DE INVESTIGACIÓN,NO CUENTA CON CAUSA ESPECIFICA,18
A-2023-04-177,2023-04-26,16:20,CHOQUE,1,0,2.0,TACNA,TACNA,LA YARADA LOS PALOS,RURAL,CARRETERA,PROVINCIAL,TA-642,-18.164697,-70.437519,DESPEJADO,RURAL,TRAMO RECTO,PLANA ,ASFALTADA,,,,,IMPRUDENCIA DEL CONDUCTOR,EXCESO DE VELOCIDAD,16
A-2023-04-106,2023-04-26,20:30,ATROPELLO,1,0,1.0,PIURA,PIURA,CATACAOS,URBANA,CARRETERA,NACIONAL,PE-1NK,-5.271774,-80.673656,DESPEJADO,COMERCIAL,TRAMO RECTO,PLANA ,ASFALTADA,,,,,IMPRUDENCIA DEL CONDUCTOR,EXCESO DE VELOCIDAD,20
A-2023-04-94,2023-04-26,20:40,CHOQUE,1,0,2.0,LA LIBERTAD,TRUJILLO,LAREDO,RURAL,CARRETERA,PROVINCIAL,LI-733,-8.092577769753573,-78.9679405032972,DESPEJADO,RURAL,TRAMO RECTO,PLANA ,ASFALTADA,,,,,IMPRUDENCIA DEL CONDUCTOR,OTRO (IMPRUDENCIA DEL CONDUCTOR),20
A-2023-04-73,2023-04-27,02:40,ATROPELLO,1,0,1.0,AREQUIPA,AREQUIPA,YURA,URBANA,CARRETERA,NACIONAL,PE-34A,-16.2503384,-71.6777896,DESPEJADO,COMERCIAL,CURVA,PLANA ,ASFALTADA,NO,,,SI,EN PROCESO DE INVESTIGACIÓN,NO CUENTA CON CAUSA ESPECIFICA,2
A-2023-04-131,2023-04-27,06:23,ATROPELLO FUGA,1,0,,LIMA,LIMA,LURIGANCHO,URBANA,AVENIDA,URBANO,NO CORRESPONDE,-12.00777096,-76.92043616,DESPEJADO,INDUSTRIAL,INTERSECCIÓN,PLANA ,ASFALTADA,,,,,EN PROCESO DE INVESTIGACIÓN,NO CUENTA CON CAUSA ESPECIFICA,6
A-2023-04-56,2023-04-27,07:30,DESPISTE,1,0,1.0,HUANCAVELICA,HUANCAVELICA,PILCHACA,RURAL,CARRETERA,PROVINCIAL,HV-930,-12.398508,-75.099057,SOLEADO,RURAL,SINUOSA,PLANA ,TROCHA,,,,,EN PROCESO DE INVESTIGACIÓN,NO CUENTA CON CAUSA ESPECIFICA,7
A-2023-04-132,2023-04-27,10:31,ATROPELLO FUGA,1,0,,LIMA,LIMA,LA MOLINA,URBANA,CARRETERA,NACIONAL,PE-1S,-12.075539,-76.974923,DESPEJADO,RESIDENCIAL,TRAMO RECTO,PLANA ,ASFALTADA,SI,REGULADORA (R),,SI,EN PROCESO DE INVESTIGACIÓN,NO CUENTA CON CAUSA ESPECIFICA,10
A-2023-04-53,2023-04-27,18:10,DESPISTE,1,0,1.0,CUSCO,PARURO,ACCHA,RURAL,CARRETERA,DEPARTAMENTAL,CU-117,-13.971529,-71.82597,DESPEJADO,RURAL,TRAMO RECTO,PLANA ,AFIRMADO,,,,,IMPRUDENCIA DEL CONDUCTOR,CONDUCIR EN ESTADO DE EBRIEDAD Y/O DROGADICCIÓN,18
A-2023-04-129,2023-04-27,18:50,ATROPELLO,1,0,,LIMA,LIMA,SAN JUAN DE LURIGANCHO,URBANA,AVENIDA,URBANO,NO CORRESPONDE,-12.00268844,-76.99903106,DESPEJADO,COMERCIAL,INTERSECCIÓN,PLANA ,ASFALTADA,,,,,IMPRUDENCIA DEL CONDUCTOR,OTRO (IMPRUDENCIA DEL CONDUCTOR),18
A-2023-04-121,2023-04-28,09:10,ATROPELLO,1,0,,LIMA,LIMA,BARRANCO,URBANA,AVENIDA,URBANO,NO CORRESPONDE,-12.15348967,-77.01962601,DESPEJADO,ESCOLAR,INTERSECCIÓN,INCLINADA,ASFALTADA,SI,PREVENTIVA (P),REGULADORA (R),SI,IMPRUDENCIA DEL CONDUCTOR,OTRO (IMPRUDENCIA DEL CONDUCTOR),9
A-2023-04-178,2023-04-28,15:20,DESPISTE,1,0,1.0,TACNA,TACNA,POCOLLAY,URBANA,AVENIDA,URBANO,NO CORRESPONDE,-17.986380590221206,-70.22298926342252,DESPEJADO,RESIDENCIAL,CURVA,PLANA ,ASFALTADA,,,,,IMPRUDENCIA DEL CONDUCTOR,CONDUCIR EN ESTADO DE EBRIEDAD Y/O DROGADICCIÓN,15
A-2023-04-163,2023-04-28,17:20,CHOQUE,1,0,,JUNIN,HUANCAYO,HUANCAN,URBANA,CARRETERA,NACIONAL,PE-3S,-12.116567,-75.216672,DESPEJADO,RURAL,CURVA,PLANA ,ASFALTADA,SI,REGULADORA (R),,SI,IMPRUDENCIA DEL CONDUCTOR,OTRO (IMPRUDENCIA DEL CONDUCTOR),17
A-2023-04-102,2023-04-28,23:40,CHOQUE,1,0,2.0,PASCO,PASCO,YANACANCHA,RURAL,CARRETERA,NACIONAL,PE-3N,-10.626955020268475,-76.17705339745523,DESPEJADO,RURAL,CURVA,INCLINADA,ASFALTADA,,,,,IMPRUDENCIA DEL CONDUCTOR,INVASIÓN DE CARRIL,23
A-2023-04-176,2023-04-29,00:35,DESPISTE,1,0,1.0,CAJAMARCA,CHOTA,CHOTA,RURAL,CARRETERA,NACIONAL,PE-3N,-6.543833,-78.681006,DESPEJADO,INDUSTRIAL,CURVA,PLANA ,ASFALTADA,NO,,,SI,IMPRUDENCIA DEL CONDUCTOR,CONDUCIR EN ESTADO DE EBRIEDAD Y/O DROGADICCIÓN,0
A-2023-04-54,2023-04-29,04:00,CHOQUE,1,0,2.0,CUSCO,CUSCO,CUSCO,RURAL,CARRETERA,NACIONAL,PE-3S,-13.503908,-72.019702,DESPEJADO,RURAL,TRAMO RECTO,INCLINADA,ASFALTADA,SI,REGULADORA (R),REGULADORA (R),SI,IMPRUDENCIA DEL CONDUCTOR,EXCESO DE VELOCIDAD,4
A-2023-04-58,2023-04-29,04:10,CHOQUE,1,0,2.0,SAN MARTIN,RIOJA,NUEVA CAJAMARCA,RURAL,CARRETERA,NACIONAL,PE-5N,-5.959961,-77.298212,DESPEJADO,RURAL,TRAMO RECTO,PLANA ,ASFALTADA,SI,REGULADORA (R),REGULADORA (R),NO,IMPRUDENCIA DEL CONDUCTOR,OTRO (IMPRUDENCIA DEL CONDUCTOR),4
A-2023-04-95,2023-04-29,07:00,CHOQUE,1,0,3.0,LA LIBERTAD,TRUJILLO,TRUJILLO,RURAL,CARRETERA,NACIONAL,PE-10A,-8.1302045,-79.0136583,DESPEJADO,RURAL,TRAMO RECTO,PLANA ,ASFALTADA,,,,,IMPRUDENCIA DEL CONDUCTOR,DESACATO DE SEÑAL DE TRÁNSITO,7
A-2023-04-61,2023-04-29,08:45,DESPISTE,4,0,1.0,HUANCAVELICA,CASTROVIRREYNA,ARMA,RURAL,CARRETERA,NACIONAL,PE-26,-13.134932,-75.54407,DESPEJADO,RURAL,CURVA,PLANA ,ASFALTADA,,,,,EN PROCESO DE INVESTIGACIÓN,NO CUENTA CON CAUSA ESPECIFICA,8
A-2023-04-97,2023-04-29,10:00,ATROPELLO,1,0,1.0,LA LIBERTAD,TRUJILLO,TRUJILLO,URBANA,AVENIDA,URBANO,NO CORRESPONDE,-8.111718077,-79.01885088,DESPEJADO,COMERCIAL,INTERSECCIÓN,PLANA ,ASFALTADA,,,,,IMPRUDENCIA DEL CONDUCTOR,OTRO (IMPRUDENCIA DEL CONDUCTOR),10
A-2023-04-100,2023-04-29,11:00,DESPISTE,1,0,,APURIMAC,ABANCAY,CURAHUASI,RURAL,CARRETERA,SIN CLASIFICAR,SIN CLASIFICAR,-13.7456475526886,-72.50447043933058,,,,,,,,,,EN PROCESO DE INVESTIGACIÓN,NO CUENTA CON CAUSA ESPECIFICA,11
A-2023-04-128,2023-04-29,13:00,VOLCADURA,1,0,,LIMA,LIMA,VILLA EL SALVADOR,RURAL,CARRETERA,NACIONAL,PE-1S,-12.242372,-76.944312,DESPEJADO,RURAL,TRAMO RECTO,PLANA ,ASFALTADA,,,,,EN PROCESO DE INVESTIGACIÓN,NO CUENTA CON CAUSA ESPECIFICA,13
A-2023-04-127,2023-04-29,13:45,CHOQUE,2,0,,LIMA,LIMA,CARABAYLLO,URBANA,AVENIDA,URBANO,NO CORRESPONDE,-11.87353797,-77.01561197,DESPEJADO,COMERCIAL,INTERSECCIÓN,INCLINADA,ASFALTADA,SI,PREVENTIVA (P),,NO,EN PROCESO DE INVESTIGACIÓN,NO CUENTA CON CAUSA ESPECIFICA,13
A-2023-04-122,2023-04-29,16:15,DESPISTE,1,0,,LIMA,LIMA,MIRAFLORES,URBANA,AVENIDA,URBANO,NO CORRESPONDE,-12.10873273,-77.02668939,DESPEJADO,RESIDENCIAL,INTERSECCIÓN,PLANA ,ASFALTADA,SI,REGULADORA (R),,SI,EN PROCESO DE INVESTIGACIÓN,NO CUENTA CON CAUSA ESPECIFICA,16
A-2023-04-96,2023-04-29,17:00,DESPISTE,1,0,1.0,LA LIBERTAD,PACASMAYO,SAN PEDRO DE LLOC,RURAL,CARRETERA,NACIONAL,PE-1N,-7.478889,-79.420416,DESPEJADO,RURAL,TRAMO RECTO,PLANA ,ASFALTADA,,,,,IMPRUDENCIA DEL CONDUCTOR,CONDUCIR EN ESTADO DE EBRIEDAD Y/O DROGADICCIÓN,17
A-2023-04-68,2023-04-29,17:30,ATROPELLO FUGA,1,0,,CUSCO,ANTA,LIMATAMBO,RURAL,CARRETERA,PROVINCIAL,CU-1232,-13.473426,-72.398721,DESPEJADO,RURAL,TRAMO RECTO,PLANA ,AFIRMADO,,,,,EN PROCESO DE INVESTIGACIÓN,NO CUENTA CON CAUSA ESPECIFICA,17
A-2023-04-101,2023-04-29,21:30,CHOQUE,1,0,1.0,PUNO,SAN ROMAN,CARACOTO,RURAL,CARRETERA,DEPARTAMENTAL,PU-120,-15.5554948,-70.0197021,DESPEJADO,RURAL,TRAMO RECTO,PLANA ,ASFALTADA,,,,,INFRAESTRUCTURA Y ENTORNO VIAL,SUPERFICIE DETERIORADA,21
A-2023-04-126,2023-04-30,05:00,ATROPELLO,1,0,,LIMA,LIMA,CARABAYLLO,URBANA,AVENIDA,URBANO,NO CORRESPONDE,-11.89864717,-77.03846028,DESPEJADO,COMERCIAL,TRAMO RECTO,PLANA ,ASFALTADA,,,,,EN PROCESO DE INVESTIGACIÓN,NO CUENTA CON CAUSA ESPECIFICA,5
A-2023-04-74,2023-04-30,09:00,DESPISTE,1,0,1.0,AREQUIPA,ISLAY,COCACHACRA,RURAL,CARRETERA,NACIONAL,PE-1S,-16.980637,-71.774132,DESPEJADO,RURAL,CURVA,INCLINADA,ASFALTADA,NO,,,SI,EN PROCESO DE INVESTIGACIÓN,NO CUENTA CON CAUSA ESPECIFICA,9
A-2023-04-125,2023-04-30,11:30,CHOQUE,1,9,,LIMA,LIMA,VILLA EL SALVADOR,URBANA,AVENIDA,URBANO,NO CORRESPONDE,-12.22638233,-76.9354564,DESPEJADO,RESIDENCIAL,INTERSECCIÓN,PLANA ,ASFALTADA,,,,,IMPRUDENCIA DEL CONDUCTOR,EXCESO DE VELOCIDAD,11
A-2023-04-123,2023-04-30,15:30,DESPISTE,2,1,,LIMA,LIMA,EL AGUSTINO,URBANA,CARRETERA,NACIONAL,PE-22,-12.030709,-76.983637,DESPEJADO,INDUSTRIAL,TRAMO RECTO,PLANA ,ASFALTADA,,,,,NEGLIGENCIA DEL CONDUCTOR,OTRO (NEGLIGENCIA DEL CONDUCTOR),15
A-2023-04-168,2023-04-30,21:10,ATROPELLO,1,0,1.0,AYACUCHO,HUAMANGA,QUINUA,URBANA,CARRETERA,NACIONAL,PE-28B,-13.0392014856918,-74.1338174603751,DESPEJADO,RESIDENCIAL,TRAMO RECTO,INCLINADA,ASFALTADA,SI,PREVENTIVA (P),REGULADORA (R),NO,IMPRUDENCIA DEL PEATÓN,ESTADO DE EBRIEDAD Y/O DROGADICCIÓN,21
A-2023-05-159,2023-05-01,01:02,CHOQUE CON OBJETO FIJO,1,0,1.0,CAJAMARCA,JAEN,JAEN,URBANA,AVENIDA,URBANO,NO CORRESPONDE,-5.702527,-78.80209,DESPEJADO,INDUSTRIAL,INTERSECCIÓN,INCLINADA,CONCRETO,,,,,IMPRUDENCIA DEL CONDUCTOR,EXCESO DE VELOCIDAD,1
A-2023-05-55,2023-05-01,02:00,DESPISTE,1,0,1.0,LA LIBERTAD,OTUZCO,SALPO,RURAL,CARRETERA,NACIONAL,PE-10A,-7.979006,-78.648122,DESPEJADO,RURAL,TRAMO RECTO,PLANA ,ASFALTADA,,,,,IMPRUDENCIA DEL CONDUCTOR,GIRAR IMPRUDENTEMENTE,2
A-2023-05-2,2023-05-01,10:30,ATROPELLO,1,0,0.0,ICA,NASCA,NASCA,URBANA,CARRETERA,NACIONAL,PE-30A,-14.8354178,-74.9246159,SOLEADO,COMERCIAL,TRAMO RECTO,PLANA ,ASFALTADA,SI,PREVENTIVA (P),PREVENTIVA (P),NO,IMPRUDENCIA DEL PEATÓN,CRUCE INDEBIDO POR LA CALZADA,10
A-2023-05-157,2023-05-01,16:31,ESPECIAL,1,0,1.0,CAJAMARCA,CAJAMARCA,CAJAMARCA,URBANA,PASAJE,URBANO,NO CORRESPONDE,-7.1697739,-78.4930005,DESPEJADO,COMERCIAL,TRAMO RECTO,PLANA ,AFIRMADO,,,,,EN PROCESO DE INVESTIGACIÓN,NO CUENTA CON CAUSA ESPECIFICA,16
A-2023-05-160,2023-05-01,17:30,CHOQUE,1,3,3.0,CAJAMARCA,SAN IGNACIO,SAN IGNACIO,RURAL,CARRETERA,NACIONAL,PE-5N,-5.11516,-78.970649,DESPEJADO,INDUSTRIAL,CURVA,INCLINADA,ASFALTADA,SI,PREVENTIVA (P),,SI,IMPRUDENCIA DEL CONDUCTOR,EXCESO DE VELOCIDAD,17
A-2023-05-34,2023-05-01,17:40,CHOQUE,1,0,2.0,CUSCO,CANCHIS,SICUANI,RURAL,CARRETERA,NACIONAL,PE-3S,-14.221547,-71.28787,DESPEJADO,RURAL,TRAMO RECTO,PLANA ,ASFALTADA,NO,,,SI,IMPRUDENCIA DEL CONDUCTOR,OTRO (IMPRUDENCIA DEL CONDUCTOR),17
A-2023-05-1,2023-05-01,18:40,CHOQUE FUGA,1,0,,PUNO,PUNO,CAPACHICA,RURAL,CARRETERA,DEPARTAMENTAL,PU-119,-15.61817955266702,-69.8369281869057,DESPEJADO,RURAL,TRAMO RECTO,PLANA ,ASFALTADA,,,,,EN PROCESO DE INVESTIGACIÓN,NO CUENTA CON CAUSA ESPECIFICA,18
A-2023-05-52,2023-05-01,19:30,ATROPELLO,1,0,1.0,LA LIBERTAD,ASCOPE,CHICAMA,URBANA,CARRETERA,NACIONAL,PE-1N,-7.948986,-79.09301,DESPEJADO,COMERCIAL,TRAMO RECTO,PLANA ,ASFALTADA,,,,,EN PROCESO DE INVESTIGACIÓN,NO CUENTA CON CAUSA ESPECIFICA,19
A-2023-05-53,2023-05-01,22:00,CHOQUE,1,0,2.0,LA LIBERTAD,VIRU,GUADALUPITO,RURAL,CARRETERA,NACIONAL,PE-1N,-8.9103176,-78.639243,DESPEJADO,RURAL,TRAMO RECTO,PLANA ,ASFALTADA,,,,,IMPRUDENCIA DEL PEATÓN,CRUCE INDEBIDO POR LA CALZADA,22
A-2023-05-106,2023-05-01,23:30,CHOQUE,1,12,3.0,ICA,CHINCHA,GROCIO PRADO,RURAL,CARRETERA,NACIONAL,PE-1S,-13.336721,-76.233743,DESPEJADO,RURAL,TRAMO RECTO,PLANA ,ASFALTADA,,,,,EN PROCESO DE INVESTIGACIÓN,NO CUENTA CON CAUSA ESPECIFICA,23
A-2023-05-146,2023-05-01,23:45,DESPISTE,1,1,,UCAYALI,CORONEL PORTILLO,MANANTAY,URBANA,AVENIDA,URBANO,NO CORRESPONDE,-8.398294,-74.559825,DESPEJADO,COMERCIAL,CURVA,PLANA ,CONCRETO,SI,PREVENTIVA (P),,NO,IMPRUDENCIA DEL CONDUCTOR,CONDUCIR EN ESTADO DE EBRIEDAD Y/O DROGADICCIÓN,23
A-2023-05-156,2023-05-02,01:30,VOLCADURA,1,0,1.0,CAJAMARCA,CAJAMARCA,NAMORA,RURAL,CARRETERA,PROVINCIAL,CA-1504,-7.158879,-78.210876,DESPEJADO,INDUSTRIAL,CURVA,INCLINADA,AFIRMADO,,,,,IMPRUDENCIA DEL CONDUCTOR,CONDUCIR EN ESTADO DE EBRIEDAD Y/O DROGADICCIÓN,1
A-2023-05-54,2023-05-02,04:30,DESPISTE,1,0,1.0,LA LIBERTAD,VIRU,CHAO,RURAL,CARRETERA,PROVINCIAL,LI-1193,-8.491730815418856,-78.61675642497075,DESPEJADO,RURAL,TRAMO RECTO,PLANA ,ASFALTADA,,,,,EN PROCESO DE INVESTIGACIÓN,NO CUENTA CON CAUSA ESPECIFICA,4
A-2023-05-56,2023-05-02,12:00,CHOQUE,1,0,2.0,LA LIBERTAD,VIRU,CHAO,RURAL,CARRETERA,NACIONAL,PE-1N,-8.588582,-78.668333,DESPEJADO,RURAL,TRAMO RECTO,PLANA ,ASFALTADA,,,,,IMPRUDENCIA DEL CONDUCTOR,FATIGA Y/O CANSANCIO,12
A-2023-05-57,2023-05-02,13:50,DESPISTE,2,0,1.0,LA LIBERTAD,CHEPEN,CHEPEN,RURAL,CARRETERA,NACIONAL,PE-08,-7.279487574361421,-79.30900776967442,DESPEJADO,RURAL,TRAMO RECTO,PLANA ,AFIRMADO,,,,,IMPRUDENCIA DEL CONDUCTOR,OTRO (IMPRUDENCIA DEL CONDUCTOR),13
A-2023-05-103,2023-05-02,18:30,CHOQUE,2,0,,LORETO,MAYNAS,SAN JUAN BAUTISTA,RURAL,CARRETERA,DEPARTAMENTAL,LO-103,-3.90298775,-73.35507524,,,,,,,,,,EN PROCESO DE INVESTIGACIÓN,NO CUENTA CON CAUSA ESPECIFICA,18
A-2023-05-58,2023-05-02,18:30,ATROPELLO,1,0,1.0,LA LIBERTAD,PATAZ,PATAZ,RURAL,CARRETERA,DEPARTAMENTAL,LI-125,-7.761406,-77.603918,DESPEJADO,RURAL,TRAMO RECTO,PLANA ,AFIRMADO,,,,,EN PROCESO DE INVESTIGACIÓN,NO CUENTA CON CAUSA ESPECIFICA,18
A-2023-05-142,2023-05-02,22:00,CHOQUE FUGA,1,0,,JUNIN,HUANCAYO,SAPALLANGA,URBANA,CARRETERA,NACIONAL,PE-3SC,-12.147979,-75.159387,DESPEJADO,RURAL,TRAMO RECTO,PLANA ,ASFALTADA,NO,,,SI,IMPRUDENCIA DEL CONDUCTOR,GIRAR IMPRUDENTEMENTE,22