codigo_siniestro,fecha_siniestro,hora_siniestro,clase_siniestro,cantidad_fallecidos,cantidad_lesionados,cantidad_vehiculos_danados,departamento,provincia,distrito,zona,tipo_via,red_vial,cod_carretera,latitud,longitud,condicion_climatica,zonificacion,caracteristicas_via,perfil_longitudinal_via,superficie_calzada,existe_senal_vertical,clasificacion_senal_vertical_1,clasificacion_senal_vertical_2,existe_senal_horizontal,causa_factor_principal,causa_especifica,hora_del_dia
A-2023-07-130,2023-07-06,05:50,ATROPELLO,1,0,,LIMA,LIMA,CARABAYLLO,URBANA,AVENIDA,URBANO,NO CORRESPONDE,-11.871983,-77.014637,DESPEJADO,COMERCIAL,TRAMO RECTO,INCLINADA,ASFALTADA,,,,,EN PROCESO DE INVESTIGACIÓN,NO CUENTA CON CAUSA ESPECIFICA,5
A-2023-07-157,2023-07-06,07:35,DESPISTE,1,1,,UCAYALI,CORONEL PORTILLO,YARINACOCHA,RURAL,CARRETERA,DEPARTAMENTAL,UC-103,-8.305196,-74.617327,DESPEJADO,RURAL,TRAMO RECTO,PLANA ,AFIRMADO,,,,,NEGLIGENCIA DEL CONDUCTOR,CONDUCIR CON FALLAS DE FRENOS,7
A-2023-07-10,2023-07-06,11:30,DESPISTE,1,2,1.0,LA LIBERTAD,TRUJILLO,SALAVERRY,RURAL,CARRETERA,NACIONAL,PE-1N,-8.194049,-78.972105,DESPEJADO,RURAL,TRAMO RECTO,PLANA ,ASFALTADA,,,,,EN PROCESO DE INVESTIGACIÓN,NO CUENTA CON CAUSA ESPECIFICA,11
A-2023-07-11,2023-07-06,13:50,DESPISTE,1,0,1.0,LA LIBERTAD,OTUZCO,OTUZCO,RURAL,CARRETERA,NACIONAL,PE-10A,-7.960285,-78.631749,DESPEJADO,RURAL,TRAMO RECTO,PLANA ,AFIRMADO,,,,,EN PROCESO DE INVESTIGACIÓN,NO CUENTA CON CAUSA ESPECIFICA,13
A-2023-07-131,2023-07-06,17:00,ATROPELLO,1,1,,LIMA,LIMA,RIMAC,URBANA,AVENIDA,URBANO,NO CORRESPONDE,-12.01505771,-77.05182867,DESPEJADO,COMERCIAL,INTERSECCIÓN,PLANA ,ASFALTADA,SI,REGULADORA (R),PREVENTIVA (P),NO,EN PROCESO DE INVESTIGACIÓN,NO CUENTA CON CAUSA ESPECIFICA,17
A-2023-07-24,2023-07-06,18:00,CHOQUE,1,0,,PIURA,PIURA,CASTILLA,URBANA,CARRETERA,NACIONAL,PE-1NJ,-5.17328,-80.5488,DESPEJADO,RURAL,TRAMO RECTO,PLANA ,ASFALTADA,,,,,IMPRUDENCIA DEL CONDUCTOR,EXCESO DE VELOCIDAD,18
A-2023-07-20,2023-07-07,06:20,CAÍDA DE PASAJERO,1,1,,ANCASH,CARLOS FERMIN FITZCARRALD,SAN LUIS,RURAL,CARRETERA,NACIONAL,PE-14C,-9.16927849825107,-77.2244298766206,DESPEJADO,RURAL,CURVA,INCLINADA,TROCHA,,,,,EN PROCESO DE INVESTIGACIÓN,NO CUENTA CON CAUSA ESPECIFICA,6
A-2023-07-36,2023-07-07,12:30,CHOQUE,1,1,2.0,CUSCO,QUISPICANCHI,HUARO,URBANA,CARRETERA,NACIONAL,PE-3S,-13.688098911516184,-71.64729981873255,DESPEJADO,COMERCIAL,TRAMO RECTO,PLANA ,ASFALTADA,NO,,,SI,IMPRUDENCIA DEL CONDUCTOR,OTRO (IMPRUDENCIA DEL CONDUCTOR),12
A-2023-07-55,2023-07-07,15:30,DESPISTE,1,4,1.0,CUSCO,PARURO,OMACHA,RURAL,CARRETERA,DEPARTAMENTAL,CU-129,-14.043284725995727,-71.77285278893352,DESPEJADO,RURAL,CURVA,INCLINADA,AFIRMADO,,,,,IMPRUDENCIA DEL CONDUCTOR,EXCESO DE VELOCIDAD,15
A-2023-07-97,2023-07-07,23:35,DESPISTE,1,1,1.0,LORETO,MAYNAS,IQUITOS,URBANA,CALLE,URBANO,NO CORRESPONDE,-3.746066,-73.2490994,DESPEJADO,COMERCIAL,INTERSECCIÓN,PLANA ,ASFALTADA,,,,,EN PROCESO DE INVESTIGACIÓN,NO CUENTA CON CAUSA ESPECIFICA,23
A-2023-07-167,2023-07-08,05:30,ATROPELLO,1,0,1.0,AYACUCHO,HUAMANGA,VINCHOS,URBANA,CARRETERA,NACIONAL,PE-28A,-13.320545746970089,-74.35264164599063,DESPEJADO,RESIDENCIAL,TRAMO RECTO,PLANA ,ASFALTADA,SI,PREVENTIVA (P),,NO,IMPRUDENCIA DEL CONDUCTOR,EXCESO DE VELOCIDAD,5
A-2023-07-101,2023-07-08,16:00,CHOQUE,1,0,2.0,PUNO,SAN ROMAN,CABANA,RURAL,CARRETERA,NACIONAL,PE-34A,-15.562489091068612,-70.24074548293383,DESPEJADO,RURAL,TRAMO RECTO,PLANA ,ASFALTADA,,,,,IMPRUDENCIA DEL CONDUCTOR,INVASIÓN DE CARRIL,16
A-2023-07-22,2023-07-08,20:08,CHOQUE,1,0,,PIURA,MORROPON,CHULUCANAS,RURAL,CARRETERA,NACIONAL,PE-1NJ,-5.145191,-80.275411,DESPEJADO,RURAL,TRAMO RECTO,PLANA ,ASFALTADA,,,,,IMPRUDENCIA DEL CONDUCTOR,INVASIÓN DE CARRIL,20
A-2023-07-61,2023-07-08,20:21,ATROPELLO,1,1,1.0,CUSCO,CUSCO,SANTIAGO,URBANA,AVENIDA,URBANO,NO CORRESPONDE,-13.5257359,-71.975211,DESPEJADO,RESIDENCIAL,TRAMO RECTO,PLANA ,ASFALTADA,,,,,IMPRUDENCIA DEL CONDUCTOR,CONDUCIR EN ESTADO DE EBRIEDAD Y/O DROGADICCIÓN,20
A-2023-07-7,2023-07-08,20:40,ATROPELLO,1,0,,AREQUIPA,AREQUIPA,LA JOYA,RURAL,CARRETERA,NACIONAL,PE-1S,-16.532018,-71.796382,DESPEJADO,RURAL,TRAMO RECTO,PLANA ,ASFALTADA,,,,,EN PROCESO DE INVESTIGACIÓN,NO CUENTA CON CAUSA ESPECIFICA,20
A-2023-07-132,2023-07-08,21:30,VOLCADURA,1,0,,LIMA,LIMA,SAN JUAN DE LURIGANCHO,URBANA,AVENIDA,URBANO,NO CORRESPONDE,-12.01751258,-77.00214591,DESPEJADO,COMERCIAL,INTERSECCIÓN,INCLINADA,ASFALTADA,SI,INFORMATIVA (I),,SI,EN PROCESO DE INVESTIGACIÓN,NO CUENTA CON CAUSA ESPECIFICA,21
A-2023-07-133,2023-07-09,01:30,ATROPELLO,1,0,,LIMA,LIMA,SAN JUAN DE LURIGANCHO,URBANA,AVENIDA,URBANO,NO CORRESPONDE,-12.008243196948255,-77.01052566985119,DESPEJADO,COMERCIAL,CURVA,INCLINADA,ASFALTADA,,,,,IMPRUDENCIA DEL CONDUCTOR,OTRO (IMPRUDENCIA DEL CONDUCTOR),1
A-2023-07-17,2023-07-09,02:30,VOLCADURA,1,0,1.0,SAN MARTIN,MOYOBAMBA,MOYOBAMBA,URBANA,JIRÓN,URBANO,NO CORRESPONDE,-6.036805,-76.98065,DESPEJADO,COMERCIAL,TRAMO RECTO,PLANA ,ASFALTADA,,,,,IMPRUDENCIA DEL CONDUCTOR,OTRO (IMPRUDENCIA DEL CONDUCTOR),2
A-2023-07-134,2023-07-09,07:45,DESPISTE,5,28,,LIMA,LIMA,COMAS,URBANA,AVENIDA,URBANO,NO CORRESPONDE,-11.91279662,-77.0033858,DESPEJADO,RESIDENCIAL,CURVA,INCLINADA,ASFALTADA,,,,,EN PROCESO DE INVESTIGACIÓN,NO CUENTA CON CAUSA ESPECIFICA,7
A-2023-07-85,2023-07-09,15:20,ATROPELLO,1,1,,PIURA,PIURA,PIURA,URBANA,CALLE,URBANO,NO CORRESPONDE,-5.197634,-80.630181,DESPEJADO,RURAL,TRAMO RECTO,PLANA ,ASFALTADA,,,,,IMPRUDENCIA DEL CONDUCTOR,NO DAR PASO PREFERENTE AL PEATÓN,15
A-2023-07-103,2023-07-09,17:40,DESPISTE,2,0,1.0,PUNO,SAN ROMAN,CARACOTO,RURAL,CARRETERA,NACIONAL,PE-3S,-15.5492753,-70.1088494,DESPEJADO,RURAL,INTERSECCIÓN,PLANA ,ASFALTADA,,,,,IMPRUDENCIA DEL CONDUCTOR,CONDUCIR EN ESTADO DE EBRIEDAD Y/O DROGADICCIÓN,17
A-2023-07-5,2023-07-09,19:10,ATROPELLO,1,0,1.0,ICA,ICA,SANTIAGO,RURAL,CARRETERA,NACIONAL,PE-1S,-14.289297288815796,-75.67934457989088,DESPEJADO,RURAL,TRAMO RECTO,PLANA ,ASFALTADA,,,,,IMPRUDENCIA DEL PEATÓN,CRUCE INDEBIDO POR LA CALZADA,19
A-2023-07-12,2023-07-10,03:00,DESPISTE,1,0,1.0,LA LIBERTAD,PACASMAYO,GUADALUPE,RURAL,CARRETERA,NACIONAL,PE-1N,-7.2710136,-79.4791791,DESPEJADO,RURAL,TRAMO RECTO,PLANA ,ASFALTADA,,,,,IMPRUDENCIA DEL CONDUCTOR,CONDUCIR EN ESTADO DE EBRIEDAD Y/O DROGADICCIÓN,3
A-2023-07-104,2023-07-10,05:40,ATROPELLO,1,0,1.0,PUNO,SAN ROMAN,CARACOTO,RURAL,CARRETERA,NACIONAL,PE-3S,-15.5419721,-70.1119631,DESPEJADO,RURAL,TRAMO RECTO,PLANA ,ASFALTADA,,,,,IMPRUDENCIA DEL CONDUCTOR,EXCESO DE VELOCIDAD,5
A-2023-07-75,2023-07-10,07:30,DESPISTE,1,3,1.0,CUSCO,LA CONVENCION,HUAYOPATA,RURAL,CARRETERA,NACIONAL,PE-28B,-13.055588,-72.428333,DESPEJADO,RURAL,CURVA,PLANA ,ASFALTADA,SI,PREVENTIVA (P),,SI,IMPRUDENCIA DEL CONDUCTOR,EXCESO DE VELOCIDAD,7
A-2023-07-14,2023-07-10,09:00,VOLCADURA,1,0,1.0,APURIMAC,ANDAHUAYLAS,ANDAHUAYLAS,RURAL,CARRETERA,SIN CLASIFICAR,SIN CLASIFICAR,-13.781952,-73.41439,DESPEJADO,RURAL,SINUOSA,INCLINADA,TROCHA,,,,,NEGLIGENCIA DEL CONDUCTOR,OTRO (NEGLIGENCIA DEL CONDUCTOR),9
A-2023-07-16,2023-07-10,17:30,ATROPELLO FUGA,1,0,,AREQUIPA,CAYLLOMA,MACA,RURAL,CARRETERA,DEPARTAMENTAL,AR-109,-15.630471,-71.807162,DESPEJADO,RURAL,CURVA,PLANA ,ASFALTADA,,,,,EN PROCESO DE INVESTIGACIÓN,NO CUENTA CON CAUSA ESPECIFICA,17
A-2023-07-83,2023-07-10,20:30,CHOQUE FUGA,1,4,,PIURA,MORROPON,CHULUCANAS,RURAL,CARRETERA,NACIONAL,PE-1NS,-5.157349,-80.177424,DESPEJADO,RURAL,TRAMO RECTO,INCLINADA,ASFALTADA,NO,,,SI,EN PROCESO DE INVESTIGACIÓN,NO CUENTA CON CAUSA ESPECIFICA,20
A-2023-07-54,2023-07-11,14:20,DESPISTE,1,0,1.0,TUMBES,CONTRALMIRANTE VILLAR,ZORRITOS,RURAL,CARRETERA,NACIONAL,PE-1N,-3.851229883307808,-80.8281758789849,SOLEADO,RURAL,TRAMO RECTO,PLANA ,ASFALTADA,,,,,IMPRUDENCIA DEL CONDUCTOR,EXCESO DE VELOCIDAD,14
A-2023-07-56,2023-07-11,22:00,DESPISTE,2,3,1.0,CUSCO,QUISPICANCHI,MARCAPATA,RURAL,CARRETERA,PROVINCIAL,CU-1404,-13.625397,-70.935098,DESPEJADO,RURAL,SINUOSA,INCLINADA,AFIRMADO,SI,PREVENTIVA (P),,NO,NEGLIGENCIA DEL CONDUCTOR,OTRO (NEGLIGENCIA DEL CONDUCTOR),22
A-2023-07-135,2023-07-12,02:45,DESPISTE,1,1,,LIMA,LIMA,INDEPENDENCIA,URBANA,CARRETERA,NACIONAL,PE-1N,-11.98102546742494,-77.06550025297803,DESPEJADO,COMERCIAL,TRAMO RECTO,INCLINADA,ASFALTADA,,,,,EN PROCESO DE INVESTIGACIÓN,NO CUENTA CON CAUSA ESPECIFICA,2
A-2023-07-98,2023-07-12,03:00,CHOQUE,1,0,,LORETO,MAYNAS,IQUITOS,URBANA,CALLE,URBANO,NO CORRESPONDE,-3.7568189,-73.2511955,,,,,,,,,,EN PROCESO DE INVESTIGACIÓN,NO CUENTA CON CAUSA ESPECIFICA,3
A-2023-07-13,2023-07-12,07:30,CHOQUE,2,4,2.0,PUNO,CHUCUITO,JULI,RURAL,CARRETERA,NACIONAL,PE-3S,-16.2239721,-69.4623816,DESPEJADO,RURAL,CURVA,PLANA ,ASFALTADA,,,,,IMPRUDENCIA DEL CONDUCTOR,EXCESO DE VELOCIDAD,7
A-2023-07-88,2023-07-12,10:30,VOLCADURA,1,0,1.0,APURIMAC,CHINCHEROS,URANMARCA,RURAL,CARRETERA,PROVINCIAL,AP-554,-13.7249557965443,-73.6732008685842,SOLEADO,RURAL,TRAMO RECTO,PLANA ,TROCHA,,,,,NEGLIGENCIA DEL CONDUCTOR,OTRO (NEGLIGENCIA DEL CONDUCTOR),10
A-2023-07-28,2023-07-12,17:20,ATROPELLO,1,0,1.0,LA LIBERTAD,SANCHEZ CARRION,HUAMACHUCO,URBANA,AUTOPISTA,URBANO,NO CORRESPONDE,-7.817705,-78.033597,DESPEJADO,COMERCIAL,TRAMO RECTO,PLANA ,ASFALTADA,,,,,EN PROCESO DE INVESTIGACIÓN,NO CUENTA CON CAUSA ESPECIFICA,17
A-2023-07-183,2023-07-12,17:30,CHOQUE,2,1,2.0,CAJAMARCA,CONTUMAZA,CHILETE,RURAL,CARRETERA,NACIONAL,PE-08,-7.22595800802044,-78.8762654033148,DESPEJADO,RURAL,TRAMO RECTO,PLANA ,ASFALTADA,NO,,,SI,IMPRUDENCIA DEL CONDUCTOR,EXCESO DE VELOCIDAD,17
A-2023-07-15,2023-07-12,18:40,ATROPELLO FUGA,1,0,,PUNO,PUNO,CHUCUITO,RURAL,CARRETERA,NACIONAL,PE-3S,-15.901532229327907,-69.88841594055835,DESPEJADO,RURAL,TRAMO RECTO,PLANA ,ASFALTADA,,,,,EN PROCESO DE INVESTIGACIÓN,NO CUENTA CON CAUSA ESPECIFICA,18
A-2023-07-137,2023-07-12,20:30,DESPISTE,1,0,,LIMA,LIMA,VILLA EL SALVADOR,URBANA,AVENIDA,URBANO,NO CORRESPONDE,-12.23976275180896,-76.91212091224831,DESPEJADO,COMERCIAL,ÓVALO,INCLINADA,ASFALTADA,,,,,EN PROCESO DE INVESTIGACIÓN,NO CUENTA CON CAUSA ESPECIFICA,20
A-2023-07-105,2023-07-12,22:15,VOLCADURA,1,0,1.0,PUNO,SAN ANTONIO DE PUTINA,SINA,RURAL,CARRETERA,DEPARTAMENTAL,PU-109,-14.553848,-69.293572,DESPEJADO,RURAL,TRAMO RECTO,PLANA ,TROCHA,,,,,IMPRUDENCIA DEL CONDUCTOR,EXCESO DE VELOCIDAD,22
A-2023-07-138,2023-07-13,00:40,CHOQUE FUGA,1,0,,LIMA,LIMA,CARABAYLLO,URBANA,AVENIDA,URBANO,NO CORRESPONDE,-11.86219135,-77.05585282,DESPEJADO,COMERCIAL,INTERSECCIÓN,INCLINADA,ASFALTADA,,,,,EN PROCESO DE INVESTIGACIÓN,NO CUENTA CON CAUSA ESPECIFICA,0
A-2023-07-107,2023-07-13,08:30,CHOQUE,1,2,2.0,PUNO,HUANCANE,HUANCANE,RURAL,CARRETERA,PROVINCIAL,PU-904,-15.218124141449298,-69.77791930794945,DESPEJADO,RURAL,TRAMO RECTO,PLANA ,TROCHA,,,,,IMPRUDENCIA DEL CONDUCTOR,INVASIÓN DE CARRIL,8
A-2023-07-18,2023-07-13,13:30,CHOQUE,1,2,2.0,ICA,PISCO,SAN CLEMENTE,URBANA,CARRETERA,NACIONAL,PE-1SE,-13.682287,-76.1634073,SOLEADO,RESIDENCIAL,INTERSECCIÓN,PLANA ,ASFALTADA,,,,,EN PROCESO DE INVESTIGACIÓN,NO CUENTA CON CAUSA ESPECIFICA,13
A-2023-07-57,2023-07-13,19:10,CHOQUE CON OBJETO FIJO,1,1,1.0,CUSCO,URUBAMBA,URUBAMBA,URBANA,CALLE,URBANO,NO CORRESPONDE,-13.298155,-72.121077,DESPEJADO,RESIDENCIAL,TRAMO RECTO,PLANA ,CONCRETO,,,,,IMPERICIA DEL CONDUCTOR,,19
A-2023-07-106,2023-07-13,20:00,CHOQUE,1,0,2.0,PUNO,HUANCANE,PUSI,RURAL,CARRETERA,NACIONAL,PE-34H,-15.4064452,-70.0655803,DESPEJADO,RURAL,TRAMO RECTO,PLANA ,ASFALTADA,,,,,IMPRUDENCIA DEL CONDUCTOR,NO ENCENDER LAS LUCES,20
A-2023-07-139,2023-07-13,22:10,ATROPELLO,1,0,,LIMA,LIMA,VILLA MARIA DEL TRIUNFO,URBANA,AVENIDA,URBANO,NO CORRESPONDE,-12.22118669,-76.92032899,DESPEJADO,COMERCIAL,TRAMO RECTO,INCLINADA,ASFALTADA,SI,PREVENTIVA (P),,NO,IMPRUDENCIA DEL CONDUCTOR,OTRO (IMPRUDENCIA DEL CONDUCTOR),22
A-2023-07-19,2023-07-13,23:15,CHOQUE,1,0,2.0,ICA,PALPA,LLIPATA,RURAL,CARRETERA,NACIONAL,PE-1S,-14.6274104,-75.1886216,DESPEJADO,RURAL,TRAMO RECTO,PLANA ,ASFALTADA,,,,,IMPRUDENCIA DEL CONDUCTOR,EXCESO DE VELOCIDAD,23
A-2023-07-52,2023-07-14,04:00,DESPISTE,1,0,1.0,CUSCO,LA CONVENCION,ECHARATE,RURAL,CARRETERA,DEPARTAMENTAL,CU-105,-12.650155,-72.562413,DESPEJADO,RURAL,TRAMO RECTO,PLANA ,ASFALTADA,SI,REGULADORA (R),,NO,IMPRUDENCIA DEL CONDUCTOR,CONDUCIR EN ESTADO DE EBRIEDAD Y/O DROGADICCIÓN,4
A-2023-07-140,2023-07-14,09:20,CHOQUE,1,0,,LIMA,LIMA,LIMA,URBANA,AVENIDA,URBANO,NO CORRESPONDE,-12.06746168,-77.07770363,DESPEJADO,COMERCIAL,TRAMO RECTO,PLANA ,ASFALTADA,,,,,IMPRUDENCIA DEL CONDUCTOR,OTRO (IMPRUDENCIA DEL CONDUCTOR),9
A-2023-07-23,2023-07-14,15:30,DESPISTE,3,0,1.0,ANCASH,HUAYLAS,CARAZ,RURAL,CARRETERA,PROVINCIAL,AN-901,-9.08297910887399,-77.8142607636424,SOLEADO,RURAL,SINUOSA,INCLINADA,AFIRMADO,,,,,IMPRUDENCIA DEL CONDUCTOR,FATIGA Y/O CANSANCIO,15
A-2023-07-21,2023-07-14,19:15,CHOQUE,1,0,2.0,PUNO,PUNO,PICHACANI,RURAL,CARRETERA,NACIONAL,PE-36B,-16.134785534110286,-70.04528753553053,DESPEJADO,RURAL,TRAMO RECTO,PLANA ,ASFALTADA,,,,,IMPRUDENCIA DEL CONDUCTOR,EXCESO DE VELOCIDAD,19
A-2023-07-185,2023-07-15,08:20,DESPISTE,3,9,1.0,CAJAMARCA,HUALGAYOC,HUALGAYOC,RURAL,CARRETERA,NACIONAL,PE-3N,-6.7758188,-78.6417937,DESPEJADO,RURAL,TRAMO RECTO,PLANA ,ASFALTADA,,,,,IMPRUDENCIA DEL CONDUCTOR,OTRO (IMPRUDENCIA DEL CONDUCTOR),8
A-2023-07-184,2023-07-16,01:50,VOLCADURA,1,1,1.0,CAJAMARCA,SAN MARCOS,GREGORIO PITA,RURAL,CARRETERA,NACIONAL,PE-3N,-7.324748,-78.17082,DESPEJADO,COMERCIAL,CURVA,PLANA ,ASFALTADA,NO,,,SI,IMPRUDENCIA DEL CONDUCTOR,CONDUCIR EN ESTADO DE EBRIEDAD Y/O DROGADICCIÓN,1
A-2023-07-141,2023-07-16,03:50,CHOQUE,1,0,,LIMA,LIMA,LIMA,URBANA,AVENIDA,URBANO,NO CORRESPONDE,-12.05411824,-77.06161635,DESPEJADO,COMERCIAL,INTERSECCIÓN,PLANA ,ASFALTADA,SI,REGULADORA (R),,NO,EN PROCESO DE INVESTIGACIÓN,NO CUENTA CON CAUSA ESPECIFICA,3
A-2023-07-29,2023-07-16,06:00,DESPISTE,1,0,1.0,LA LIBERTAD,PATAZ,PARCOY,RURAL,CARRETERA,NACIONAL,PE-10C,-8.049815659119059,-77.43703641620576,DESPEJADO,RURAL,TRAMO RECTO,PLANA ,AFIRMADO,,,,,EN PROCESO DE INVESTIGACIÓN,NO CUENTA CON CAUSA ESPECIFICA,6
A-2023-07-50,2023-07-16,08:30,DESPISTE,1,1,1.0,ANCASH,SIHUAS,ALFONSO UGARTE,RURAL,CARRETERA,SIN CLASIFICAR,SIN CLASIFICAR,-8.45764059376214,-77.4440901963318,DESPEJADO,RURAL,CURVA,INCLINADA,TROCHA,,,,,EN PROCESO DE INVESTIGACIÓN,NO CUENTA CON CAUSA ESPECIFICA,8
A-2023-07-26,2023-07-16,14:30,DESPISTE,2,0,1.0,PUNO,PUNO,PAUCARCOLLA,RURAL,CARRETERA,PROVINCIAL,PU-1061,-15.76270352155177,-70.06938454054797,DESPEJADO,RURAL,TRAMO RECTO,PLANA ,ASFALTADA,,,,,IMPRUDENCIA DEL CONDUCTOR,EXCESO DE VELOCIDAD,14
A-2023-07-96,2023-07-16,21:00,CHOQUE FUGA,1,1,,PIURA,PIURA,TAMBO GRANDE,RURAL,CARRETERA,NACIONAL,PE-1NR,-4.991636,-80.220575,DESPEJADO,RURAL,CURVA,INCLINADA,ASFALTADA,,,,,EN PROCESO DE INVESTIGACIÓN,NO CUENTA CON CAUSA ESPECIFICA,21
A-2023-07-158,2023-07-16,23:40,DESPISTE,1,0,1.0,HUANCAVELICA,HUANCAVELICA,ACORIA,RURAL,CARRETERA,NACIONAL,PE-3S,-12.5010409,-74.72031999,DESPEJADO,RURAL,CURVA,PLANA ,ASFALTADA,,,,,EN PROCESO DE INVESTIGACIÓN,NO CUENTA CON CAUSA ESPECIFICA,23
A-2023-07-108,2023-07-17,02:00,VOLCADURA,1,0,1.0,PUNO,SANDIA,SAN JUAN DEL ORO,RURAL,CARRETERA,SIN CLASIFICAR,SIN CLASIFICAR,-14.211834616489185,-69.16513602539725,DESPEJADO,RURAL,TRAMO RECTO,PLANA ,TROCHA,,,,,IMPRUDENCIA DEL CONDUCTOR,EXCESO DE VELOCIDAD,2
A-2023-07-32,2023-07-17,08:30,CHOQUE,1,0,2.0,AREQUIPA,CAYLLOMA,COPORAQUE,RURAL,CARRETERA,PROVINCIAL,AR-681,-15.635682,-71.655046,DESPEJADO,RURAL,CURVA,INCLINADA,ASFALTADA,SI,PREVENTIVA (P),,SI,EN PROCESO DE INVESTIGACIÓN,NO CUENTA CON CAUSA ESPECIFICA,8
A-2023-07-109,2023-07-17,11:45,CHOQUE,1,0,2.0,PUNO,AZANGARO,TIRAPATA,RURAL,CARRETERA,NACIONAL,PE-3SH,-14.990365,-70.3610238,DESPEJADO,RURAL,TRAMO RECTO,PLANA ,ASFALTADA,,,,,IMPRUDENCIA DEL CONDUCTOR,OTRO (IMPRUDENCIA DEL CONDUCTOR),11
A-2023-07-30,2023-07-17,14:30,DESPISTE,1,1,1.0,LA LIBERTAD,JULCAN,JULCAN,RURAL,CARRETERA,PROVINCIAL,LI-997,-8.020962234851163,-78.48804579396595,DESPEJADO,RURAL,TRAMO RECTO,PLANA ,AFIRMADO,,,,,EN PROCESO DE INVESTIGACIÓN,NO CUENTA CON CAUSA ESPECIFICA,14
A-2023-07-74,2023-07-17,17:10,CHOQUE,1,0,2.0,CUSCO,ESPINAR,ESPINAR,URBANA,CARRETERA,SIN CLASIFICAR,SIN CLASIFICAR,-14.808531,-71.431609,DESPEJADO,RESIDENCIAL,CURVA,PLANA ,ASFALTADA,SI,REGULADORA (R),,NO,IMPRUDENCIA DEL CONDUCTOR,EXCESO DE VELOCIDAD,17
A-2023-07-65,2023-07-17,17:30,DESPISTE,2,2,,PIURA,HUANCABAMBA,HUARMACA,RURAL,CARRETERA,NACIONAL,PE-04B,-5.82389,-79.46549,DESPEJADO,RURAL,CURVA,PLANA ,ASFALTADA,SI,PREVENTIVA (P),,NO,INFRAESTRUCTURA Y ENTORNO VIAL,OTRO (INFRAESTRUCTURA Y ENTORNO VIAL),17
A-2023-07-31,2023-07-17,22:00,DESPISTE,4,0,1.0,LA LIBERTAD,PATAZ,PIAS,RURAL,CARRETERA,NACIONAL,PE-10C,-7.927728065647655,-77.53649355559405,DESPEJADO,RURAL,CURVA,PLANA ,AFIRMADO,,,,,EN PROCESO DE INVESTIGACIÓN,NO CUENTA CON CAUSA ESPECIFICA,22
A-2023-07-142,2023-07-18,14:30,ATROPELLO,1,0,,LIMA,LIMA,SAN MARTIN DE PORRES,URBANA,AVENIDA,URBANO,NO CORRESPONDE,-12.0304736,-77.0897219,DESPEJADO,ESCOLAR,INTERSECCIÓN,PLANA ,ASFALTADA,SI,PREVENTIVA (P),,NO,EN PROCESO DE INVESTIGACIÓN,NO CUENTA CON CAUSA ESPECIFICA,14
A-2023-07-25,2023-07-18,14:30,DESPISTE,12,12,1.0,ANCASH,CARLOS FERMIN FITZCARRALD,SAN LUIS,RURAL,CARRETERA,NACIONAL,PE-14C,-9.08847557836807,-77.3395828417028,DESPEJADO,RURAL,TRAMO RECTO,INCLINADA,TROCHA,,,,,EN PROCESO DE INVESTIGACIÓN,NO CUENTA CON CAUSA ESPECIFICA,14
A-2023-07-27,2023-07-18,16:40,CHOQUE,1,1,2.0,ANCASH,HUARI,HUARI,RURAL,CARRETERA,NACIONAL,PE-14A,-9.394171646954865,-77.14233216814972,DESPEJADO,RURAL,TRAMO RECTO,INCLINADA,ASFALTADA,,,,,IMPRUDENCIA DEL CONDUCTOR,EXCESO DE VELOCIDAD,16
A-2023-07-164,2023-07-18,18:30,ATROPELLO FUGA,1,0,,JUNIN,CHUPACA,HUAMANCACA CHICO,URBANA,CARRETERA,NACIONAL,PE-3SZ,-12.08168,-75.24747,DESPEJADO,RURAL,INTERSECCIÓN,PLANA ,ASFALTADA,,,,,EN PROCESO DE INVESTIGACIÓN,NO CUENTA CON CAUSA ESPECIFICA,18
A-2023-07-42,2023-07-19,13:15,DESPISTE,1,1,1.0,ICA,NASCA,MARCONA,URBANA,CARRETERA,NACIONAL,PE-1S,-15.209869344349125,-74.95349047129068,SOLEADO,RURAL,TRAMO RECTO,PLANA ,ASFALTADA,,,,,IMPRUDENCIA DEL CONDUCTOR,EXCESO DE VELOCIDAD,13
A-2023-07-112,2023-07-19,19:10,ATROPELLO FUGA,1,0,0.0,PUNO,HUANCANE,VILQUE CHICO,RURAL,CARRETERA,NACIONAL,PE-34L,-15.187462646660697,-69.58667081619853,DESPEJADO,RURAL,TRAMO RECTO,PLANA ,ASFALTADA,,,,,IMPRUDENCIA DEL CONDUCTOR,OTRO (IMPRUDENCIA DEL CONDUCTOR),19
A-2023-07-178,2023-07-20,04:30,DESPISTE,1,0,1.0,TACNA,TACNA,LA YARADA LOS PALOS,RURAL,CARRETERA,SIN CLASIFICAR,SIN CLASIFICAR,-18.174278,-70.510726,DESPEJADO,RURAL,TRAMO RECTO,PLANA ,TROCHA,,,,,IMPERICIA DEL CONDUCTOR,,4
A-2023-07-51,2023-07-20,20:00,ATROPELLO,1,0,1.0,CUSCO,LA CONVENCION,SANTA ANA,RURAL,CARRETERA,NACIONAL,PE-28B,-12.808549228990096,-72.68628538993764,DESPEJADO,RURAL,TRAMO RECTO,PLANA ,ASFALTADA,SI,PREVENTIVA (P),,SI,IMPRUDENCIA DEL PEATÓN,CRUCE INDEBIDO POR LA CALZADA,20