codigo_siniestro,fecha_siniestro,hora_siniestro,clase_siniestro,cantidad_fallecidos,cantidad_lesionados,cantidad_vehiculos_danados,departamento,provincia,distrito,zona,tipo_via,red_vial,cod_carretera,latitud,longitud,condicion_climatica,zonificacion,caracteristicas_via,perfil_longitudinal_via,superficie_calzada,existe_senal_vertical,clasificacion_senal_vertical_1,clasificacion_senal_vertical_2,existe_senal_horizontal,causa_factor_principal,causa_especifica,hora_del_dia
A-2024-02-39,2024-02-14,00:30,DESPISTE,1,3,1.0,CUSCO,CHUMBIVILCAS,VELILLE,RURAL,CARRETERA,NACIONAL,PE-3SG,-14.580281502022988,-71.72681799304192,NIEBLA,RURAL,TRAMO RECTO,PLANA ,ASFALTADA,,,,,IMPRUDENCIA DEL CONDUCTOR,OTRO (IMPRUDENCIA DEL CONDUCTOR),0
A-2024-02-24,2024-02-14,05:30,DESPISTE,1,3,1.0,PUNO,CHUCUITO,ZEPITA,RURAL,CARRETERA,NACIONAL,PE-3S,-16.468774098015313,-69.12988720003219,LLUVIOSO,RURAL,TRAMO RECTO,PLANA ,ASFALTADA,,,,,INFRAESTRUCTURA Y ENTORNO VIAL,OTRO (INFRAESTRUCTURA Y ENTORNO VIAL),5
A-2024-02-50,2024-02-14,10:00,ESPECIAL,1,0,,CUSCO,CANAS,CHECCA,RURAL,CARRETERA,PROVINCIAL,CU-1781,-14.545302503119563,-71.39402028162532,LLUVIOSO,RURAL,TRAMO RECTO,INCLINADA,TROCHA,,,,,NEGLIGENCIA DEL CONDUCTOR,OTRO (NEGLIGENCIA DEL CONDUCTOR),10
A-2024-02-25,2024-02-14,21:03,CHOQUE,1,0,1.0,PUNO,EL COLLAO,ILAVE,RURAL,CARRETERA,NACIONAL,PE-3S,-16.0952657,-69.6220801,DESPEJADO,RURAL,TRAMO RECTO,PLANA ,ASFALTADA,,,,,EN PROCESO DE INVESTIGACIÓN,NO CUENTA CON CAUSA ESPECIFICA,21
A-2024-02-26,2024-02-15,05:20,CHOQUE,1,0,2.0,PUNO,CHUCUITO,ZEPITA,RURAL,CARRETERA,DEPARTAMENTAL,PU-130,-16.46889241778657,-69.12971020673335,DESPEJADO,RURAL,TRAMO RECTO,PLANA ,ASFALTADA,,,,,IMPRUDENCIA DEL CONDUCTOR,INVASIÓN DE CARRIL,5
A-2024-02-41,2024-02-15,12:20,ATROPELLO,1,0,,CUSCO,CUSCO,SANTIAGO,URBANA,JIRÓN,URBANO,NO CORRESPONDE,-13.52876389,-71.97397222,DESPEJADO,RESIDENCIAL,TRAMO RECTO,INCLINADA,CONCRETO,,,,,IMPRUDENCIA DEL CONDUCTOR,OTRO (IMPRUDENCIA DEL CONDUCTOR),12
A-2024-02-27,2024-02-16,08:00,ATROPELLO FUGA,1,0,,PUNO,PUNO,CAPACHICA,RURAL,CARRETERA,DEPARTAMENTAL,PU-119,-15.620742045578927,-69.83510993607737,DESPEJADO,RURAL,TRAMO RECTO,PLANA ,ASFALTADA,,,,,IMPRUDENCIA DEL PEATÓN,CRUCE INDEBIDO POR LA CALZADA,8
A-2024-02-134,2024-02-16,11:00,ATROPELLO,1,0,,LIMA,LIMA,LIMA,URBANA,JIRÓN,URBANO,NO CORRESPONDE,-12.044786028411,-77.02475469896787,DESPEJADO,COMERCIAL,TRAMO RECTO,PLANA ,ASFALTADA,,,,,IMPRUDENCIA DEL PEATÓN,DESACATO DE SEÑAL DE TRÁNSITO,11
A-2024-02-17,2024-02-16,19:30,DESPISTE,2,1,1.0,APURIMAC,ANDAHUAYLAS,JOSE MARIA ARGUEDAS,RURAL,CARRETERA,PROVINCIAL,AP-692,-13.760188,-73.376633,LLUVIOSO,RURAL,CURVA,INCLINADA,TROCHA,,,,,EN PROCESO DE INVESTIGACIÓN,NO CUENTA CON CAUSA ESPECIFICA,19
A-2024-02-148,2024-02-16,23:50,DESPISTE,1,0,,LIMA,LIMA,VILLA EL SALVADOR,URBANA,CARRETERA,NACIONAL,PE-1S,-12.233846,-76.960711,DESPEJADO,RURAL,TRAMO RECTO,PLANA ,ASFALTADA,,,,,EN PROCESO DE INVESTIGACIÓN,NO CUENTA CON CAUSA ESPECIFICA,23
A-2024-02-116,2024-02-17,04:10,ATROPELLO FUGA,1,0,,CAJAMARCA,CAJAMARCA,MAGDALENA,RURAL,CARRETERA,NACIONAL,PE-08,-7.271027,-78.623922,DESPEJADO,RURAL,TRAMO RECTO,PLANA ,ASFALTADA,,,,,EN PROCESO DE INVESTIGACIÓN,NO CUENTA CON CAUSA ESPECIFICA,4
A-2024-02-70,2024-02-17,06:30,ATROPELLO FUGA,1,0,,ICA,NASCA,MARCONA,RURAL,CARRETERA,NACIONAL,PE-30,-15.25923313,-75.04067431,DESPEJADO,RURAL,OTRO,PLANA ,TROCHA,,,,,EN PROCESO DE INVESTIGACIÓN,NO CUENTA CON CAUSA ESPECIFICA,6
A-2024-02-71,2024-02-17,07:20,DESPISTE,1,1,1.0,ICA,PISCO,HUMAY,RURAL,CARRETERA,NACIONAL,PE-28A,-13.718896,-75.868129,DESPEJADO,RURAL,CURVA,INCLINADA,ASFALTADA,,,,,EN PROCESO DE INVESTIGACIÓN,NO CUENTA CON CAUSA ESPECIFICA,7
A-2024-02-118,2024-02-17,16:45,CHOQUE,1,0,2.0,CAJAMARCA,SAN IGNACIO,CHIRINOS,RURAL,CARRETERA,NACIONAL,PE-5N,-5.305776,-78.812628,DESPEJADO,RURAL,CURVA,INCLINADA,ASFALTADA,,,,,IMPRUDENCIA DEL CONDUCTOR,EXCESO DE VELOCIDAD,16
A-2024-02-31,2024-02-17,19:00,DESPISTE,1,3,1.0,LA LIBERTAD,SANTIAGO DE CHUCO,QUIRUVILCA,RURAL,CARRETERA,PROVINCIAL,LI-939,-8.012174998632194,-78.3037855466062,DESPEJADO,RURAL,TRAMO RECTO,PLANA ,ASFALTADA,,,,,IMPRUDENCIA DEL CONDUCTOR,OTRO (IMPRUDENCIA DEL CONDUCTOR),19
A-2024-02-117,2024-02-17,19:30,ATROPELLO,1,0,1.0,CAJAMARCA,CAJAMARCA,CAJAMARCA,RURAL,CARRETERA,NACIONAL,PE-08B,-7.1651918,-78.4820803,DESPEJADO,RURAL,TRAMO RECTO,PLANA ,ASFALTADA,,,,,IMPRUDENCIA DEL CONDUCTOR,EXCESO DE VELOCIDAD,19
A-2024-02-21,2024-02-17,23:30,ATROPELLO FUGA,1,0,,CUSCO,CUSCO,SAYLLA,URBANA,CARRETERA,NACIONAL,PE-3S,-13.5641,-71.8394,DESPEJADO,COMERCIAL,TRAMO RECTO,PLANA ,ASFALTADA,,,,,EN PROCESO DE INVESTIGACIÓN,NO CUENTA CON CAUSA ESPECIFICA,23
A-2024-02-28,2024-02-18,02:00,ATROPELLO FUGA,1,0,,PUNO,CHUCUITO,JULI,RURAL,CARRETERA,NACIONAL,PE-3S,-16.177411068268153,-69.53393190086886,DESPEJADO,RURAL,TRAMO RECTO,PLANA ,ASFALTADA,,,,,IMPRUDENCIA DEL CONDUCTOR,OTRO (IMPRUDENCIA DEL CONDUCTOR),2
A-2024-02-63,2024-02-18,05:00,ATROPELLO FUGA,1,0,0.0,TACNA,TACNA,LA YARADA LOS PALOS,RURAL,CARRETERA,NACIONAL,PE-1SD,-18.177781,-70.504505,DESPEJADO,RURAL,TRAMO RECTO,PLANA ,ASFALTADA,,,,,EN PROCESO DE INVESTIGACIÓN,NO CUENTA CON CAUSA ESPECIFICA,5
A-2024-02-30,2024-02-18,05:10,ATROPELLO,1,0,1.0,LA LIBERTAD,PATAZ,PATAZ,RURAL,CARRETERA,SIN CLASIFICAR,SIN CLASIFICAR,-7.7177953695,-77.6632707699,DESPEJADO,RURAL,TRAMO RECTO,PLANA ,TROCHA,,,,,EN PROCESO DE INVESTIGACIÓN,NO CUENTA CON CAUSA ESPECIFICA,5
A-2024-02-23,2024-02-18,10:40,DESPISTE,1,0,1.0,CUSCO,LA CONVENCION,QUELLOUNO,RURAL,CARRETERA,DEPARTAMENTAL,CU-104,-12.575459,-72.53775,DESPEJADO,RURAL,TRAMO RECTO,PLANA ,AFIRMADO,,,,,IMPRUDENCIA DEL CONDUCTOR,OTRO (IMPRUDENCIA DEL CONDUCTOR),10
A-2024-02-82,2024-02-18,13:30,ATROPELLO FUGA,1,0,0.0,ICA,ICA,SANTIAGO,RURAL,CARRETERA,NACIONAL,PE-1S,-14.398034,-75.578175,DESPEJADO,RURAL,TRAMO RECTO,PLANA ,ASFALTADA,,,,,EN PROCESO DE INVESTIGACIÓN,NO CUENTA CON CAUSA ESPECIFICA,13
A-2024-02-32,2024-02-18,20:10,ATROPELLO,1,0,1.0,LA LIBERTAD,TRUJILLO,MOCHE,URBANA,CARRETERA,NACIONAL,PE-1N,-8.15767336,-79.01224176,DESPEJADO,COMERCIAL,TRAMO RECTO,PLANA ,ASFALTADA,,,,,EN PROCESO DE INVESTIGACIÓN,NO CUENTA CON CAUSA ESPECIFICA,20
A-2024-02-13,2024-02-18,20:45,ATROPELLO,1,0,1.0,AREQUIPA,AREQUIPA,UCHUMAYO,URBANA,CARRETERA,NACIONAL,PE-34A,-16.409664,-71.619861,DESPEJADO,COMERCIAL,TRAMO RECTO,PLANA ,ASFALTADA,NO,,,SI,EN PROCESO DE INVESTIGACIÓN,NO CUENTA CON CAUSA ESPECIFICA,20
A-2024-02-16,2024-02-19,03:15,CHOQUE,3,0,2.0,CUSCO,QUISPICANCHI,OROPESA,URBANA,CARRETERA,NACIONAL,PE-3S,-13.590847627281422,-71.7892386920133,LLUVIOSO,COMERCIAL,TRAMO RECTO,PLANA ,ASFALTADA,NO,,,SI,IMPRUDENCIA DEL CONDUCTOR,INVASIÓN DE CARRIL,3
A-2024-02-80,2024-02-19,05:15,DESPISTE,1,1,,PIURA,PIURA,CASTILLA,URBANA,AVENIDA,URBANO,NO CORRESPONDE,-5.183406873301657,-80.62150573803714,DESPEJADO,ESCOLAR,TRAMO RECTO,PLANA ,ASFALTADA,,,,,EN PROCESO DE INVESTIGACIÓN,NO CUENTA CON CAUSA ESPECIFICA,5
A-2024-02-149,2024-02-19,06:30,DESPISTE,1,0,,LIMA,HUAROCHIRI,RICARDO PALMA,RURAL,CARRETERA,NACIONAL,PE-22,-11.922041033393077,-76.62634651068272,DESPEJADO,RURAL,TRAMO RECTO,PLANA ,ASFALTADA,,,,,EN PROCESO DE INVESTIGACIÓN,NO CUENTA CON CAUSA ESPECIFICA,6
A-2024-02-45,2024-02-19,07:30,DESPISTE,1,5,1.0,AYACUCHO,LA MAR,ORONCCOY,RURAL,CARRETERA,SIN CLASIFICAR,SIN CLASIFICAR,-13.427307,-73.400218,DESPEJADO,RURAL,CURVA,INCLINADA,AFIRMADO,,,,,IMPRUDENCIA DEL CONDUCTOR,EXCESO DE VELOCIDAD,7
A-2024-02-143,2024-02-19,23:00,ATROPELLO,1,0,1.0,PUNO,AZANGARO,SAMAN,RURAL,CARRETERA,PROVINCIAL,PU-804,-15.244024,-70.059712,DESPEJADO,RURAL,TRAMO RECTO,PLANA ,TROCHA,,,,,IMPRUDENCIA DEL CONDUCTOR,EXCESO DE VELOCIDAD,23
A-2024-02-85,2024-02-19,23:30,DESPISTE,1,1,,JUNIN,TARMA,TARMA,RURAL,CARRETERA,NACIONAL,PE-22B,-11.40438493061171,-75.88275069550514,DESPEJADO,RURAL,CURVA,INCLINADA,ASFALTADA,SI,REGULADORA (R),,SI,IMPRUDENCIA DEL CONDUCTOR,OTRO (IMPRUDENCIA DEL CONDUCTOR),23
A-2024-02-51,2024-02-20,05:30,CHOQUE,1,4,,ICA,CHINCHA,GROCIO PRADO,RURAL,CARRETERA,NACIONAL,PE-1S,-13.400668,-76.195051,,,,,,,,,,EN PROCESO DE INVESTIGACIÓN,NO CUENTA CON CAUSA ESPECIFICA,5
A-2024-02-43,2024-02-20,09:30,ATROPELLO,1,0,,PUNO,CHUCUITO,DESAGUADERO,RURAL,CARRETERA,NACIONAL,PE-3S,-16.5414055,-69.0579934,DESPEJADO,RURAL,TRAMO RECTO,PLANA ,ASFALTADA,,,,,IMPRUDENCIA DEL PEATÓN,CRUCE INDEBIDO POR LA CALZADA,9
A-2024-02-135,2024-02-20,17:40,CHOQUE,1,1,,LIMA,LIMA,BREÑA,URBANA,JIRÓN,URBANO,NO CORRESPONDE,-12.050363,-77.047327,DESPEJADO,RESIDENCIAL,INTERSECCIÓN,PLANA ,ASFALTADA,,,,,IMPRUDENCIA DEL CONDUCTOR,DESACATO DE SEÑAL DE TRÁNSITO,17
A-2024-02-150,2024-02-20,20:20,CHOQUE,1,0,,LIMA,LIMA,MIRAFLORES,URBANA,AVENIDA,URBANO,NO CORRESPONDE,-12.12868991701721,-77.00220125491875,DESPEJADO,COMERCIAL,TRAMO RECTO,PLANA ,ASFALTADA,,,,,IMPRUDENCIA DEL CONDUCTOR,INVASIÓN DE CARRIL,20
A-2024-02-57,2024-02-21,06:00,DESPISTE,1,0,1.0,APURIMAC,CHINCHEROS,LOS CHANKAS,RURAL,CARRETERA,PROVINCIAL,AP-509,-13.372159,-73.732751,DESPEJADO,RURAL,CURVA,INCLINADA,TROCHA,,,,,IMPRUDENCIA DEL CONDUCTOR,EXCESO DE VELOCIDAD,6
A-2024-02-119,2024-02-22,02:30,DESPISTE,1,1,1.0,CAJAMARCA,HUALGAYOC,BAMBAMARCA,URBANA,CARRETERA,NACIONAL,PE-3N,-6.667,-78.534671,DESPEJADO,ESCOLAR,TRAMO RECTO,PLANA ,ASFALTADA,SI,REGULADORA (R),,SI,IMPRUDENCIA DEL CONDUCTOR,EXCESO DE VELOCIDAD,2
A-2024-02-33,2024-02-22,10:00,DESPISTE,1,4,1.0,LA LIBERTAD,PATAZ,TAYABAMBA,RURAL,CARRETERA,NACIONAL,PE-10C,-8.33472185036406,-77.25402556301286,DESPEJADO,RURAL,TRAMO RECTO,PLANA ,TROCHA,,,,,IMPRUDENCIA DEL CONDUCTOR,VEHÍCULO MAL ESTACIONADO,10
A-2024-02-34,2024-02-22,12:00,CHOQUE,1,2,2.0,LA LIBERTAD,ASCOPE,PAIJAN,URBANA,CARRETERA,NACIONAL,PE-1N,-7.7370519634,-79.2954011547,DESPEJADO,COMERCIAL,TRAMO RECTO,PLANA ,ASFALTADA,,,,,EN PROCESO DE INVESTIGACIÓN,NO CUENTA CON CAUSA ESPECIFICA,12
A-2024-02-75,2024-02-22,15:30,CHOQUE,1,1,,PIURA,PIURA,VEINTISEIS DE OCTUBRE,RURAL,AVENIDA,URBANO,NO CORRESPONDE,-5.188979,-80.67793,DESPEJADO,RURAL,TRAMO RECTO,PLANA ,ASFALTADA,,,,,EN PROCESO DE INVESTIGACIÓN,NO CUENTA CON CAUSA ESPECIFICA,15
A-2024-02-54,2024-02-22,21:00,DESPISTE,2,0,,ICA,CHINCHA,SAN JUAN DE YANAC,,CARRETERA,DEPARTAMENTAL,IC-101,-13.235706,-75.898956,,,,,,,,,,EN PROCESO DE INVESTIGACIÓN,NO CUENTA CON CAUSA ESPECIFICA,21
A-2024-02-49,2024-02-23,04:30,ATROPELLO FUGA,1,0,,CUSCO,CUSCO,SAN SEBASTIAN,URBANA,CALLE,URBANO,NO CORRESPONDE,-13.54513,-71.955572,LLUVIOSO,RESIDENCIAL,CURVA,INCLINADA,CONCRETO,,,,,EN PROCESO DE INVESTIGACIÓN,NO CUENTA CON CAUSA ESPECIFICA,4
A-2024-02-156,2024-02-23,12:40,DESPISTE,3,2,,MOQUEGUA,MARISCAL NIETO,MOQUEGUA,URBANA,CARRETERA,PROVINCIAL,MO-579,-17.2005821,-70.9283283,,,,,,,,,,EN PROCESO DE INVESTIGACIÓN,NO CUENTA CON CAUSA ESPECIFICA,12
A-2024-02-59,2024-02-23,16:30,DESPISTE,1,16,1.0,AMAZONAS,UTCUBAMBA,JAMALCA,RURAL,CARRETERA,NACIONAL,PE-5N,-5.8406012,-78.236837,DESPEJADO,RURAL,CURVA,PLANA ,ASFALTADA,SI,REGULADORA (R),PREVENTIVA (P),SI,EN PROCESO DE INVESTIGACIÓN,NO CUENTA CON CAUSA ESPECIFICA,16
A-2024-02-136,2024-02-23,18:10,DESPISTE,2,1,,LIMA,LIMA,ATE,URBANA,CARRETERA,NACIONAL,PE-1S,-12.06408331102741,-76.97148346045434,DESPEJADO,INDUSTRIAL,TRAMO RECTO,PLANA ,ASFALTADA,,,,,IMPRUDENCIA DEL CONDUCTOR,OTRO (IMPRUDENCIA DEL CONDUCTOR),18
A-2024-02-137,2024-02-23,19:30,ATROPELLO,1,0,,LIMA,LIMA,SAN JUAN DE LURIGANCHO,URBANA,AVENIDA,URBANO,NO CORRESPONDE,-11.95944972898839,-76.98744266973806,DESPEJADO,COMERCIAL,INTERSECCIÓN,PLANA ,ASFALTADA,NO,,,SI,IMPRUDENCIA DEL PEATÓN,CRUCE INDEBIDO POR LA CALZADA,19
A-2024-02-138,2024-02-24,01:30,ATROPELLO,1,0,,LIMA,LIMA,VILLA EL SALVADOR,URBANA,CARRETERA,NACIONAL,PE-1S,-12.202646,-76.974128,DESPEJADO,INDUSTRIAL,TRAMO RECTO,PLANA ,ASFALTADA,,,,,EN PROCESO DE INVESTIGACIÓN,NO CUENTA CON CAUSA ESPECIFICA,1
A-2024-02-88,2024-02-24,09:38,CHOQUE,1,0,,CALLAO,CALLAO,CALLAO,URBANA,CARRETERA,DEPARTAMENTAL,CL-100,-12.0312493316246,-77.1275650443906,DESPEJADO,INDUSTRIAL,TRAMO RECTO,PLANA ,ASFALTADA,NO,,,SI,EN PROCESO DE INVESTIGACIÓN,NO CUENTA CON CAUSA ESPECIFICA,9
A-2024-02-151,2024-02-24,13:00,CHOQUE,1,0,,LIMA,LIMA,LIMA,URBANA,AVENIDA,URBANO,NO CORRESPONDE,-12.047547592459168,-77.0131650055733,DESPEJADO,RESIDENCIAL,TRAMO RECTO,PLANA ,ASFALTADA,,,,,IMPRUDENCIA DEL CONDUCTOR,ADELANTAR INDEBIDAMENTE,13
A-2024-02-42,2024-02-24,14:20,DESPISTE,1,0,1.0,CUSCO,QUISPICANCHI,MARCAPATA,RURAL,CARRETERA,NACIONAL,PE-30C,-13.62705556,-71.06597222,DESPEJADO,RURAL,SINUOSA,PLANA ,ASFALTADA,SI,PREVENTIVA (P),,SI,IMPRUDENCIA DEL CONDUCTOR,EXCESO DE VELOCIDAD,14
A-2024-02-35,2024-02-24,15:50,CHOQUE,1,0,2.0,LA LIBERTAD,VIRU,VIRU,RURAL,CARRETERA,NACIONAL,PE-1N,-8.4433921213,-78.7475442432,DESPEJADO,RURAL,INTERSECCIÓN,PLANA ,ASFALTADA,,,,,EN PROCESO DE INVESTIGACIÓN,NO CUENTA CON CAUSA ESPECIFICA,15
A-2024-02-37,2024-02-24,20:45,CHOQUE,1,0,2.0,AREQUIPA,AREQUIPA,CERRO COLORADO,URBANA,CARRETERA,NACIONAL,PE-34C,-16.404679,-71.575925,DESPEJADO,COMERCIAL,TRAMO RECTO,PLANA ,ASFALTADA,NO,,,SI,EN PROCESO DE INVESTIGACIÓN,NO CUENTA CON CAUSA ESPECIFICA,20
A-2024-02-36,2024-02-24,22:00,DESPISTE,1,0,1.0,LA LIBERTAD,PACASMAYO,SAN JOSE,RURAL,CARRETERA,PROVINCIAL,LI-571,-7.336321617402184,-79.47167834692206,DESPEJADO,RURAL,TRAMO RECTO,PLANA ,AFIRMADO,,,,,EN PROCESO DE INVESTIGACIÓN,NO CUENTA CON CAUSA ESPECIFICA,22
A-2024-02-38,2024-02-25,00:45,ATROPELLO FUGA,1,0,1.0,AREQUIPA,AREQUIPA,MARIANO MELGAR,URBANA,CALLE,URBANO,NO CORRESPONDE,-16.404366570931828,-71.48982340649606,DESPEJADO,RESIDENCIAL,TRAMO RECTO,INCLINADA,ASFALTADA,,,,,EN PROCESO DE INVESTIGACIÓN,NO CUENTA CON CAUSA ESPECIFICA,0
A-2024-02-55,2024-02-25,03:32,CHOQUE,1,4,2.0,TUMBES,TUMBES,CORRALES,RURAL,CARRETERA,NACIONAL,PE-1N,-3.617406093786226,-80.53200598260511,DESPEJADO,RURAL,INTERSECCIÓN,PLANA ,ASFALTADA,,,,,IMPRUDENCIA DEL CONDUCTOR,NO ESTABLECER EL DERECHO DE PASO,3
A-2024-02-139,2024-02-25,05:15,ATROPELLO FUGA,1,0,,LIMA,LIMA,SAN JUAN DE MIRAFLORES,URBANA,CARRETERA,NACIONAL,PE-1S,-12.170759,-76.979316,DESPEJADO,COMERCIAL,TRAMO RECTO,PLANA ,ASFALTADA,,,,,EN PROCESO DE INVESTIGACIÓN,NO CUENTA CON CAUSA ESPECIFICA,5
A-2024-02-56,2024-02-25,06:20,ATROPELLO FUGA,1,0,,TUMBES,CONTRALMIRANTE VILLAR,ZORRITOS,RURAL,CARRETERA,NACIONAL,PE-1N,-3.735100122387653,-80.76705330187568,DESPEJADO,RURAL,TRAMO RECTO,PLANA ,ASFALTADA,,,,,IMPRUDENCIA DEL PEATÓN,ESTADO DE EBRIEDAD Y/O DROGADICCIÓN,6
A-2024-02-48,2024-02-25,06:30,DESPISTE,1,3,1.0,CUSCO,CHUMBIVILCAS,VELILLE,RURAL,CARRETERA,NACIONAL,PE-3SG,-14.587881963423827,-71.73256335113707,DESPEJADO,RURAL,SINUOSA,INCLINADA,ASFALTADA,,,,,IMPRUDENCIA DEL CONDUCTOR,OTRO (IMPRUDENCIA DEL CONDUCTOR),6
A-2024-02-44,2024-02-25,19:00,CHOQUE,1,0,2.0,PUNO,EL COLLAO,ILAVE,RURAL,CARRETERA,NACIONAL,PE-3S,-16.103544877395738,-69.60962713043281,DESPEJADO,RURAL,TRAMO RECTO,PLANA ,ASFALTADA,,,,,IMPRUDENCIA DEL CONDUCTOR,EXCESO DE VELOCIDAD,19
A-2024-02-86,2024-02-25,22:30,ATROPELLO FUGA,1,0,,JUNIN,HUANCAYO,SAPALLANGA,URBANA,CARRETERA,NACIONAL,PE-3SC,-12.149429908948168,-75.15832348264678,LLUVIOSO,RURAL,TRAMO RECTO,PLANA ,ASFALTADA,NO,,,SI,EN PROCESO DE INVESTIGACIÓN,NO CUENTA CON CAUSA ESPECIFICA,22
A-2024-02-95-A,2024-02-26,01:00,ATROPELLO FUGA,1,0,,AMAZONAS,UTCUBAMBA,EL MILAGRO,RURAL,CARRETERA,NACIONAL,PE-5N,-5.712248,-78.589743,DESPEJADO,RURAL,TRAMO RECTO,PLANA ,ASFALTADA,,,,,EN PROCESO DE INVESTIGACIÓN,NO CUENTA CON CAUSA ESPECIFICA,1
A-2024-02-90,2024-02-26,03:00,ATROPELLO,1,0,,CALLAO,CALLAO,MI PERU,URBANA,CARRETERA,NACIONAL,PE-20,-11.8607219294873,-77.1298851999003,,,,,,,,,,EN PROCESO DE INVESTIGACIÓN,NO CUENTA CON CAUSA ESPECIFICA,3
A-2024-02-91,2024-02-26,05:40,CHOQUE,1,0,2.0,LA LIBERTAD,CHEPEN,PACANGA,RURAL,CARRETERA,NACIONAL,PE-1N,-7.069800212869834,-79.56009032474562,DESPEJADO,RURAL,TRAMO RECTO,PLANA ,ASFALTADA,,,,,IMPRUDENCIA DEL CONDUCTOR,OTRO (IMPRUDENCIA DEL CONDUCTOR),5
A-2024-02-120,2024-02-26,06:00,DESPISTE,3,1,1.0,CAJAMARCA,CUTERVO,SAN LUIS DE LUCMA,RURAL,CARRETERA,PROVINCIAL,CA-803,-6.248283,-78.561627,DESPEJADO,RURAL,CURVA,INCLINADA,AFIRMADO,,,,,IMPRUDENCIA DEL CONDUCTOR,EXCESO DE VELOCIDAD,6
A-2024-02-157,2024-02-26,07:50,DESPISTE,1,2,,MOQUEGUA,ILO,PACOCHA,,CARRETERA,NACIONAL,PE-1SD,-17.2874663,-71.45285693,,,,,,,,,,EN PROCESO DE INVESTIGACIÓN,NO CUENTA CON CAUSA ESPECIFICA,7
A-2024-02-61,2024-02-26,13:45,CAÍDA DE PASAJERO,2,0,2.0,CUSCO,LA CONVENCION,ECHARATE,RURAL,CARRETERA,DEPARTAMENTAL,CU-103,-12.617882,-73.08501,SOLEADO,RURAL,CURVA,INCLINADA,AFIRMADO,,,,,IMPRUDENCIA DEL CONDUCTOR,EXCESO DE VELOCIDAD,13
A-2024-02-100,2024-02-26,22:50,CHOQUE FUGA,1,0,,LIMA,LIMA,SAN ISIDRO,URBANA,AVENIDA,URBANO,NO CORRESPONDE,-12.09765302665832,-77.01926315421609,DESPEJADO,COMERCIAL,TRAMO RECTO,PLANA ,ASFALTADA,SI,PREVENTIVA (P),,SI,EN PROCESO DE INVESTIGACIÓN,NO CUENTA CON CAUSA ESPECIFICA,22
A-2024-02-74,2024-02-27,07:00,ATROPELLO,1,0,,PIURA,MORROPON,CHULUCANAS,URBANA,AVENIDA,URBANO,NO CORRESPONDE,-5.105059,-80.170582,DESPEJADO,RURAL,TRAMO RECTO,PLANA ,ASFALTADA,,,,,EN PROCESO DE INVESTIGACIÓN,NO CUENTA CON CAUSA ESPECIFICA,7
A-2024-02-65,2024-02-27,20:00,CHOQUE,1,1,2.0,LA LIBERTAD,TRUJILLO,SALAVERRY,URBANA,CARRETERA,NACIONAL,PE-10,-8.20538875755518,-78.98356673130608,DESPEJADO,RURAL,TRAMO RECTO,PLANA ,ASFALTADA,,,,,IMPRUDENCIA DEL CONDUCTOR,ADELANTAR INDEBIDAMENTE,20
A-2024-02-66,2024-02-27,23:43,DESPISTE,1,0,1.0,LA LIBERTAD,PATAZ,PARCOY,RURAL,CARRETERA,NACIONAL,PE-10C,-8.00021936,-77.4851458,DESPEJADO,RURAL,TRAMO RECTO,PLANA ,AFIRMADO,,,,,EN PROCESO DE INVESTIGACIÓN,NO CUENTA CON CAUSA ESPECIFICA,23
A-2024-02-81,2024-02-28,08:40,ATROPELLO FUGA,1,0,,PIURA,PIURA,PIURA,URBANA,AVENIDA,URBANO,NO CORRESPONDE,-5.193558,-80.651878,DESPEJADO,RURAL,TRAMO RECTO,PLANA ,ASFALTADA,,,,,EN PROCESO DE INVESTIGACIÓN,NO CUENTA CON CAUSA ESPECIFICA,8
A-2024-02-46,2024-02-28,12:20,CHOQUE FUGA,1,1,2.0,AREQUIPA,AREQUIPA,LA JOYA,URBANA,CARRETERA,NACIONAL,PE-1S,-16.552298,-71.815992,DESPEJADO,COMERCIAL,TRAMO RECTO,PLANA ,ASFALTADA,NO,,,SI,EN PROCESO DE INVESTIGACIÓN,NO CUENTA CON CAUSA ESPECIFICA,12
A-2024-02-140,2024-02-28,14:40,ATROPELLO,1,0,,LIMA,LIMA,SAN JUAN DE LURIGANCHO,URBANA,AVENIDA,URBANO,NO CORRESPONDE,-12.024152545488024,-76.97756472948006,DESPEJADO,COMERCIAL,TRAMO RECTO,PLANA ,ASFALTADA,SI,PREVENTIVA (P),,NO,IMPRUDENCIA DEL PEATÓN,CRUCE INDEBIDO POR LA CALZADA,14
A-2024-02-94,2024-02-28,17:30,DESPISTE,1,2,,PASCO,PASCO,SIMON BOLIVAR,,CARRETERA,DEPARTAMENTAL,PA-102,-10.65263058288035,-76.29004025994703,,,,,,,,,,EN PROCESO DE INVESTIGACIÓN,NO CUENTA CON CAUSA ESPECIFICA,17
A-2024-02-58,2024-02-28,17:31,DESPISTE,3,2,1.0,APURIMAC,ANDAHUAYLAS,ANDAHUAYLAS,RURAL,CARRETERA,NACIONAL,PE-30B,-13.869582,-73.393398,LLUVIOSO,RURAL,CURVA,INCLINADA,AFIRMADO,,,,,IMPRUDENCIA DEL CONDUCTOR,CONDUCIR EN ESTADO DE EBRIEDAD Y/O DROGADICCIÓN,17