codigo_siniestro,fecha_siniestro,hora_siniestro,clase_siniestro,cantidad_fallecidos,cantidad_lesionados,cantidad_vehiculos_danados,departamento,provincia,distrito,zona,tipo_via,red_vial,cod_carretera,latitud,longitud,condicion_climatica,zonificacion,caracteristicas_via,perfil_longitudinal_via,superficie_calzada,existe_senal_vertical,clasificacion_senal_vertical_1,clasificacion_senal_vertical_2,existe_senal_horizontal,causa_factor_principal,causa_especifica,hora_del_dia
A-2024-02-64,2024-02-28,19:30,ATROPELLO,1,0,1.0,TACNA,TACNA,TACNA,RURAL,CARRETERA,NACIONAL,PE-1S,-18.07845,-70.298265,DESPEJADO,COMERCIAL,TRAMO RECTO,PLANA ,ASFALTADA,SI,REGULADORA (R),,SI,IMPRUDENCIA DEL PEATÓN,CRUCE INDEBIDO POR LA CALZADA,19
A-2024-02-67,2024-02-28,23:45,DESPISTE,1,1,1.0,LA LIBERTAD,GRAN CHIMU,CASCAS,RURAL,CARRETERA,NACIONAL,PE-1NF,-7.508129867427701,-78.81948528190347,DESPEJADO,RURAL,TRAMO RECTO,PLANA ,AFIRMADO,,,,,EN PROCESO DE INVESTIGACIÓN,NO CUENTA CON CAUSA ESPECIFICA,23
A-2024-02-53,2024-02-29,06:20,CHOQUE,1,1,2.0,AREQUIPA,ISLAY,MOLLENDO,RURAL,CARRETERA,NACIONAL,PE-34,-16.728761,-71.946418,DESPEJADO,RURAL,TRAMO RECTO,PLANA ,ASFALTADA,NO,,,SI,EN PROCESO DE INVESTIGACIÓN,NO CUENTA CON CAUSA ESPECIFICA,6
A-2024-02-121,2024-02-29,17:30,VOLCADURA,1,2,1.0,CAJAMARCA,CAJABAMBA,CONDEBAMBA,RURAL,CARRETERA,NACIONAL,PE-3N,-7.603906,-78.111695,DESPEJADO,RURAL,CURVA,PLANA ,ASFALTADA,,,,,IMPRUDENCIA DEL CONDUCTOR,EXCESO DE VELOCIDAD,17
A-2024-02-141,2024-02-29,23:00,ATROPELLO,1,0,,LIMA,LIMA,PUENTE PIEDRA,URBANA,CARRETERA,NACIONAL,PE-1N,-11.833358,-77.113633,DESPEJADO,COMERCIAL,TRAMO RECTO,PLANA ,ASFALTADA,SI,PREVENTIVA (P),,NO,EN PROCESO DE INVESTIGACIÓN,NO CUENTA CON CAUSA ESPECIFICA,23
A-2024-03-12,2024-03-01,01:30,DESPISTE,6,0,1.0,APURIMAC,ANDAHUAYLAS,SAN JERONIMO,URBANA,CALLE,URBANO,NO CORRESPONDE,-13.654273,-73.365219,LLUVIOSO,INDUSTRIAL,TRAMO RECTO,INCLINADA,AFIRMADO,SI,REGULADORA (R),INFORMATIVA (I),NO,IMPRUDENCIA DEL CONDUCTOR,CONDUCIR EN ESTADO DE EBRIEDAD Y/O DROGADICCIÓN,1
A-2024-03-101,2024-03-01,06:20,ATROPELLO,1,0,1.0,CAJAMARCA,JAEN,POMAHUACA,RURAL,CARRETERA,NACIONAL,PE-3N,-5.97519683340921,-79.2060321680396,LLUVIOSO,RURAL,TRAMO RECTO,INCLINADA,ASFALTADA,SI,PREVENTIVA (P),,SI,IMPRUDENCIA DEL CONDUCTOR,EXCESO DE VELOCIDAD,6
A-2024-03-42,2024-03-01,12:30,DESPISTE,2,2,1.0,TACNA,CANDARAVE,CANDARAVE,RURAL,CARRETERA,NACIONAL,PE-36A,-16.86079,-70.27348,LLUVIOSO,RURAL,TRAMO RECTO,PLANA ,ASFALTADA,,,,,IMPRUDENCIA DEL CONDUCTOR,OTRO (IMPRUDENCIA DEL CONDUCTOR),12
A-2024-03-1,2024-03-01,19:30,CHOQUE,1,1,2.0,PUNO,CHUCUITO,ZEPITA,RURAL,CARRETERA,NACIONAL,PE-3S,-16.491531,-69.107214,DESPEJADO,RURAL,TRAMO RECTO,PLANA ,ASFALTADA,,,,,IMPRUDENCIA DEL CONDUCTOR,GIRAR IMPRUDENTEMENTE,19
A-2024-03-127,2024-03-02,01:40,DESPISTE,2,0,,LIMA,LIMA,LOS OLIVOS,URBANA,AVENIDA,URBANO,NO CORRESPONDE,-11.977787026572498,-77.0680142388189,DESPEJADO,RESIDENCIAL,TRAMO RECTO,PLANA ,ASFALTADA,,,,,IMPRUDENCIA DEL CONDUCTOR,CONDUCIR EN ESTADO DE EBRIEDAD Y/O DROGADICCIÓN,1
A-2024-03-112,2024-03-02,19:54,ATROPELLO,1,0,,LIMA,LIMA,SAN JUAN DE LURIGANCHO,URBANA,AVENIDA,URBANO,NO CORRESPONDE,-12.0259166667,-77.01675,DESPEJADO,RESIDENCIAL,TRAMO RECTO,PLANA ,ASFALTADA,,,,,IMPRUDENCIA DEL PEATÓN,CRUCE INDEBIDO POR LA CALZADA,19
A-2024-03-102,2024-03-02,22:15,ATROPELLO,1,4,1.0,CAJAMARCA,JAEN,JAEN,URBANA,CARRETERA,NACIONAL,PE-5N,-5.7923054923406,-78.7833037712262,DESPEJADO,COMERCIAL,TRAMO RECTO,INCLINADA,ASFALTADA,NO,,,SI,IMPRUDENCIA DEL CONDUCTOR,CONDUCIR EN ESTADO DE EBRIEDAD Y/O DROGADICCIÓN,22
A-2024-03-64,2024-03-03,01:36,ATROPELLO,1,0,,JUNIN,YAULI,LA OROYA,RURAL,CARRETERA,NACIONAL,PE-22,-11.601806,-75.96812,DESPEJADO,RURAL,TRAMO RECTO,PLANA ,ASFALTADA,NO,,,SI,IMPRUDENCIA DEL PEATÓN,CRUCE INDEBIDO POR LA CALZADA,1
A-2024-03-48,2024-03-03,19:50,CHOQUE,1,0,3.0,LA LIBERTAD,TRUJILLO,HUANCHACO,RURAL,CARRETERA,NACIONAL,PE-1N,-8.03412959,-79.0809804,DESPEJADO,RURAL,TRAMO RECTO,PLANA ,ASFALTADA,,,,,IMPRUDENCIA DEL CONDUCTOR,OTRO (IMPRUDENCIA DEL CONDUCTOR),19
A-2024-03-69,2024-03-03,23:30,DESPISTE,1,0,1.0,AYACUCHO,HUAMANGA,AYACUCHO,URBANA,JIRÓN,URBANO,NO CORRESPONDE,-13.160939,-74.219694,LLUVIOSO,RESIDENCIAL,CURVA,PLANA ,ASFALTADA,,,,,IMPRUDENCIA DEL CONDUCTOR,CONDUCIR EN ESTADO DE EBRIEDAD Y/O DROGADICCIÓN,23
A-2024-03-126,2024-03-04,14:00,CHOQUE,1,0,2.0,PUNO,CARABAYA,AJOYANI,RURAL,CARRETERA,NACIONAL,PE-34B,-14.201346,-70.275216,DESPEJADO,RURAL,TRAMO RECTO,PLANA ,ASFALTADA,,,,,IMPRUDENCIA DEL CONDUCTOR,EXCESO DE VELOCIDAD,14
A-2024-03-43,2024-03-04,14:30,ATROPELLO,1,0,2.0,TACNA,TACNA,TACNA,RURAL,CARRETERA,NACIONAL,PE-1SD,-18.088054558503693,-70.32660836697112,DESPEJADO,RURAL,TRAMO RECTO,PLANA ,ASFALTADA,,,,,IMPRUDENCIA DEL PEATÓN,CRUCE INDEBIDO POR LA CALZADA,14
A-2024-03-44,2024-03-04,14:30,DESPISTE,1,3,1.0,TACNA,CANDARAVE,CANDARAVE,RURAL,CARRETERA,NACIONAL,PE-36A,-16.883502,-70.328848,GRANIZADO,RURAL,TRAMO RECTO,PLANA ,ASFALTADA,,,,,IMPRUDENCIA DEL CONDUCTOR,OTRO (IMPRUDENCIA DEL CONDUCTOR),14
A-2024-03-128,2024-03-04,15:25,CHOQUE,1,11,,LIMA,LIMA,LOS OLIVOS,URBANA,CALLE,URBANO,NO CORRESPONDE,-11.96582267741549,-77.08147297444664,DESPEJADO,RESIDENCIAL,INTERSECCIÓN,PLANA ,ASFALTADA,,,,,EN PROCESO DE INVESTIGACIÓN,NO CUENTA CON CAUSA ESPECIFICA,15
A-2024-03-113,2024-03-04,19:50,ATROPELLO FUGA,1,0,,LIMA,LIMA,SAN BORJA,URBANA,AVENIDA,URBANO,NO CORRESPONDE,-12.111956993423773,-77.00471068048802,DESPEJADO,RESIDENCIAL,TRAMO RECTO,PLANA ,ASFALTADA,,,,,EN PROCESO DE INVESTIGACIÓN,NO CUENTA CON CAUSA ESPECIFICA,19
A-2024-03-49,2024-03-05,01:45,CAÍDA DE PASAJERO,1,0,,LA LIBERTAD,CHEPEN,PACANGA,RURAL,CARRETERA,PROVINCIAL,LI-521,-7.15463760983915,-79.4410544772877,DESPEJADO,RURAL,TRAMO RECTO,PLANA ,CONCRETO,,,,,EN PROCESO DE INVESTIGACIÓN,NO CUENTA CON CAUSA ESPECIFICA,1
A-2024-03-23,2024-03-05,04:38,CHOQUE,1,9,2.0,CUSCO,ANTA,ANTA,URBANA,CARRETERA,NACIONAL,PE-3S,-13.486048,-72.16768,DESPEJADO,RURAL,TRAMO RECTO,PLANA ,ASFALTADA,,,,,IMPRUDENCIA DEL CONDUCTOR,EXCESO DE VELOCIDAD,4
A-2024-03-4,2024-03-05,05:45,CHOQUE,1,9,2.0,AREQUIPA,ISLAY,MEJIA,RURAL,CARRETERA,NACIONAL,PE-1SD,-17.065638688857888,-71.94577130940831,DESPEJADO,RURAL,PASE A DESNIVEL,INCLINADA,ASFALTADA,,,,,EN PROCESO DE INVESTIGACIÓN,NO CUENTA CON CAUSA ESPECIFICA,5
A-2024-03-5,2024-03-05,05:45,CHOQUE,1,0,2.0,AREQUIPA,CAYLLOMA,MAJES,RURAL,CARRETERA,NACIONAL,PE-1S,-16.395898,-72.210062,DESPEJADO,RURAL,INTERSECCIÓN,PLANA ,ASFALTADA,NO,,,SI,EN PROCESO DE INVESTIGACIÓN,NO CUENTA CON CAUSA ESPECIFICA,5
A-2024-03-6,2024-03-06,07:05,ATROPELLO,1,0,1.0,ICA,CHINCHA,CHINCHA ALTA,URBANA,AVENIDA,URBANO,NO CORRESPONDE,-13.411333,-76.125299,DESPEJADO,RURAL,TRAMO RECTO,PLANA ,ASFALTADA,,,,,EN PROCESO DE INVESTIGACIÓN,NO CUENTA CON CAUSA ESPECIFICA,7
A-2024-03-104,2024-03-06,11:15,DESPISTE,1,0,1.0,CAJAMARCA,SAN MIGUEL,BOLIVAR,URBANA,CARRETERA,PROVINCIAL,CA-1227,-6.977739,-79.181244,DESPEJADO,RESIDENCIAL,CURVA,PLANA ,ASFALTADA,,,,,IMPRUDENCIA DEL CONDUCTOR,EXCESO DE VELOCIDAD,11
A-2024-03-73,2024-03-06,12:45,CHOQUE,1,1,2.0,ICA,ICA,SANTIAGO,RURAL,CARRETERA,NACIONAL,PE-1S,-14.23154183,-75.69959456,DESPEJADO,RURAL,TRAMO RECTO,PLANA ,ASFALTADA,,,,,EN PROCESO DE INVESTIGACIÓN,NO CUENTA CON CAUSA ESPECIFICA,12
A-2024-03-114,2024-03-06,15:40,ATROPELLO,1,0,,LIMA,LIMA,COMAS,URBANA,AVENIDA,URBANO,NO CORRESPONDE,-11.927542934871184,-77.04060583376312,DESPEJADO,RESIDENCIAL,TRAMO RECTO,PLANA ,ASFALTADA,,,,,IMPRUDENCIA DEL CONDUCTOR,CONDUCIR EN SENTIDO CONTRARIO,15
A-2024-03-129,2024-03-07,08:50,VOLCADURA,1,0,,LIMA,LIMA,LURIN,URBANA,CARRETERA,NACIONAL,PE-1S,-12.261037623414726,-76.91396622142159,DESPEJADO,COMERCIAL,TRAMO RECTO,PLANA ,ASFALTADA,,,,,EN PROCESO DE INVESTIGACIÓN,NO CUENTA CON CAUSA ESPECIFICA,8
A-2024-03-63,2024-03-07,09:30,ESPECIAL,1,0,0.0,ICA,NASCA,MARCONA,URBANA,OTRO,URBANO,NO CORRESPONDE,-15.362239,-75.156284,DESPEJADO,RURAL,OTRO,PLANA ,TROCHA,,,,,EN PROCESO DE INVESTIGACIÓN,NO CUENTA CON CAUSA ESPECIFICA,9
A-2024-03-8,2024-03-07,10:20,DESPISTE,1,0,1.0,AREQUIPA,ISLAY,PUNTA DE BOMBON,RURAL,CARRETERA,PROVINCIAL,AR-827,-17.09368,-71.47387,SOLEADO,RURAL,CURVA,PLANA ,ASFALTADA,NO,,,SI,EN PROCESO DE INVESTIGACIÓN,NO CUENTA CON CAUSA ESPECIFICA,10
A-2024-03-106,2024-03-07,18:00,DESPISTE,1,1,1.0,CAJAMARCA,CUTERVO,CHOROS,RURAL,CARRETERA,NACIONAL,PE-04C,-5.98483160451024,-78.8566111377817,DESPEJADO,RURAL,CURVA,INCLINADA,ASFALTADA,,,,,EN PROCESO DE INVESTIGACIÓN,NO CUENTA CON CAUSA ESPECIFICA,18
A-2024-03-50,2024-03-07,20:20,DESPISTE,1,0,1.0,LA LIBERTAD,GRAN CHIMU,SAYAPULLO,RURAL,CARRETERA,DEPARTAMENTAL,LI-106,-7.592402753210327,-78.47473016501577,DESPEJADO,RURAL,CURVA,PLANA ,AFIRMADO,,,,,EN PROCESO DE INVESTIGACIÓN,NO CUENTA CON CAUSA ESPECIFICA,20
A-2024-03-2,2024-03-07,23:30,DESPISTE,1,0,1.0,PUNO,EL COLLAO,ILAVE,RURAL,CARRETERA,NACIONAL,PE-38A,-16.0972077,-69.6350236,DESPEJADO,RURAL,TRAMO RECTO,PLANA ,ASFALTADA,,,,,IMPRUDENCIA DEL CONDUCTOR,FATIGA Y/O CANSANCIO,23
A-2024-03-78,2024-03-08,07:10,CHOQUE,1,0,,CALLAO,CALLAO,VENTANILLA,URBANA,CARRETERA,NACIONAL,PE-20,-11.8705249904349,-77.1276858994913,DESPEJADO,COMERCIAL,TRAMO RECTO,INCLINADA,ASFALTADA,NO,,,SI,EN PROCESO DE INVESTIGACIÓN,NO CUENTA CON CAUSA ESPECIFICA,7
A-2024-03-51,2024-03-08,08:30,DESPISTE,1,0,1.0,LA LIBERTAD,GRAN CHIMU,SAYAPULLO,RURAL,CARRETERA,DEPARTAMENTAL,LI-106,-7.593301390934798,-78.4780937119887,DESPEJADO,RURAL,TRAMO RECTO,PLANA ,TROCHA,,,,,IMPRUDENCIA DEL CONDUCTOR,OTRO (IMPRUDENCIA DEL CONDUCTOR),8
A-2024-03-115,2024-03-08,09:00,ATROPELLO,1,0,,LIMA,LIMA,SAN JUAN DE LURIGANCHO,URBANA,AVENIDA,URBANO,NO CORRESPONDE,-12.01120456509693,-77.01416593426782,DESPEJADO,RESIDENCIAL,TRAMO RECTO,PLANA ,ASFALTADA,,,,,IMPRUDENCIA DEL PEATÓN,CRUCE INDEBIDO POR LA CALZADA,9
A-2024-03-108,2024-03-08,23:45,CHOQUE,1,0,2.0,CAJAMARCA,SANTA CRUZ,SANTA CRUZ,URBANA,JIRÓN,URBANO,NO CORRESPONDE,-6.62591,-78.944629,DESPEJADO,ESCOLAR,TRAMO RECTO,PLANA ,CONCRETO,,,,,IMPRUDENCIA DEL CONDUCTOR,EXCESO DE VELOCIDAD,23
A-2024-03-116,2024-03-09,03:30,ATROPELLO FUGA,1,0,,LIMA,LIMA,VILLA EL SALVADOR,URBANA,AVENIDA,URBANO,NO CORRESPONDE,-12.19311629857046,-76.96481013918248,DESPEJADO,COMERCIAL,INTERSECCIÓN,PLANA ,ASFALTADA,,,,,EN PROCESO DE INVESTIGACIÓN,NO CUENTA CON CAUSA ESPECIFICA,3
A-2024-03-103,2024-03-09,18:30,CHOQUE,1,1,1.0,CAJAMARCA,CHOTA,LLAMA,RURAL,CARRETERA,NACIONAL,PE-06A,-6.539576,-79.117665,DESPEJADO,RURAL,CURVA,INCLINADA,ASFALTADA,,,,,IMPRUDENCIA DEL CONDUCTOR,CONDUCIR EN ESTADO DE EBRIEDAD Y/O DROGADICCIÓN,18
A-2024-02-95-B,2024-03-10,02:00,ATROPELLO FUGA,1,0,1.0,LIMA,HUARAL,CHANCAY,RURAL,CARRETERA,NACIONAL,PE-1N,-11.5282159,-77.2877995,DESPEJADO,RURAL,TRAMO RECTO,PLANA ,ASFALTADA,,,,,EN PROCESO DE INVESTIGACIÓN,NO CUENTA CON CAUSA ESPECIFICA,2
A-2024-03-91,2024-03-10,02:00,ATROPELLO,1,0,1.0,LIMA,HUARAL,HUARAL,RURAL,CARRETERA,NACIONAL,PE-20C,-11.5580842,-77.2033308,DESPEJADO,RURAL,TRAMO RECTO,PLANA ,ASFALTADA,SI,REGULADORA (R),,NO,IMPRUDENCIA DEL CONDUCTOR,OTRO (IMPRUDENCIA DEL CONDUCTOR),2
A-2024-03-9,2024-03-10,13:30,DESPISTE,1,0,1.0,AREQUIPA,ISLAY,ISLAY,RURAL,CARRETERA,NACIONAL,PE-34,-16.963857,-72.055883,DESPEJADO,RURAL,CURVA,INCLINADA,ASFALTADA,NO,,,SI,EN PROCESO DE INVESTIGACIÓN,NO CUENTA CON CAUSA ESPECIFICA,13
A-2024-03-52,2024-03-10,16:35,DESPISTE,1,3,1.0,LA LIBERTAD,ASCOPE,RAZURI,RURAL,CARRETERA,NACIONAL,PE-1N,-7.589483496988363,-79.37012667340991,DESPEJADO,RURAL,TRAMO RECTO,PLANA ,ASFALTADA,,,,,IMPRUDENCIA DEL CONDUCTOR,OTRO (IMPRUDENCIA DEL CONDUCTOR),16
A-2024-03-45,2024-03-10,17:30,CHOQUE CON OBJETO FIJO,1,0,2.0,TACNA,TACNA,CIUDAD NUEVA,URBANA,CALLE,URBANO,NO CORRESPONDE,-17.979624,-70.234748,DESPEJADO,RESIDENCIAL,TRAMO RECTO,INCLINADA,ASFALTADA,,,,,EN PROCESO DE INVESTIGACIÓN,NO CUENTA CON CAUSA ESPECIFICA,17
A-2024-03-117,2024-03-10,20:10,ATROPELLO,1,0,,LIMA,LIMA,SANTA ANITA,URBANA,CALLE,URBANO,NO CORRESPONDE,-12.04702210612724,-76.97387310749917,DESPEJADO,RESIDENCIAL,INTERSECCIÓN,PLANA ,ASFALTADA,,,,,IMPRUDENCIA DEL PEATÓN,CRUCE INDEBIDO POR LA CALZADA,20
A-2024-03-66,2024-03-11,09:50,ATROPELLO,1,0,,JUNIN,HUANCAYO,HUANCAYO,URBANA,AVENIDA,URBANO,NO CORRESPONDE,-12.07657,-75.223213,DESPEJADO,RESIDENCIAL,TRAMO RECTO,INCLINADA,ASFALTADA,NO,,,SI,IMPRUDENCIA DEL CONDUCTOR,OTRO (IMPRUDENCIA DEL CONDUCTOR),9
A-2024-03-105,2024-03-11,15:30,CHOQUE,2,3,2.0,CAJAMARCA,SAN IGNACIO,SAN IGNACIO,RURAL,CARRETERA,NACIONAL,PE-5N,-5.14376308751023,-79.0285835381114,DESPEJADO,ESCOLAR,CURVA,INCLINADA,ASFALTADA,,,,,IMPRUDENCIA DEL CONDUCTOR,EXCESO DE VELOCIDAD,15
A-2024-03-24,2024-03-11,19:15,CHOQUE,1,0,2.0,CUSCO,CUSCO,CUSCO,RURAL,CARRETERA,NACIONAL,PE-3S,-13.50623,-72.022167,DESPEJADO,RURAL,CURVA,INCLINADA,ASFALTADA,NO,,,SI,IMPRUDENCIA DEL CONDUCTOR,CONDUCIR EN SENTIDO CONTRARIO,19
A-2024-03-118,2024-03-11,21:10,ATROPELLO,2,0,,LIMA,LIMA,RIMAC,URBANA,AVENIDA,URBANO,NO CORRESPONDE,-12.014924334852047,-77.05189610488354,DESPEJADO,COMERCIAL,INTERSECCIÓN,PLANA ,ASFALTADA,,,,,IMPRUDENCIA DEL CONDUCTOR,EXCESO DE VELOCIDAD,21
A-2024-03-119,2024-03-12,03:30,ATROPELLO,1,0,,LIMA,LIMA,ANCON,RURAL,CARRETERA,NACIONAL,PE-1N,-11.727196,-77.144874,DESPEJADO,RURAL,TRAMO RECTO,PLANA ,ASFALTADA,,,,,EN PROCESO DE INVESTIGACIÓN,NO CUENTA CON CAUSA ESPECIFICA,3
A-2024-03-130,2024-03-12,07:00,CHOQUE,1,0,,LIMA,LIMA,LURIN,URBANA,CALLE,URBANO,NO CORRESPONDE,-12.228754228154024,-76.89342716346955,DESPEJADO,COMERCIAL,INTERSECCIÓN,PLANA ,ASFALTADA,,,,,EN PROCESO DE INVESTIGACIÓN,NO CUENTA CON CAUSA ESPECIFICA,7
A-2024-03-76,2024-03-12,07:00,DESPISTE,4,2,1.0,AYACUCHO,VICTOR FAJARDO,SARHUA,RURAL,CARRETERA,NACIONAL,PE-30D,-13.701,-74.312,DESPEJADO,RURAL,TRAMO RECTO,INCLINADA,ASFALTADA,,,,,IMPRUDENCIA DEL CONDUCTOR,CONDUCIR EN ESTADO DE EBRIEDAD Y/O DROGADICCIÓN,7
A-2024-03-96,2024-03-12,07:20,CHOQUE,1,1,2.0,LIMA,HUARAL,SANTA CRUZ DE ANDAMARCA,RURAL,CARRETERA,NACIONAL,PE-20C,-11.1570751,-76.6272413,DESPEJADO,RURAL,CURVA,INCLINADA,CASCAJO/RIPIO,,,,,EN PROCESO DE INVESTIGACIÓN,NO CUENTA CON CAUSA ESPECIFICA,7
A-2024-03-131,2024-03-12,07:30,CHOQUE,1,2,,LIMA,LIMA,PUEBLO LIBRE,URBANA,AVENIDA,URBANO,NO CORRESPONDE,-12.07569757470148,-77.06360663738873,DESPEJADO,COMERCIAL,INTERSECCIÓN,PLANA ,ASFALTADA,NO,,,SI,IMPRUDENCIA DEL CONDUCTOR,FATIGA Y/O CANSANCIO,7
A-2024-03-10,2024-03-12,10:30,DESPISTE,2,4,1.0,AREQUIPA,CAYLLOMA,LLUTA,RURAL,CARRETERA,DEPARTAMENTAL,AR-109,-16.040663,-72.143059,SOLEADO,RURAL,TRAMO RECTO,PLANA ,TROCHA,,,,,EN PROCESO DE INVESTIGACIÓN,NO CUENTA CON CAUSA ESPECIFICA,10
A-2024-03-72,2024-03-12,12:30,ATROPELLO,1,0,,AYACUCHO,PAUCAR DEL SARA SARA,PAUSA,URBANA,CARRETERA,DEPARTAMENTAL,AY-116,-15.278079,-73.347941,DESPEJADO,RESIDENCIAL,OTRO,PLANA ,TROCHA,,,,,IMPRUDENCIA DEL CONDUCTOR,OTRO (IMPRUDENCIA DEL CONDUCTOR),12
A-2024-03-13,2024-03-12,19:00,CHOQUE,2,3,3.0,AREQUIPA,ISLAY,MOLLENDO,RURAL,CARRETERA,NACIONAL,PE-1S,-16.736004,-71.870004,DESPEJADO,RURAL,TRAMO RECTO,PLANA ,ASFALTADA,NO,,,SI,EN PROCESO DE INVESTIGACIÓN,NO CUENTA CON CAUSA ESPECIFICA,19
A-2024-03-3,2024-03-12,20:20,ATROPELLO FUGA,1,0,,PUNO,PUNO,PAUCARCOLLA,RURAL,CARRETERA,NACIONAL,PE-3S,-15.684618343546209,-70.07143393809483,DESPEJADO,RURAL,TRAMO RECTO,PLANA ,ASFALTADA,,,,,EN PROCESO DE INVESTIGACIÓN,NO CUENTA CON CAUSA ESPECIFICA,20
A-2024-03-40,2024-03-13,01:00,DESPISTE,1,0,1.0,CUSCO,PAUCARTAMBO,COLQUEPATA,RURAL,CARRETERA,PROVINCIAL,CU-973,-13.34184,-71.70344,SOLEADO,RURAL,CURVA,INCLINADA,ASFALTADA,,,,,IMPRUDENCIA DEL CONDUCTOR,EXCESO DE VELOCIDAD,1
A-2024-03-46,2024-03-13,14:00,CHOQUE,1,0,2.0,TACNA,TACNA,SAMA,URBANA,CARRETERA,NACIONAL,PE-1SD,-18.11418,-70.72238,DESPEJADO,RESIDENCIAL,TRAMO RECTO,PLANA ,ASFALTADA,,,,,IMPRUDENCIA DEL CONDUCTOR,OTRO (IMPRUDENCIA DEL CONDUCTOR),14
A-2024-03-120,2024-03-13,15:25,ATROPELLO,1,0,,LIMA,LIMA,LOS OLIVOS,URBANA,AVENIDA,URBANO,NO CORRESPONDE,-11.976024501279866,-77.06038030358486,DESPEJADO,COMERCIAL,TRAMO RECTO,PLANA ,ASFALTADA,,,,,EN PROCESO DE INVESTIGACIÓN,NO CUENTA CON CAUSA ESPECIFICA,15
A-2024-03-132,2024-03-14,09:30,DESPISTE,1,0,,LIMA,LIMA,LURIGANCHO,RURAL,AVENIDA,URBANO,NO CORRESPONDE,-11.9962833405,-76.9133625397,DESPEJADO,RURAL,TRAMO RECTO,PLANA ,ASFALTADA,,,,,IMPRUDENCIA DEL CONDUCTOR,GIRAR IMPRUDENTEMENTE,9
A-2024-03-32,2024-03-14,18:30,ATROPELLO FUGA,1,0,0.0,CUSCO,URUBAMBA,OLLANTAYTAMBO,RURAL,CARRETERA,NACIONAL,PE-28B,-13.2513905001651,-72.27623645181572,DESPEJADO,RURAL,TRAMO RECTO,PLANA ,ASFALTADA,NO,,,SI,IMPRUDENCIA DEL CONDUCTOR,EXCESO DE VELOCIDAD,18
A-2024-03-134,2024-03-14,22:40,CHOQUE,1,3,,LIMA,LIMA,ANCON,URBANA,CARRETERA,NACIONAL,PE-1N,-11.766331,-77.158654,DESPEJADO,INDUSTRIAL,TRAMO RECTO,PLANA ,ASFALTADA,,,,,IMPRUDENCIA DEL CONDUCTOR,INVASIÓN DE CARRIL,22
A-2024-03-79,2024-03-15,05:45,ATROPELLO FUGA,1,0,,ICA,ICA,PARCONA,URBANA,CALLE,URBANO,NO CORRESPONDE,-14.050486733273146,-75.7043469316855,DESPEJADO,RESIDENCIAL,INTERSECCIÓN,PLANA ,ASFALTADA,,,,,EN PROCESO DE INVESTIGACIÓN,NO CUENTA CON CAUSA ESPECIFICA,5
A-2024-03-80,2024-03-15,05:45,ATROPELLO FUGA,1,0,,ICA,ICA,PARCONA,URBANA,AVENIDA,URBANO,NO CORRESPONDE,-14.058877,-75.722746,DESPEJADO,COMERCIAL,TRAMO RECTO,PLANA ,ASFALTADA,,,,,EN PROCESO DE INVESTIGACIÓN,NO CUENTA CON CAUSA ESPECIFICA,5
A-2024-03-81,2024-03-15,16:45,ESPECIAL,1,0,,ICA,NASCA,NASCA,URBANA,CARRETERA,NACIONAL,PE-1S,-14.837916,-74.942439,DESPEJADO,RESIDENCIAL,TRAMO RECTO,PLANA ,ASFALTADA,,,,,EN PROCESO DE INVESTIGACIÓN,NO CUENTA CON CAUSA ESPECIFICA,16
A-2024-03-107,2024-03-15,19:10,CHOQUE,2,0,2.0,CAJAMARCA,HUALGAYOC,BAMBAMARCA,RURAL,CARRETERA,NACIONAL,PE-3N,-6.683483,-78.530502,DESPEJADO,RURAL,CURVA,INCLINADA,ASFALTADA,SI,PREVENTIVA (P),,SI,IMPRUDENCIA DEL CONDUCTOR,OTRO (IMPRUDENCIA DEL CONDUCTOR),19
A-2024-03-121,2024-03-15,22:55,ATROPELLO,1,0,,LIMA,LIMA,SAN MARTIN DE PORRES,URBANA,AVENIDA,URBANO,NO CORRESPONDE,-11.98993572333433,-77.1065006007696,DESPEJADO,COMERCIAL,TRAMO RECTO,PLANA ,ASFALTADA,,,,,IMPRUDENCIA DEL PEATÓN,ESTADO DE EBRIEDAD Y/O DROGADICCIÓN,22
A-2024-03-67,2024-03-16,23:30,CHOQUE,1,0,,JUNIN,YAULI,LA OROYA,RURAL,CARRETERA,NACIONAL,PE-3S,-11.61207197136618,-75.84257120446206,LLUVIOSO,RURAL,TRAMO RECTO,PLANA ,ASFALTADA,NO,,,SI,IMPRUDENCIA DEL CONDUCTOR,INVASIÓN DE CARRIL,23
A-2024-03-18,2024-03-17,01:30,CHOQUE CON OBJETO FIJO,1,1,1.0,APURIMAC,CHINCHEROS,ANCO_HUALLO,URBANA,AVENIDA,URBANO,NO CORRESPONDE,-13.523365389935542,-73.68417624024546,LLUVIOSO,COMERCIAL,CURVA,INCLINADA,AFIRMADO,,,,,IMPRUDENCIA DEL CONDUCTOR,EXCESO DE VELOCIDAD,1
A-2024-03-14,2024-03-17,02:00,CHOQUE,1,0,2.0,AREQUIPA,ISLAY,PUNTA DE BOMBON,URBANA,CARRETERA,NACIONAL,PE-1SD,-17.147878,-71.784527,DESPEJADO,RESIDENCIAL,CURVA,INCLINADA,ASFALTADA,NO,,,SI,EN PROCESO DE INVESTIGACIÓN,NO CUENTA CON CAUSA ESPECIFICA,2