codigo_siniestro,fecha_siniestro,hora_siniestro,clase_siniestro,cantidad_fallecidos,cantidad_lesionados,cantidad_vehiculos_danados,departamento,provincia,distrito,zona,tipo_via,red_vial,cod_carretera,latitud,longitud,condicion_climatica,zonificacion,caracteristicas_via,perfil_longitudinal_via,superficie_calzada,existe_senal_vertical,clasificacion_senal_vertical_1,clasificacion_senal_vertical_2,existe_senal_horizontal,causa_factor_principal,causa_especifica,hora_del_dia
A-2024-03-7,2024-03-17,05:40,CHOQUE,6,3,2.0,LIMA,HUAURA,HUACHO,RURAL,CARRETERA,NACIONAL,PE-1N,-11.1323,-77.5959,DESPEJADO,RURAL,TRAMO RECTO,INCLINADA,ASFALTADA,,,,,IMPRUDENCIA DEL CONDUCTOR,EXCESO DE VELOCIDAD,5
A-2024-03-122,2024-03-17,10:50,ATROPELLO,1,0,,LIMA,LIMA,VILLA EL SALVADOR,URBANA,AVENIDA,URBANO,NO CORRESPONDE,-12.235893614367797,-76.91603828356973,DESPEJADO,COMERCIAL,INTERSECCIÓN,PLANA ,ASFALTADA,,,,,EN PROCESO DE INVESTIGACIÓN,NO CUENTA CON CAUSA ESPECIFICA,10
A-2024-03-137,2024-03-17,14:20,CHOQUE,1,1,,LIMA,LIMA,SAN JUAN DE LURIGANCHO,URBANA,AVENIDA,URBANO,NO CORRESPONDE,-12.0202483773,-77.0051237513,DESPEJADO,RESIDENCIAL,TRAMO RECTO,PLANA ,ASFALTADA,,,,,IMPRUDENCIA DEL CONDUCTOR,NO ESTABLECER EL DERECHO DE PASO,14
A-2024-03-26,2024-03-17,19:00,ATROPELLO,1,0,1.0,CUSCO,CANAS,PAMPAMARCA,RURAL,CARRETERA,NACIONAL,PE-34F,-14.180895,-71.445859,DESPEJADO,RURAL,TRAMO RECTO,PLANA ,ASFALTADA,SI,REGULADORA (R),REGULADORA (R),NO,IMPRUDENCIA DEL CONDUCTOR,EXCESO DE VELOCIDAD,19
A-2024-03-11,2024-03-18,00:45,DESPISTE,1,0,1.0,PUNO,CHUCUITO,POMATA,RURAL,CARRETERA,DEPARTAMENTAL,PU-150,-16.399664,-69.27306,DESPEJADO,RURAL,TRAMO RECTO,PLANA ,TROCHA,,,,,IMPRUDENCIA DEL CONDUCTOR,OTRO (IMPRUDENCIA DEL CONDUCTOR),0
A-2024-03-53,2024-03-18,01:35,DESPISTE,1,0,1.0,LA LIBERTAD,SANCHEZ CARRION,HUAMACHUCO,RURAL,CALLE,URBANO,NO CORRESPONDE,-7.811762946620671,-78.03042658736254,DESPEJADO,RURAL,TRAMO RECTO,PLANA ,TROCHA,,,,,EN PROCESO DE INVESTIGACIÓN,NO CUENTA CON CAUSA ESPECIFICA,1
A-2024-03-133,2024-03-18,08:10,DESPISTE,1,0,,LIMA,LIMA,LURIGANCHO,RURAL,AVENIDA,URBANO,NO CORRESPONDE,-11.978838405007334,-76.92725795920653,DESPEJADO,RURAL,TRAMO RECTO,PLANA ,ASFALTADA,,,,,IMPRUDENCIA DEL CONDUCTOR,CONDUCIR EN ESTADO DE EBRIEDAD Y/O DROGADICCIÓN,8
A-2024-03-135,2024-03-18,10:50,VOLCADURA,1,0,,LIMA,LIMA,SAN JUAN DE MIRAFLORES,URBANA,AVENIDA,URBANO,NO CORRESPONDE,-12.162988322400883,-76.96899721644822,DESPEJADO,RESIDENCIAL,INTERSECCIÓN,PLANA ,ASFALTADA,,,,,EN PROCESO DE INVESTIGACIÓN,NO CUENTA CON CAUSA ESPECIFICA,10
A-2024-03-136,2024-03-18,12:10,DESPISTE,1,0,,LIMA,LIMA,COMAS,URBANA,AVENIDA,URBANO,NO CORRESPONDE,-11.93007133823279,-77.06953497903264,DESPEJADO,RESIDENCIAL,INTERSECCIÓN,PLANA ,ASFALTADA,,,,,IMPRUDENCIA DEL CONDUCTOR,NO ESTABLECER EL DERECHO DE PASO,12
A-2024-03-25,2024-03-18,14:00,ATROPELLO,1,0,1.0,CUSCO,LA CONVENCION,SANTA ANA,RURAL,CARRETERA,NACIONAL,PE-28B,-12.877701,-72.691292,SOLEADO,RURAL,TRAMO RECTO,PLANA ,ASFALTADA,,,,,IMPRUDENCIA DEL PEATÓN,OTRO (IMPRUDENCIA DEL PEATÓN),14
A-2024-03-98,2024-03-18,20:00,CHOQUE,1,1,2.0,AMAZONAS,UTCUBAMBA,BAGUA GRANDE,RURAL,CARRETERA,NACIONAL,PE-5N,-5.797684,-78.332197,DESPEJADO,RURAL,TRAMO RECTO,PLANA ,ASFALTADA,,,,,IMPRUDENCIA DEL CONDUCTOR,CONDUCIR EN ESTADO DE EBRIEDAD Y/O DROGADICCIÓN,20
A-2024-03-27,2024-03-19,07:30,CHOQUE,1,0,2.0,CUSCO,ESPINAR,CONDOROMA,RURAL,CARRETERA,NACIONAL,PE-34J,-15.323607,-71.124161,DESPEJADO,RURAL,TRAMO RECTO,PLANA ,ASFALTADA,NO,,,SI,IMPRUDENCIA DEL CONDUCTOR,GIRAR IMPRUDENTEMENTE,7
A-2024-03-56,2024-03-19,18:25,DESPISTE,1,1,,PIURA,SECHURA,SECHURA,RURAL,CARRETERA,NACIONAL,PE-04,-5.895401,-80.897005,DESPEJADO,RURAL,TRAMO RECTO,PLANA ,ASFALTADA,,,,,EN PROCESO DE INVESTIGACIÓN,NO CUENTA CON CAUSA ESPECIFICA,18
A-2024-03-15,2024-03-19,18:45,CHOQUE FUGA,1,1,3.0,AREQUIPA,AREQUIPA,SAN JUAN DE TARUCANI,RURAL,CARRETERA,NACIONAL,PE-34A,-16.02783,-71.280901,LLUVIOSO,RURAL,CURVA,INCLINADA,ASFALTADA,NO,,,SI,EN PROCESO DE INVESTIGACIÓN,NO CUENTA CON CAUSA ESPECIFICA,18
A-2024-03-16,2024-03-20,07:30,CAÍDA DE PASAJERO,1,0,,AREQUIPA,AREQUIPA,CHARACATO,URBANA,AVENIDA,URBANO,NO CORRESPONDE,-16.475883,-71.485256,DESPEJADO,RESIDENCIAL,CURVA,PLANA ,ASFALTADA,,,,,EN PROCESO DE INVESTIGACIÓN,NO CUENTA CON CAUSA ESPECIFICA,7
A-2024-03-20,2024-03-20,08:05,CHOQUE,1,0,2.0,PUNO,EL COLLAO,ILAVE,URBANA,AVENIDA,URBANO,NO CORRESPONDE,-16.083489,-69.635469,DESPEJADO,COMERCIAL,INTERSECCIÓN,PLANA ,ASFALTADA,,,,,IMPRUDENCIA DEL CONDUCTOR,EXCESO DE VELOCIDAD,8
A-2024-03-109,2024-03-21,01:00,CHOQUE,1,0,2.0,CAJAMARCA,JAEN,JAEN,RURAL,CARRETERA,NACIONAL,PE-04C,-5.878931,-78.808966,DESPEJADO,RURAL,CURVA,PLANA ,ASFALTADA,,,,,IMPRUDENCIA DEL CONDUCTOR,EXCESO DE VELOCIDAD,1
A-2024-03-70,2024-03-21,19:10,ATROPELLO,1,0,,AYACUCHO,HUAMANGA,AYACUCHO,URBANA,OTRO,URBANO,NO CORRESPONDE,-13.134532,-74.229607,DESPEJADO,RESIDENCIAL,ÓVALO,PLANA ,ASFALTADA,,,,,IMPRUDENCIA DEL CONDUCTOR,OTRO (IMPRUDENCIA DEL CONDUCTOR),19
A-2024-03-89,2024-03-21,23:55,DESPISTE,2,1,,JUNIN,YAULI,YAULI,RURAL,CARRETERA,NACIONAL,PE-22,-11.624472,-75.999669,DESPEJADO,RURAL,CURVA,PLANA ,ASFALTADA,SI,REGULADORA (R),,SI,IMPRUDENCIA DEL CONDUCTOR,OTRO (IMPRUDENCIA DEL CONDUCTOR),23
A-2024-03-123,2024-03-22,01:45,ATROPELLO FUGA,1,0,,LIMA,LIMA,LIMA,URBANA,AVENIDA,URBANO,NO CORRESPONDE,-12.044728666670592,-77.01944000360743,DESPEJADO,COMERCIAL,INTERSECCIÓN,PLANA ,ASFALTADA,,,,,EN PROCESO DE INVESTIGACIÓN,NO CUENTA CON CAUSA ESPECIFICA,1
A-2024-03-138,2024-03-22,03:00,CAÍDA DE PASAJERO,1,0,,LIMA,CAÑETE,CHILCA,RURAL,CARRETERA,NACIONAL,PE-1S,-12.502039,-76.74102,DESPEJADO,INDUSTRIAL,TRAMO RECTO,PLANA ,ASFALTADA,,,,,IMPRUDENCIA DEL CONDUCTOR,CONDUCIR EN ESTADO DE EBRIEDAD Y/O DROGADICCIÓN,3
A-2024-03-68,2024-03-22,11:03,DESPISTE,1,0,,JUNIN,JAUJA,CURICACA,RURAL,CARRETERA,NACIONAL,PE-3S,-11.800147,-75.653837,DESPEJADO,RURAL,CURVA,PLANA ,ASFALTADA,,,,,IMPRUDENCIA DEL CONDUCTOR,OTRO (IMPRUDENCIA DEL CONDUCTOR),11
A-2024-03-62,2024-03-22,12:20,DESPISTE,1,1,1.0,HUANCAVELICA,CHURCAMPA,ANCO,RURAL,CARRETERA,DEPARTAMENTAL,HV-103,-12.66950697179475,-74.57024320214848,SOLEADO,RURAL,TRAMO RECTO,PLANA ,ASFALTADA,,,,,EN PROCESO DE INVESTIGACIÓN,NO CUENTA CON CAUSA ESPECIFICA,12
A-2024-03-22,2024-03-22,15:30,DESPISTE,1,3,1.0,AREQUIPA,CAYLLOMA,CALLALLI,RURAL,CARRETERA,NACIONAL,PE-34J,-15.50136330555385,-71.05974279742226,NUBLADO,RURAL,TRAMO RECTO,PLANA ,ASFALTADA,NO,,,SI,EN PROCESO DE INVESTIGACIÓN,NO CUENTA CON CAUSA ESPECIFICA,15
A-2024-03-17,2024-03-22,16:20,ATROPELLO,1,0,1.0,AREQUIPA,AREQUIPA,LA JOYA,URBANA,CARRETERA,NACIONAL,PE-1S,-16.518255,-71.799233,DESPEJADO,COMERCIAL,TRAMO RECTO,PLANA ,ASFALTADA,NO,,,SI,EN PROCESO DE INVESTIGACIÓN,NO CUENTA CON CAUSA ESPECIFICA,16
A-2024-03-19,2024-03-22,18:00,CHOQUE,1,0,2.0,LIMA,HUAURA,VEGUETA,RURAL,CARRETERA,NACIONAL,PE-1N,-11.02663927766893,-77.59436482605076,DESPEJADO,RURAL,TRAMO RECTO,PLANA ,ASFALTADA,SI,REGULADORA (R),REGULADORA (R),NO,IMPRUDENCIA DEL CONDUCTOR,NO ESTABLECER EL DERECHO DE PASO,18
A-2024-03-139,2024-03-23,01:40,DESPISTE,1,0,,LIMA,LIMA,LINCE,URBANA,VIA EXPRESA,URBANO,NO CORRESPONDE,-12.079679335081144,-77.0278352483514,DESPEJADO,COMERCIAL,TRAMO RECTO,PLANA ,ASFALTADA,,,,,IMPRUDENCIA DEL CONDUCTOR,EXCESO DE VELOCIDAD,1
A-2024-03-21,2024-03-23,07:40,CHOQUE,1,0,2.0,PUNO,YUNGUYO,YUNGUYO,RURAL,CARRETERA,DEPARTAMENTAL,PU-130,-16.264004036685165,-69.16516896929004,DESPEJADO,RURAL,TRAMO RECTO,PLANA ,ASFALTADA,,,,,IMPRUDENCIA DEL CONDUCTOR,GIRAR IMPRUDENTEMENTE,7
A-2024-03-90,2024-03-23,08:40,DESPISTE,2,1,,JUNIN,YAULI,YAULI,RURAL,CARRETERA,NACIONAL,PE-22,-11.608938,-76.036395,,,,,,,,,,EN PROCESO DE INVESTIGACIÓN,NO CUENTA CON CAUSA ESPECIFICA,8
A-2024-03-110,2024-03-23,20:00,CHOQUE,1,1,2.0,CAJAMARCA,JAEN,BELLAVISTA,RURAL,CARRETERA,NACIONAL,PE-5N,-5.620572,-78.771171,DESPEJADO,RURAL,TRAMO RECTO,PLANA ,ASFALTADA,,,,,IMPRUDENCIA DEL CONDUCTOR,EXCESO DE VELOCIDAD,20
A-2024-03-124,2024-03-23,20:30,ATROPELLO,1,0,,LIMA,LIMA,PUENTE PIEDRA,URBANA,AVENIDA,URBANO,NO CORRESPONDE,-11.839902439475097,-77.11323842805432,DESPEJADO,COMERCIAL,TRAMO RECTO,PLANA ,ASFALTADA,,,,,EN PROCESO DE INVESTIGACIÓN,NO CUENTA CON CAUSA ESPECIFICA,20
A-2024-03-82,2024-03-24,00:00,ATROPELLO,1,0,1.0,ICA,PISCO,SAN CLEMENTE,URBANA,CARRETERA,NACIONAL,PE-1SE,-13.6702,-76.1685,DESPEJADO,COMERCIAL,TRAMO RECTO,PLANA ,ASFALTADA,,,,,EN PROCESO DE INVESTIGACIÓN,NO CUENTA CON CAUSA ESPECIFICA,0
A-2024-03-140,2024-03-24,05:30,CHOQUE,1,0,,LIMA,LIMA,SAN JUAN DE LURIGANCHO,URBANA,AVENIDA,URBANO,NO CORRESPONDE,-12.013773512009433,-77.01176489019718,DESPEJADO,RESIDENCIAL,TRAMO RECTO,PLANA ,ASFALTADA,,,,,IMPRUDENCIA DEL CONDUCTOR,CONDUCIR EN ESTADO DE EBRIEDAD Y/O DROGADICCIÓN,5
A-2024-03-28,2024-03-24,06:00,CHOQUE,1,0,2.0,PUNO,CHUCUITO,ZEPITA,RURAL,CARRETERA,NACIONAL,PE-3S,-16.513158,-69.087568,DESPEJADO,RURAL,TRAMO RECTO,PLANA ,ASFALTADA,,,,,IMPRUDENCIA DEL CONDUCTOR,EXCESO DE VELOCIDAD,6
A-2024-03-83,2024-03-24,08:45,CHOQUE CON OBJETO FIJO,1,0,1.0,ICA,PISCO,SAN ANDRES,URBANA,CALLE,URBANO,NO CORRESPONDE,-13.726037,-76.183027,DESPEJADO,RESIDENCIAL,INTERSECCIÓN,PLANA ,TROCHA,,,,,EN PROCESO DE INVESTIGACIÓN,NO CUENTA CON CAUSA ESPECIFICA,8
A-2024-03-54,2024-03-24,13:00,CHOQUE,2,0,2.0,LA LIBERTAD,ASCOPE,CHICAMA,RURAL,CARRETERA,NACIONAL,PE-1N,-7.8757739884,-79.1322128472,DESPEJADO,RURAL,TRAMO RECTO,PLANA ,ASFALTADA,,,,,INFRAESTRUCTURA Y ENTORNO VIAL,SEÑALIZACIÓN DEFECTUOSA,13
A-2024-03-35,2024-03-24,18:30,DESPISTE,1,0,1.0,LIMA,HUAURA,HUACHO,RURAL,CARRETERA,NACIONAL,PE-1N,-11.230463837060595,-77.54308373677155,DESPEJADO,RURAL,TRAMO RECTO,PLANA ,ASFALTADA,SI,REGULADORA (R),,NO,IMPRUDENCIA DEL CONDUCTOR,FATIGA Y/O CANSANCIO,18
A-2024-03-86,2024-03-24,18:30,ATROPELLO FUGA,1,0,1.0,HUANCAVELICA,CHURCAMPA,LOCROJA,RURAL,CARRETERA,PROVINCIAL,HV-733,-12.71108,-74.443487,LLUVIOSO,RURAL,TRAMO RECTO,INCLINADA,AFIRMADO,SI,PREVENTIVA (P),,NO,IMPRUDENCIA DEL CONDUCTOR,EXCESO DE VELOCIDAD,18
A-2024-03-33,2024-03-24,22:00,CHOQUE,1,0,2.0,AREQUIPA,AREQUIPA,UCHUMAYO,RURAL,CARRETERA,NACIONAL,PE-34A,-16.415234,-71.640274,SOLEADO,RURAL,TRAMO RECTO,PLANA ,ASFALTADA,,,,,EN PROCESO DE INVESTIGACIÓN,NO CUENTA CON CAUSA ESPECIFICA,22
A-2024-03-57,2024-03-25,00:30,DESPISTE,1,0,,PIURA,PIURA,CATACAOS,URBANA,CARRETERA,NACIONAL,PE-1N,-5.23145842995732,-80.6488168187739,DESPEJADO,RURAL,TRAMO RECTO,PLANA ,ASFALTADA,,,,,EN PROCESO DE INVESTIGACIÓN,NO CUENTA CON CAUSA ESPECIFICA,0
A-2024-03-58,2024-03-25,00:30,DESPISTE,1,0,,PIURA,PIURA,PIURA,,AVENIDA,URBANO,NO CORRESPONDE,-5.182572,-80.632569,,,,,,,,,,EN PROCESO DE INVESTIGACIÓN,NO CUENTA CON CAUSA ESPECIFICA,0
A-2024-03-141,2024-03-25,01:30,VOLCADURA,1,0,,LIMA,LIMA,INDEPENDENCIA,URBANA,CARRETERA,NACIONAL,PE-1N,-11.986382,-77.064734,DESPEJADO,COMERCIAL,TRAMO RECTO,PLANA ,ASFALTADA,,,,,IMPRUDENCIA DEL CONDUCTOR,CONDUCIR EN ESTADO DE EBRIEDAD Y/O DROGADICCIÓN,1
A-2024-03-99,2024-03-25,08:40,CHOQUE,1,0,,LIMA,LIMA,SANTIAGO DE SURCO,URBANA,AVENIDA,URBANO,NO CORRESPONDE,-12.128816477649847,-77.00238000955726,DESPEJADO,COMERCIAL,TRAMO RECTO,PLANA ,ASFALTADA,,,,,IMPRUDENCIA DEL CONDUCTOR,OTRO (IMPRUDENCIA DEL CONDUCTOR),8
A-2024-03-84,2024-03-25,08:45,CHOQUE,1,0,2.0,ICA,NASCA,NASCA,URBANA,AVENIDA,URBANO,NO CORRESPONDE,-14.83786,-74.94163,DESPEJADO,COMERCIAL,TRAMO RECTO,PLANA ,ASFALTADA,,,,,EN PROCESO DE INVESTIGACIÓN,NO CUENTA CON CAUSA ESPECIFICA,8
A-2024-03-30,2024-03-25,16:15,DESPISTE,1,0,1.0,CUSCO,URUBAMBA,MARAS,URBANA,CARRETERA,NACIONAL,PE-28F,-13.3123113943718,-72.1184390085434,DESPEJADO,RURAL,TRAMO RECTO,PLANA ,ASFALTADA,,,,,IMPERICIA DEL CONDUCTOR,,16
A-2024-03-29,2024-03-26,01:30,DESPISTE,1,1,1.0,PUNO,PUNO,ACORA,RURAL,CARRETERA,NACIONAL,PE-3S,-16.024359,-69.736909,DESPEJADO,RURAL,TRAMO RECTO,PLANA ,ASFALTADA,,,,,IMPRUDENCIA DEL CONDUCTOR,CONDUCIR EN ESTADO DE EBRIEDAD Y/O DROGADICCIÓN,1
A-2024-03-41,2024-03-26,09:40,DESPISTE,1,2,1.0,CUSCO,URUBAMBA,OLLANTAYTAMBO,RURAL,CARRETERA,NACIONAL,PE-28B,-13.258691101416444,-72.26394920340877,NIEBLA,RURAL,TRAMO RECTO,PLANA ,ASFALTADA,NO,,,NO,IMPRUDENCIA DEL CONDUCTOR,EXCESO DE VELOCIDAD,9
A-2024-03-142,2024-03-26,14:00,CHOQUE,1,0,,LIMA,LIMA,BARRANCO,URBANA,AVENIDA,URBANO,NO CORRESPONDE,-12.151154711900746,-77.02222259254,DESPEJADO,COMERCIAL,INTERSECCIÓN,PLANA ,ASFALTADA,,,,,IMPRUDENCIA DEL CONDUCTOR,DESACATO DE SEÑAL DE TRÁNSITO,14
A-2024-03-34,2024-03-26,22:30,CHOQUE,2,5,3.0,AREQUIPA,AREQUIPA,SAN JUAN DE TARUCANI,RURAL,CARRETERA,NACIONAL,PE-34A,-16.0026029,-71.2677608,DESPEJADO,RURAL,CURVA,PLANA ,ASFALTADA,NO,,,SI,EN PROCESO DE INVESTIGACIÓN,NO CUENTA CON CAUSA ESPECIFICA,22
A-2024-03-60,2024-03-27,21:40,CHOQUE FUGA,1,0,,PIURA,PIURA,PIURA,RURAL,CARRETERA,NACIONAL,PE-1N,-5.088159,-80.705994,DESPEJADO,RURAL,TRAMO RECTO,PLANA ,ASFALTADA,,,,,EN PROCESO DE INVESTIGACIÓN,NO CUENTA CON CAUSA ESPECIFICA,21
A-2024-03-88,2024-03-28,02:40,CHOQUE,1,2,2.0,ICA,CHINCHA,TAMBO DE MORA,RURAL,CARRETERA,NACIONAL,PE-1SE,-13.453134,-76.1795333,DESPEJADO,RURAL,TRAMO RECTO,PLANA ,ASFALTADA,,,,,EN PROCESO DE INVESTIGACIÓN,NO CUENTA CON CAUSA ESPECIFICA,2
A-2024-03-87,2024-03-28,04:20,DESPISTE,1,3,1.0,ICA,NASCA,NASCA,RURAL,CARRETERA,NACIONAL,PE-1S,-14.8161,-74.98039,DESPEJADO,RURAL,TRAMO RECTO,PLANA ,ASFALTADA,,,,,EN PROCESO DE INVESTIGACIÓN,NO CUENTA CON CAUSA ESPECIFICA,4
A-2024-03-85,2024-03-28,04:50,VOLCADURA,1,21,1.0,ICA,PALPA,LLIPATA,RURAL,CARRETERA,NACIONAL,PE-1S,-14.6456541,-75.1804584,DESPEJADO,RURAL,CURVA,INCLINADA,ASFALTADA,,,,,EN PROCESO DE INVESTIGACIÓN,NO CUENTA CON CAUSA ESPECIFICA,4
A-2024-03-97,2024-03-28,09:00,DESPISTE,2,0,1.0,AMAZONAS,RODRIGUEZ DE MENDOZA,MARISCAL BENAVIDES,RURAL,CARRETERA,NACIONAL,PE-08B,-6.3680518514848,-77.514785827684,DESPEJADO,RURAL,CURVA,INCLINADA,TROCHA,,,,,EN PROCESO DE INVESTIGACIÓN,NO CUENTA CON CAUSA ESPECIFICA,9
A-2024-03-77,2024-03-29,01:30,ATROPELLO FUGA,1,0,,AYACUCHO,HUAMANGA,VINCHOS,RURAL,CARRETERA,NACIONAL,PE-28A,-13.340377,-74.382811,DESPEJADO,RURAL,TRAMO RECTO,PLANA ,ASFALTADA,NO,,,SI,IMPRUDENCIA DEL PEATÓN,ESTADO DE EBRIEDAD Y/O DROGADICCIÓN,1
A-2024-03-47,2024-03-29,03:00,CHOQUE CON OBJETO FIJO,1,0,1.0,TACNA,TACNA,TACNA,URBANA,AVENIDA,URBANO,NO CORRESPONDE,-18.088985,-70.286894,DESPEJADO,RESIDENCIAL,TRAMO RECTO,PLANA ,ASFALTADA,,,,,IMPRUDENCIA DEL CONDUCTOR,OTRO (IMPRUDENCIA DEL CONDUCTOR),3
A-2024-03-143,2024-03-29,05:00,DESPISTE,1,0,,LIMA,LIMA,RIMAC,URBANA,CARRETERA,NACIONAL,PE-1N,-12.03759524285303,-77.0130790931527,DESPEJADO,INDUSTRIAL,TRAMO RECTO,PLANA ,ASFALTADA,,,,,IMPRUDENCIA DEL CONDUCTOR,CONDUCIR EN ESTADO DE EBRIEDAD Y/O DROGADICCIÓN,5
A-2024-03-59,2024-03-29,05:00,DESPISTE,2,0,,PIURA,PIURA,PIURA,URBANA,AVENIDA,URBANO,NO CORRESPONDE,-5.175045,-80.64503,DESPEJADO,RURAL,TRAMO RECTO,PLANA ,ASFALTADA,,,,,EN PROCESO DE INVESTIGACIÓN,NO CUENTA CON CAUSA ESPECIFICA,5
A-2024-03-38,2024-03-29,11:40,CHOQUE CON OBJETO FIJO,1,0,,PUNO,CHUCUITO,ZEPITA,RURAL,CARRETERA,SIN CLASIFICAR,SIN CLASIFICAR,-16.448555789905352,-69.12716740759494,DESPEJADO,RURAL,TRAMO RECTO,PLANA ,ASFALTADA,,,,,EN PROCESO DE INVESTIGACIÓN,NO CUENTA CON CAUSA ESPECIFICA,11
A-2024-03-31,2024-03-29,12:30,DESPISTE,1,0,1.0,PUNO,CHUCUITO,ZEPITA,RURAL,CARRETERA,NACIONAL,PE-3S,-16.469139345772156,-69.12946874617933,DESPEJADO,RURAL,TRAMO RECTO,PLANA ,ASFALTADA,,,,,IMPRUDENCIA DEL CONDUCTOR,GIRAR IMPRUDENTEMENTE,12
A-2024-03-55,2024-03-29,17:30,DESPISTE,1,2,1.0,LA LIBERTAD,SANTIAGO DE CHUCO,QUIRUVILCA,RURAL,CARRETERA,NACIONAL,PE-3N,-8.001967295859894,-78.31115287991875,DESPEJADO,RURAL,TRAMO RECTO,PLANA ,AFIRMADO,,,,,IMPRUDENCIA DEL CONDUCTOR,CONDUCIR EN ESTADO DE EBRIEDAD Y/O DROGADICCIÓN,17
A-2024-03-71,2024-03-30,05:20,CHOQUE,1,0,2.0,AYACUCHO,HUAMANGA,JESUS NAZARENO,URBANA,CARRETERA,NACIONAL,PE-3S,-13.156,-74.213,DESPEJADO,RESIDENCIAL,TRAMO RECTO,INCLINADA,ASFALTADA,,,,,IMPRUDENCIA DEL CONDUCTOR,GIRAR IMPRUDENTEMENTE,5
A-2024-03-100,2024-03-30,06:10,VOLCADURA,1,0,,LIMA,LIMA,LIMA,URBANA,JIRÓN,URBANO,NO CORRESPONDE,-12.05131263585747,-77.0664524523711,DESPEJADO,RESIDENCIAL,CURVA,PLANA ,ASFALTADA,,,,,IMPRUDENCIA DEL CONDUCTOR,CONDUCIR EN ESTADO DE EBRIEDAD Y/O DROGADICCIÓN,6
A-2024-03-125,2024-03-30,06:25,ATROPELLO,1,0,,LIMA,LIMA,CARABAYLLO,URBANA,AVENIDA,URBANO,NO CORRESPONDE,-11.860208939125888,-77.00614312897999,DESPEJADO,COMERCIAL,TRAMO RECTO,PLANA ,ASFALTADA,,,,,IMPRUDENCIA DEL PEATÓN,CRUCE INDEBIDO POR LA CALZADA,6
A-2024-03-111,2024-03-30,21:30,DESPISTE,1,0,1.0,CAJAMARCA,SANTA CRUZ,CHANCAYBAÑOS,RURAL,CARRETERA,PROVINCIAL,CA-883,-6.55052301677192,-78.891907869148,DESPEJADO,RURAL,CURVA,INCLINADA,AFIRMADO,SI,PREVENTIVA (P),PREVENTIVA (P),SI,IMPRUDENCIA DEL CONDUCTOR,CONDUCIR EN ESTADO DE EBRIEDAD Y/O DROGADICCIÓN,21
A-2024-03-39,2024-03-31,07:30,DESPISTE,5,6,1.0,CUSCO,CUSCO,SAN JERONIMO,RURAL,CARRETERA,DEPARTAMENTAL,CU-123,-13.61962,-71.85423,DESPEJADO,RURAL,TRAMO RECTO,PLANA ,ASFALTADA,,,,,EN PROCESO DE INVESTIGACIÓN,NO CUENTA CON CAUSA ESPECIFICA,7
A-2024-03-36,2024-03-31,20:45,CHOQUE,1,4,2.0,AREQUIPA,ISLAY,MOLLENDO,RURAL,CARRETERA,NACIONAL,PE-34,-16.76297,-71.970914,DESPEJADO,RURAL,TRAMO RECTO,PLANA ,ASFALTADA,NO,,,SI,EN PROCESO DE INVESTIGACIÓN,NO CUENTA CON CAUSA ESPECIFICA,20
A-2024-04-107,2024-04-01,06:20,CHOQUE CON OBJETO FIJO,1,0,,LIMA,LIMA,SAN JUAN DE LURIGANCHO,URBANA,AVENIDA,URBANO,NO CORRESPONDE,-11.97249386041031,-77.00410772384268,DESPEJADO,COMERCIAL,TRAMO RECTO,PLANA ,ASFALTADA,,,,,EN PROCESO DE INVESTIGACIÓN,NO CUENTA CON CAUSA ESPECIFICA,6
A-2024-04-28,2024-04-01,10:30,DESPISTE,1,0,1.0,LA LIBERTAD,SANTIAGO DE CHUCO,QUIRUVILCA,RURAL,CARRETERA,NACIONAL,PE-3N,-8.003343149774901,-78.31784777760758,DESPEJADO,RURAL,CURVA,PLANA ,AFIRMADO,,,,,EN PROCESO DE INVESTIGACIÓN,NO CUENTA CON CAUSA ESPECIFICA,10
A-2024-04-108,2024-04-01,14:20,DESPISTE,1,0,,LIMA,LIMA,SAN JUAN DE LURIGANCHO,URBANA,CALLE,URBANO,NO CORRESPONDE,-11.970444409004696,-77.00068071299575,DESPEJADO,RESIDENCIAL,TRAMO RECTO,PLANA ,ASFALTADA,,,,,IMPRUDENCIA DEL CONDUCTOR,GIRAR IMPRUDENTEMENTE,14
A-2024-04-95,2024-04-01,19:00,ATROPELLO FUGA,1,0,,LIMA,LIMA,PUNTA NEGRA,URBANA,CARRETERA,NACIONAL,PE-1S,-12.365017715910405,-76.79093862427143,DESPEJADO,INDUSTRIAL,TRAMO RECTO,PLANA ,ASFALTADA,,,,,EN PROCESO DE INVESTIGACIÓN,NO CUENTA CON CAUSA ESPECIFICA,19
A-2024-04-96,2024-04-01,20:00,ATROPELLO,1,0,,LIMA,LIMA,LURIN,URBANA,AVENIDA,URBANO,NO CORRESPONDE,-12.244931239003275,-76.89775135446929,DESPEJADO,RESIDENCIAL,TRAMO RECTO,PLANA ,ASFALTADA,,,,,EN PROCESO DE INVESTIGACIÓN,NO CUENTA CON CAUSA ESPECIFICA,20
A-2024-04-52,2024-04-01,23:40,CHOQUE,1,0,,PIURA,PIURA,PIURA,URBANA,AVENIDA,URBANO,NO CORRESPONDE,-5.166519,-80.639939,,,,,,,,,,EN PROCESO DE INVESTIGACIÓN,NO CUENTA CON CAUSA ESPECIFICA,23