codigo_siniestro,fecha_siniestro,hora_siniestro,clase_siniestro,cantidad_fallecidos,cantidad_lesionados,cantidad_vehiculos_danados,departamento,provincia,distrito,zona,tipo_via,red_vial,cod_carretera,latitud,longitud,condicion_climatica,zonificacion,caracteristicas_via,perfil_longitudinal_via,superficie_calzada,existe_senal_vertical,clasificacion_senal_vertical_1,clasificacion_senal_vertical_2,existe_senal_horizontal,causa_factor_principal,causa_especifica,hora_del_dia
A-2024-04-58,2024-04-02,02:00,DESPISTE,3,2,1.0,HUANCAVELICA,TAYACAJA,QUICHUAS,RURAL,CARRETERA,NACIONAL,PE-3S,-12.493182302239129,-74.72242612376444,DESPEJADO,RURAL,TRAMO RECTO,PLANA ,ASFALTADA,,,,,EN PROCESO DE INVESTIGACIÓN,NO CUENTA CON CAUSA ESPECIFICA,2
A-2024-04-30,2024-04-02,06:20,CHOQUE,1,11,2.0,LA LIBERTAD,ASCOPE,CHICAMA,RURAL,CARRETERA,NACIONAL,PE-1N,-7.882915482323604,-79.12875608848309,DESPEJADO,RURAL,TRAMO RECTO,PLANA ,ASFALTADA,,,,,IMPRUDENCIA DEL CONDUCTOR,FATIGA Y/O CANSANCIO,6
A-2024-04-79,2024-04-02,07:05,CHOQUE,1,0,,LIMA,LIMA,SANTIAGO DE SURCO,URBANA,AVENIDA,URBANO,NO CORRESPONDE,-12.142915299425834,-76.99040679746041,DESPEJADO,COMERCIAL,TRAMO RECTO,PLANA ,ASFALTADA,SI,PREVENTIVA (P),INFORMATIVA (I),SI,IMPRUDENCIA DEL CONDUCTOR,ADELANTAR INDEBIDAMENTE,7
A-2024-04-109,2024-04-02,10:20,ATROPELLO,1,0,,LIMA,LIMA,COMAS,URBANA,AVENIDA,URBANO,NO CORRESPONDE,-11.939643263098914,-77.06750795851691,DESPEJADO,COMERCIAL,TRAMO RECTO,PLANA ,ASFALTADA,,,,,EN PROCESO DE INVESTIGACIÓN,NO CUENTA CON CAUSA ESPECIFICA,10
A-2024-04-110,2024-04-02,16:00,CHOQUE,1,1,,LIMA,LIMA,EL AGUSTINO,URBANA,AVENIDA,URBANO,NO CORRESPONDE,-12.039572267880349,-76.9880879427569,DESPEJADO,COMERCIAL,PASE A DESNIVEL,INCLINADA,ASFALTADA,,,,,IMPRUDENCIA DEL CONDUCTOR,GIRAR IMPRUDENTEMENTE,16
A-2024-04-81,2024-04-02,19:30,ATROPELLO FUGA,1,0,1.0,CAJAMARCA,CAJAMARCA,MAGDALENA,RURAL,CARRETERA,NACIONAL,PE-08,-7.27924019763948,-78.5902446173759,DESPEJADO,RURAL,CURVA,INCLINADA,ASFALTADA,SI,PREVENTIVA (P),,SI,EN PROCESO DE INVESTIGACIÓN,NO CUENTA CON CAUSA ESPECIFICA,19
A-2024-04-84,2024-04-02,19:30,DESPISTE,1,1,1.0,CAJAMARCA,SAN IGNACIO,SAN IGNACIO,URBANA,CARRETERA,NACIONAL,PE-5N,-5.13921364744922,-79.0109758872315,DESPEJADO,COMERCIAL,CURVA,INCLINADA,ASFALTADA,,,,,IMPRUDENCIA DEL CONDUCTOR,CONDUCIR EN ESTADO DE EBRIEDAD Y/O DROGADICCIÓN,19
A-2024-04-49,2024-04-03,07:50,CHOQUE FUGA,1,0,2.0,TUMBES,ZARUMILLA,ZARUMILLA,URBANA,CARRETERA,NACIONAL,PE-1NO,-3.5013673548466584,-80.27929739224587,SOLEADO,RURAL,TRAMO RECTO,PLANA ,ASFALTADA,SI,PREVENTIVA (P),,NO,IMPRUDENCIA DEL CONDUCTOR,NO ESTABLECER EL DERECHO DE PASO,7
A-2024-04-106,2024-04-03,20:30,CHOQUE,2,2,,LIMA,LIMA,SAN MIGUEL,URBANA,AVENIDA,URBANO,NO CORRESPONDE,-12.083088684434156,-77.10415089750616,DESPEJADO,COMERCIAL,TRAMO RECTO,PLANA ,ASFALTADA,,,,,IMPRUDENCIA DEL CONDUCTOR,CONDUCIR EN ESTADO DE EBRIEDAD Y/O DROGADICCIÓN,20
A-2024-04-23,2024-04-04,01:00,VOLCADURA,1,0,1.0,CUSCO,LA CONVENCION,ECHARATE,RURAL,CARRETERA,NACIONAL,PE-28B,-12.63934,-72.87988,DESPEJADO,RURAL,CURVA,PLANA ,ASFALTADA,,,,,IMPRUDENCIA DEL CONDUCTOR,EXCESO DE VELOCIDAD,1
A-2024-04-53,2024-04-04,02:00,ATROPELLO,1,0,,PIURA,PIURA,CURA MORI,RURAL,CARRETERA,NACIONAL,PE-1N,-5.333727,-80.619572,DESPEJADO,RURAL,TRAMO RECTO,PLANA ,ASFALTADA,,,,,EN PROCESO DE INVESTIGACIÓN,NO CUENTA CON CAUSA ESPECIFICA,2
A-2024-04-97,2024-04-04,04:30,ATROPELLO,1,0,,LIMA,LIMA,PUCUSANA,URBANA,CARRETERA,NACIONAL,PE-1S,-12.458707,-76.753204,DESPEJADO,INDUSTRIAL,TRAMO RECTO,PLANA ,ASFALTADA,,,,,EN PROCESO DE INVESTIGACIÓN,NO CUENTA CON CAUSA ESPECIFICA,4
A-2024-04-21,2024-04-04,08:00,DESPISTE,1,0,1.0,CUSCO,ANTA,CHINCHAYPUJIO,RURAL,CARRETERA,PROVINCIAL,CU-1220,-13.55849,-72.32591,DESPEJADO,RURAL,CURVA,INCLINADA,TROCHA,,,,,IMPRUDENCIA DEL CONDUCTOR,OTRO (IMPRUDENCIA DEL CONDUCTOR),8
A-2024-04-12,2024-04-04,15:00,CHOQUE,1,1,3.0,TACNA,TACNA,CORONEL GREGORIO ALBARRACIN LANCHIPA,URBANA,AVENIDA,URBANO,NO CORRESPONDE,-18.059667,-70.251762,DESPEJADO,RESIDENCIAL,INTERSECCIÓN,PLANA ,ASFALTADA,SI,REGULADORA (R),PREVENTIVA (P),SI,IMPRUDENCIA DEL CONDUCTOR,DESACATO DE SEÑAL DE TRÁNSITO,15
A-2024-04-31,2024-04-05,09:30,DESPISTE,1,2,1.0,LA LIBERTAD,PATAZ,PATAZ,RURAL,CARRETERA,DEPARTAMENTAL,LI-124,-7.733418562833825,-77.66625880256798,NUBLADO,RURAL,TRAMO RECTO,PLANA ,TROCHA,,,,,EN PROCESO DE INVESTIGACIÓN,NO CUENTA CON CAUSA ESPECIFICA,9
A-2024-04-111,2024-04-05,16:15,CHOQUE,1,0,,LIMA,LIMA,SANTA ANITA,URBANA,AVENIDA,URBANO,NO CORRESPONDE,-12.03806793687904,-76.94046611660572,DESPEJADO,INDUSTRIAL,TRAMO RECTO,PLANA ,ASFALTADA,,,,,IMPRUDENCIA DEL CONDUCTOR,CONDUCIR EN ESTADO DE EBRIEDAD Y/O DROGADICCIÓN,16
A-2024-04-32,2024-04-05,16:20,CHOQUE,1,1,1.0,LA LIBERTAD,ASCOPE,SANTIAGO DE CAO,RURAL,CARRETERA,PROVINCIAL,LI-662,-7.988286093293267,-79.21753460404763,DESPEJADO,RURAL,TRAMO RECTO,PLANA ,ASFALTADA,,,,,IMPRUDENCIA DEL CONDUCTOR,CONDUCIR EN ESTADO DE EBRIEDAD Y/O DROGADICCIÓN,16
A-2024-04-77,2024-04-05,17:00,DESPISTE,1,0,1.0,PASCO,DANIEL ALCIDES CARRION,YANAHUANCA,RURAL,CARRETERA,NACIONAL,PE-18,-10.6060925715211,-76.6737603140502,NUBLADO,RURAL,TRAMO RECTO,PLANA ,TROCHA,,,,,IMPRUDENCIA DEL CONDUCTOR,FATIGA Y/O CANSANCIO,17
A-2024-04-67,2024-04-05,18:00,CHOQUE,1,0,,CALLAO,CALLAO,LA PERLA,URBANA,CALLE,URBANO,NO CORRESPONDE,-12.0667557378516,-77.1120735740057,DESPEJADO,COMERCIAL,TRAMO RECTO,PLANA ,ASFALTADA,NO,,,SI,IMPRUDENCIA DEL CONDUCTOR,CONDUCIR EN ESTADO DE EBRIEDAD Y/O DROGADICCIÓN,18
A-2024-04-98,2024-04-05,18:23,ATROPELLO,1,0,,LIMA,LIMA,RIMAC,URBANA,AVENIDA,URBANO,NO CORRESPONDE,-12.031948637387734,-77.02786578112412,DESPEJADO,RESIDENCIAL,INTERSECCIÓN,PLANA ,ASFALTADA,,,,,IMPRUDENCIA DEL PEATÓN,DESACATO DE SEÑAL DE TRÁNSITO,18
A-2024-04-1,2024-04-05,18:50,ATROPELLO FUGA,1,0,,SAN MARTIN,RIOJA,RIOJA,RURAL,CARRETERA,NACIONAL,PE-5N,-6.043031,-77.185088,DESPEJADO,RURAL,TRAMO RECTO,PLANA ,ASFALTADA,,,,,EN PROCESO DE INVESTIGACIÓN,NO CUENTA CON CAUSA ESPECIFICA,18
A-2024-04-68,2024-04-06,08:20,ATROPELLO,1,0,1.0,ICA,NASCA,EL INGENIO,URBANA,CARRETERA,NACIONAL,PE-1S,-14.678984,-75.141221,DESPEJADO,COMERCIAL,INTERSECCIÓN,PLANA ,ASFALTADA,,,,,EN PROCESO DE INVESTIGACIÓN,NO CUENTA CON CAUSA ESPECIFICA,8
A-2024-04-4,2024-04-06,14:30,VOLCADURA,2,0,2.0,AREQUIPA,CAYLLOMA,YANQUE,RURAL,CARRETERA,DEPARTAMENTAL,AR-109,-15.856426,-71.428309,NIEBLA,RURAL,TRAMO RECTO,PLANA ,ASFALTADA,,,,,EN PROCESO DE INVESTIGACIÓN,NO CUENTA CON CAUSA ESPECIFICA,14
A-2024-04-9,2024-04-06,15:30,DESPISTE,1,1,1.0,APURIMAC,ANDAHUAYLAS,PACUCHA,RURAL,CARRETERA,SIN CLASIFICAR,SIN CLASIFICAR,-13.588357,-73.278221,DESPEJADO,RURAL,TRAMO RECTO,INCLINADA,TROCHA,,,,,EN PROCESO DE INVESTIGACIÓN,NO CUENTA CON CAUSA ESPECIFICA,15
A-2024-04-55,2024-04-06,20:00,DESPISTE,1,0,,PIURA,MORROPON,SAN JUAN DE BIGOTE,RURAL,CARRETERA,PROVINCIAL,PI-663,-5.318531,-79.7766033,DESPEJADO,RURAL,TRAMO RECTO,PLANA ,ASFALTADA,,,,,EN PROCESO DE INVESTIGACIÓN,NO CUENTA CON CAUSA ESPECIFICA,20
A-2024-04-33,2024-04-07,01:15,DESPISTE,1,0,1.0,LA LIBERTAD,CHEPEN,CHEPEN,RURAL,CARRETERA,NACIONAL,PE-1N,-7.18931573,-79.43042277,DESPEJADO,RURAL,TRAMO RECTO,PLANA ,ASFALTADA,,,,,IMPRUDENCIA DEL PASAJERO/OCUPANTE,SUBIR Y BAJAR DEL VEHÍCULO EN MOVIMIENTO,1
A-2024-04-59,2024-04-07,06:30,DESPISTE,1,3,1.0,HUANCAVELICA,CASTROVIRREYNA,ARMA,RURAL,CARRETERA,NACIONAL,PE-26,-13.149595382313358,-75.5542971142341,DESPEJADO,RURAL,CURVA,PLANA ,ASFALTADA,,,,,EN PROCESO DE INVESTIGACIÓN,NO CUENTA CON CAUSA ESPECIFICA,6
A-2024-04-3,2024-04-07,12:30,DESPISTE,1,0,1.0,CUSCO,QUISPICANCHI,OCONGATE,URBANA,CARRETERA,NACIONAL,PE-30C,-13.626946,-71.389015,LLUVIOSO,INDUSTRIAL,CURVA,INCLINADA,ASFALTADA,SI,REGULADORA (R),,SI,IMPRUDENCIA DEL CONDUCTOR,EXCESO DE VELOCIDAD,12
A-2024-04-2,2024-04-07,14:25,ATROPELLO,1,0,,PUNO,PUNO,PUNO,URBANA,JIRÓN,URBANO,NO CORRESPONDE,-15.861002,-70.012911,DESPEJADO,COMERCIAL,TRAMO RECTO,INCLINADA,ASFALTADA,,,,,IMPRUDENCIA DEL CONDUCTOR,EXCESO DE VELOCIDAD,14
A-2024-04-50,2024-04-08,01:30,CHOQUE CON OBJETO FIJO,1,1,1.0,TUMBES,TUMBES,TUMBES,URBANA,CARRETERA,DEPARTAMENTAL,TU-104,-3.574098741245128,-80.45422187038837,DESPEJADO,COMERCIAL,INTERSECCIÓN,PLANA ,ASFALTADA,,,,,IMPRUDENCIA DEL CONDUCTOR,OTRO (IMPRUDENCIA DEL CONDUCTOR),1
A-2024-04-22,2024-04-08,05:20,ATROPELLO FUGA,1,0,1.0,CUSCO,CHUMBIVILCAS,VELILLE,URBANA,CARRETERA,NACIONAL,PE-3SG,-14.512244,-71.86787,DESPEJADO,COMERCIAL,TRAMO RECTO,PLANA ,ASFALTADA,SI,REGULADORA (R),REGULADORA (R),NO,IMPRUDENCIA DEL PEATÓN,CRUCE INDEBIDO POR LA CALZADA,5
A-2024-04-34,2024-04-08,06:10,DESPISTE,3,1,1.0,LA LIBERTAD,PATAZ,PARCOY,RURAL,CARRETERA,NACIONAL,PE-10C,-7.901820334500921,-77.60441776144371,DESPEJADO,RURAL,TRAMO RECTO,PLANA ,TROCHA,,,,,IMPRUDENCIA DEL CONDUCTOR,CONDUCIR EN ESTADO DE EBRIEDAD Y/O DROGADICCIÓN,6
A-2024-04-112,2024-04-08,10:54,CHOQUE,1,0,,LIMA,LIMA,PUENTE PIEDRA,URBANA,CARRETERA,NACIONAL,PE-1N,-11.848831718451336,-77.09444039299724,DESPEJADO,COMERCIAL,TRAMO RECTO,PLANA ,ASFALTADA,,,,,IMPRUDENCIA DEL CONDUCTOR,EXCESO DE VELOCIDAD,10
A-2024-04-7,2024-04-08,21:50,CAÍDA DE PASAJERO,1,0,,AREQUIPA,CAYLLOMA,MAJES,URBANA,CARRETERA,DEPARTAMENTAL,AR-108,-16.346615,-72.190576,SOLEADO,RURAL,ÓVALO,PLANA ,ASFALTADA,,,,,EN PROCESO DE INVESTIGACIÓN,NO CUENTA CON CAUSA ESPECIFICA,21
A-2024-04-8,2024-04-09,18:30,ATROPELLO,1,0,1.0,AREQUIPA,AREQUIPA,JOSE LUIS BUSTAMANTE Y RIVERO,URBANA,AVENIDA,URBANO,NO CORRESPONDE,-16.430746,-71.54062,DESPEJADO,COMERCIAL,TRAMO RECTO,PLANA ,ASFALTADA,,,,,EN PROCESO DE INVESTIGACIÓN,NO CUENTA CON CAUSA ESPECIFICA,18
A-2024-04-54,2024-04-09,21:15,ATROPELLO,1,1,,PIURA,PIURA,PIURA,RURAL,CARRETERA,NACIONAL,PE-1N,-5.10777967398986,-80.7034728522577,DESPEJADO,RURAL,TRAMO RECTO,PLANA ,ASFALTADA,,,,,EN PROCESO DE INVESTIGACIÓN,NO CUENTA CON CAUSA ESPECIFICA,21
A-2024-04-113,2024-04-09,21:44,CHOQUE,1,0,,LIMA,LIMA,MIRAFLORES,URBANA,VIA EXPRESA,URBANO,NO CORRESPONDE,-12.122250530006108,-77.0439749969983,DESPEJADO,COMERCIAL,CURVA,PLANA ,ASFALTADA,,,,,IMPRUDENCIA DEL CONDUCTOR,CONDUCIR EN ESTADO DE EBRIEDAD Y/O DROGADICCIÓN,21
A-2024-04-114,2024-04-09,22:30,VOLCADURA,1,0,,LIMA,LIMA,LOS OLIVOS,URBANA,AVENIDA,URBANO,NO CORRESPONDE,-11.94824562049126,-77.0710703402811,DESPEJADO,COMERCIAL,TRAMO RECTO,PLANA ,ASFALTADA,,,,,IMPRUDENCIA DEL CONDUCTOR,OTRO (IMPRUDENCIA DEL CONDUCTOR),22
A-2024-04-5,2024-04-10,10:30,VOLCADURA,1,0,1.0,TACNA,CANDARAVE,CANDARAVE,RURAL,CARRETERA,NACIONAL,PE-36A,-16.8468028,-70.2351222,DESPEJADO,RURAL,CURVA,PLANA ,ASFALTADA,,,,,IMPRUDENCIA DEL CONDUCTOR,INVASIÓN DE CARRIL,10
A-2024-04-83,2024-04-10,17:00,CHOQUE,1,1,2.0,CAJAMARCA,SAN IGNACIO,HUARANGO,RURAL,CARRETERA,PROVINCIAL,CA-585,-5.208002,-78.767698,DESPEJADO,RURAL,TRAMO RECTO,INCLINADA,AFIRMADO,,,,,IMPRUDENCIA DEL CONDUCTOR,EXCESO DE VELOCIDAD,17
A-2024-04-82,2024-04-10,17:30,ATROPELLO,1,0,1.0,CAJAMARCA,JAEN,JAEN,URBANA,AVENIDA,URBANO,NO CORRESPONDE,-5.708558,-78.807426,DESPEJADO,COMERCIAL,INTERSECCIÓN,PLANA ,ASFALTADA,NO,,,SI,IMPRUDENCIA DEL CONDUCTOR,OTRO (IMPRUDENCIA DEL CONDUCTOR),17
A-2024-04-6,2024-04-10,18:30,DESPISTE,2,4,1.0,PUNO,PUNO,PUNO,URBANA,AVENIDA,URBANO,NO CORRESPONDE,-15.859174,-70.013567,DESPEJADO,COMERCIAL,TRAMO RECTO,INCLINADA,ASFALTADA,,,,,NEGLIGENCIA DEL CONDUCTOR,CONDUCIR CON FALLAS DE FRENOS,18
A-2024-04-69,2024-04-10,19:40,ATROPELLO,1,0,1.0,ICA,NASCA,NASCA,RURAL,CARRETERA,NACIONAL,PE-1S,-14.823433,-74.96026,DESPEJADO,RURAL,TRAMO RECTO,PLANA ,ASFALTADA,,,,,EN PROCESO DE INVESTIGACIÓN,NO CUENTA CON CAUSA ESPECIFICA,19
A-2024-04-13,2024-04-10,22:30,ATROPELLO,1,0,0.0,TACNA,TACNA,TACNA,RURAL,CARRETERA,NACIONAL,PE-1S,-18.234015,-70.323367,DESPEJADO,RURAL,TRAMO RECTO,PLANA ,ASFALTADA,,,,,IMPRUDENCIA DEL PEATÓN,OTRO (IMPRUDENCIA DEL PEATÓN),22
A-2024-04-62,2024-04-11,06:20,CHOQUE,1,4,2.0,AYACUCHO,HUAMANGA,VINCHOS,RURAL,CARRETERA,NACIONAL,PE-28A,-13.3450099578771,-74.5314421324361,DESPEJADO,RURAL,SINUOSA,INCLINADA,ASFALTADA,SI,PREVENTIVA (P),,SI,IMPRUDENCIA DEL CONDUCTOR,INVASIÓN DE CARRIL,6
A-2024-04-78,2024-04-11,14:00,DESPISTE,2,0,1.0,PASCO,PASCO,YANACANCHA,RURAL,CARRETERA,NACIONAL,PE-3N,-10.6936001880343,-76.1988484118591,DESPEJADO,RURAL,TRAMO RECTO,INCLINADA,ASFALTADA,NO,,,NO,IMPRUDENCIA DEL CONDUCTOR,FATIGA Y/O CANSANCIO,14
A-2024-04-85,2024-04-12,01:00,CHOQUE,1,0,1.0,CAJAMARCA,CAJAMARCA,ENCAÑADA,RURAL,CARRETERA,NACIONAL,PE-08B,-7.127146,-78.345043,DESPEJADO,RURAL,CURVA,PLANA ,ASFALTADA,,,,,IMPRUDENCIA DEL CONDUCTOR,EXCESO DE VELOCIDAD,1
A-2024-04-74,2024-04-12,13:08,CHOQUE,1,0,,ICA,CHINCHA,GROCIO PRADO,RURAL,CARRETERA,NACIONAL,PE-1S,-13.404688,-76.193044,,,,,,,,,,EN PROCESO DE INVESTIGACIÓN,NO CUENTA CON CAUSA ESPECIFICA,13
A-2024-04-70,2024-04-12,15:10,CHOQUE,1,0,2.0,ICA,ICA,SALAS,URBANA,CARRETERA,NACIONAL,PE-1S,-13.9839724,-75.7732386,DESPEJADO,COMERCIAL,TRAMO RECTO,PLANA ,ASFALTADA,,,,,EN PROCESO DE INVESTIGACIÓN,NO CUENTA CON CAUSA ESPECIFICA,15
A-2024-04-10,2024-04-12,19:20,CHOQUE,1,1,2.0,PUNO,EL COLLAO,ILAVE,RURAL,CARRETERA,NACIONAL,PE-3S,-16.09254093406196,-69.62838108224628,DESPEJADO,RURAL,CURVA,PLANA ,ASFALTADA,,,,,IMPRUDENCIA DEL CONDUCTOR,EXCESO DE VELOCIDAD,19
A-2024-04-35,2024-04-12,21:40,CHOQUE,1,0,2.0,LA LIBERTAD,SANCHEZ CARRION,HUAMACHUCO,RURAL,CARRETERA,NACIONAL,PE-3N,-7.8156478910921745,-78.00949600349817,DESPEJADO,RURAL,TRAMO RECTO,PLANA ,ASFALTADA,,,,,EN PROCESO DE INVESTIGACIÓN,NO CUENTA CON CAUSA ESPECIFICA,21
A-2024-04-11,2024-04-13,05:00,DESPISTE,1,0,1.0,CUSCO,PAUCARTAMBO,PAUCARTAMBO,RURAL,CARRETERA,PROVINCIAL,CU-1040,-13.35414029,-71.5668891,DESPEJADO,RURAL,CURVA,INCLINADA,TROCHA,NO,,,NO,IMPRUDENCIA DEL CONDUCTOR,EXCESO DE VELOCIDAD,5
A-2024-04-56,2024-04-13,14:00,CHOQUE,1,1,,PIURA,PIURA,VEINTISEIS DE OCTUBRE,RURAL,CARRETERA,NACIONAL,PE-1N,-5.1473536,-80.697009,DESPEJADO,RURAL,TRAMO RECTO,PLANA ,ASFALTADA,,,,,EN PROCESO DE INVESTIGACIÓN,NO CUENTA CON CAUSA ESPECIFICA,14
A-2024-04-36,2024-04-13,20:20,CHOQUE,1,1,3.0,LA LIBERTAD,TRUJILLO,MOCHE,URBANA,CARRETERA,NACIONAL,PE-1N,-8.167848811579546,-79.00640839403039,DESPEJADO,INDUSTRIAL,TRAMO RECTO,PLANA ,ASFALTADA,,,,,IMPRUDENCIA DEL CONDUCTOR,OTRO (IMPRUDENCIA DEL CONDUCTOR),20
A-2024-04-73,2024-04-14,05:30,ATROPELLO,1,0,1.0,CUSCO,CUSCO,SAN SEBASTIAN,URBANA,AVENIDA,URBANO,NO CORRESPONDE,-13.532795166452072,-71.92240478907334,DESPEJADO,INDUSTRIAL,TRAMO RECTO,PLANA ,ASFALTADA,SI,PREVENTIVA (P),,NO,IMPRUDENCIA DEL PEATÓN,OTRO (IMPRUDENCIA DEL PEATÓN),5
A-2024-04-99,2024-04-14,11:30,ATROPELLO FUGA,1,0,,LIMA,LIMA,SAN JUAN DE LURIGANCHO,URBANA,AVENIDA,URBANO,NO CORRESPONDE,-11.9548333333,-76.9861111111,DESPEJADO,COMERCIAL,TRAMO RECTO,PLANA ,ASFALTADA,,,,,IMPRUDENCIA DEL PEATÓN,CRUCE INDEBIDO POR LA CALZADA,11
A-2024-04-14,2024-04-14,12:00,CHOQUE,1,0,,PUNO,PUNO,ACORA,RURAL,CARRETERA,NACIONAL,PE-3S,-16.065127,-69.6880774,,,,,,,,,,EN PROCESO DE INVESTIGACIÓN,NO CUENTA CON CAUSA ESPECIFICA,12
A-2024-04-20,2024-04-14,13:20,CHOQUE,1,1,2.0,AREQUIPA,AREQUIPA,CHIGUATA,RURAL,CARRETERA,DEPARTAMENTAL,CU-115,-16.3102,-71.37598,SOLEADO,RURAL,CURVA,INCLINADA,ASFALTADA,,,,,EN PROCESO DE INVESTIGACIÓN,NO CUENTA CON CAUSA ESPECIFICA,13
A-2024-04-24,2024-04-14,17:00,CHOQUE,1,1,2.0,AREQUIPA,CAYLLOMA,MAJES,RURAL,CARRETERA,NACIONAL,PE-1S,-16.363366,-72.156526,DESPEJADO,RURAL,TRAMO RECTO,PLANA ,ASFALTADA,,,,,EN PROCESO DE INVESTIGACIÓN,NO CUENTA CON CAUSA ESPECIFICA,17
A-2024-04-44,2024-04-14,23:15,CHOQUE FUGA,1,1,2.0,LIMA,HUAURA,HUAURA,RURAL,CARRETERA,NACIONAL,PE-1N,-11.06132,-77.58895,DESPEJADO,RURAL,TRAMO RECTO,PLANA ,ASFALTADA,,,,,EN PROCESO DE INVESTIGACIÓN,NO CUENTA CON CAUSA ESPECIFICA,23
A-2024-04-45,2024-04-15,03:30,ATROPELLO,1,0,1.0,LIMA,HUAURA,SANTA MARIA,URBANA,CARRETERA,NACIONAL,PE-1N,-11.11468957203389,-77.59310419894447,DESPEJADO,COMERCIAL,TRAMO RECTO,PLANA ,ASFALTADA,,,,,IMPRUDENCIA DEL PEATÓN,ESTADO DE EBRIEDAD Y/O DROGADICCIÓN,3
A-2024-04-64,2024-04-15,10:20,ATROPELLO,1,0,1.0,AYACUCHO,HUAMANGA,SAN JUAN BAUTISTA,URBANA,CARRETERA,NACIONAL,PE-3SL,-13.168515110290071,-74.20965074392826,DESPEJADO,RESIDENCIAL,TRAMO RECTO,PLANA ,ASFALTADA,,,,,IMPRUDENCIA DEL CONDUCTOR,EXCESO DE VELOCIDAD,10
A-2024-04-46,2024-04-15,14:50,ATROPELLO,1,0,1.0,LIMA,HUAURA,HUAURA,RURAL,CARRETERA,NACIONAL,PE-1N,-11.04594,-77.58882,DESPEJADO,RURAL,TRAMO RECTO,PLANA ,ASFALTADA,,,,,IMPRUDENCIA DEL CONDUCTOR,OTRO (IMPRUDENCIA DEL CONDUCTOR),14
A-2024-04-63,2024-04-15,17:30,CHOQUE,1,1,2.0,AYACUCHO,HUAMANGA,OCROS,RURAL,CARRETERA,NACIONAL,PE-3S,-13.437383,-73.829608,DESPEJADO,RURAL,CURVA,INCLINADA,ASFALTADA,SI,PREVENTIVA (P),,SI,IMPRUDENCIA DEL CONDUCTOR,CONDUCIR EN ESTADO DE EBRIEDAD Y/O DROGADICCIÓN,17
A-2024-04-25,2024-04-15,19:20,ATROPELLO,1,1,1.0,CUSCO,CANCHIS,TINTA,RURAL,CARRETERA,NACIONAL,PE-3S,-14.14442,-71.397666,DESPEJADO,RURAL,TRAMO RECTO,PLANA ,ASFALTADA,,,,,IMPRUDENCIA DEL PEATÓN,CRUCE INDEBIDO POR LA CALZADA,19
A-2024-04-16,2024-04-15,22:30,CHOQUE,1,0,1.0,SAN MARTIN,RIOJA,RIOJA,URBANA,JIRÓN,URBANO,NO CORRESPONDE,-6.055918,-77.166683,DESPEJADO,COMERCIAL,TRAMO RECTO,PLANA ,ADOQUINADO,,,,,IMPRUDENCIA DEL CONDUCTOR,OTRO (IMPRUDENCIA DEL CONDUCTOR),22
A-2024-04-60,2024-04-16,14:30,DESPISTE,1,0,1.0,HUANCAVELICA,HUANCAVELICA,HUACHOCOLPA,RURAL,CARRETERA,PROVINCIAL,HV-894,-13.057571099886877,-74.94395618268463,SOLEADO,RURAL,TRAMO RECTO,PLANA ,TROCHA,,,,,EN PROCESO DE INVESTIGACIÓN,NO CUENTA CON CAUSA ESPECIFICA,14
A-2024-04-17,2024-04-17,08:50,DESPISTE,1,1,2.0,AREQUIPA,ISLAY,MOLLENDO,RURAL,CARRETERA,NACIONAL,PE-1SD,-16.999476,-72.019809,DESPEJADO,RURAL,CURVA,INCLINADA,ASFALTADA,SI,REGULADORA (R),REGULADORA (R),NO,EN PROCESO DE INVESTIGACIÓN,NO CUENTA CON CAUSA ESPECIFICA,8
A-2024-04-37,2024-04-18,15:26,ATROPELLO,1,0,1.0,LA LIBERTAD,OTUZCO,PARANDAY,RURAL,CARRETERA,DEPARTAMENTAL,LI-110,-7.879843182730089,-78.72162308118214,DESPEJADO,RURAL,TRAMO RECTO,PLANA ,TROCHA,,,,,EN PROCESO DE INVESTIGACIÓN,NO CUENTA CON CAUSA ESPECIFICA,15
A-2024-04-61,2024-04-19,06:40,CHOQUE,1,4,2.0,HUANCAVELICA,TAYACAJA,ÑAHUIMPUQUIO,RURAL,CARRETERA,NACIONAL,PE-3SD,-12.309394651153085,-75.04322437737389,DESPEJADO,RURAL,TRAMO RECTO,PLANA ,ASFALTADA,,,,,EN PROCESO DE INVESTIGACIÓN,NO CUENTA CON CAUSA ESPECIFICA,6
A-2024-04-19,2024-04-19,19:40,CHOQUE,1,1,2.0,AREQUIPA,AREQUIPA,LA JOYA,RURAL,CARRETERA,PROVINCIAL,AR-722,-16.47616,-71.81959,DESPEJADO,RESIDENCIAL,TRAMO RECTO,PLANA ,ASFALTADA,,,,,EN PROCESO DE INVESTIGACIÓN,NO CUENTA CON CAUSA ESPECIFICA,19
A-2024-04-75,2024-04-19,23:30,DESPISTE,1,0,,ICA,CHINCHA,EL CARMEN,URBANA,CARRETERA,NACIONAL,PE-1S,-13.563411,-76.133899,,,,,,,,,,EN PROCESO DE INVESTIGACIÓN,NO CUENTA CON CAUSA ESPECIFICA,23
A-2024-04-86,2024-04-20,22:50,DESPISTE,1,1,1.0,CAJAMARCA,CAJAMARCA,CAJAMARCA,URBANA,AVENIDA,URBANO,NO CORRESPONDE,-7.173983,-78.51271,DESPEJADO,COMERCIAL,CURVA,INCLINADA,ASFALTADA,,,,,IMPRUDENCIA DEL CONDUCTOR,CONDUCIR EN ESTADO DE EBRIEDAD Y/O DROGADICCIÓN,22