codigo_siniestro,fecha_siniestro,hora_siniestro,clase_siniestro,cantidad_fallecidos,cantidad_lesionados,cantidad_vehiculos_danados,departamento,provincia,distrito,zona,tipo_via,red_vial,cod_carretera,latitud,longitud,condicion_climatica,zonificacion,caracteristicas_via,perfil_longitudinal_via,superficie_calzada,existe_senal_vertical,clasificacion_senal_vertical_1,clasificacion_senal_vertical_2,existe_senal_horizontal,causa_factor_principal,causa_especifica,hora_del_dia
A-2024-05-141,2024-05-07,09:20,CHOQUE,1,2,,LIMA,LIMA,LURIN,URBANA,CARRETERA,PROVINCIAL,LM-801,-12.268766484904434,-76.84410294687619,DESPEJADO,RURAL,TRAMO RECTO,PLANA ,ASFALTADA,,,,,EN PROCESO DE INVESTIGACIÓN,NO CUENTA CON CAUSA ESPECIFICA,9
A-2024-05-6,2024-05-07,16:30,CHOQUE,1,0,2.0,PUNO,EL COLLAO,SANTA ROSA,RURAL,CARRETERA,NACIONAL,PE-36A,-16.738935101004,-69.71669550114505,DESPEJADO,RURAL,TRAMO RECTO,PLANA ,ASFALTADA,,,,,IMPRUDENCIA DEL CONDUCTOR,GIRAR IMPRUDENTEMENTE,16
A-2024-05-106,2024-05-07,19:40,ATROPELLO,1,0,1.0,CAJAMARCA,CHOTA,CHOTA,URBANA,CARRETERA,NACIONAL,PE-3N,-6.57019,-78.642682,LLUVIOSO,RESIDENCIAL,CURVA,INCLINADA,ASFALTADA,,,,,IMPRUDENCIA DEL PEATÓN,CRUCE INDEBIDO POR LA CALZADA,19
A-2024-05-89,2024-05-08,20:40,CHOQUE,1,0,2.0,ICA,ICA,ICA,URBANA,CARRETERA,NACIONAL,PE-1S,-14.086836,-75.727742,DESPEJADO,RESIDENCIAL,INTERSECCIÓN,PLANA ,ASFALTADA,,,,,IMPRUDENCIA DEL CONDUCTOR,EXCESO DE VELOCIDAD,20
A-2024-05-31,2024-05-09,15:05,ATROPELLO,1,0,1.0,LA LIBERTAD,TRUJILLO,TRUJILLO,URBANA,AVENIDA,URBANO,NO CORRESPONDE,-8.1032196276,-79.023969781,DESPEJADO,COMERCIAL,INTERSECCIÓN,PLANA ,ASFALTADA,,,,,EN PROCESO DE INVESTIGACIÓN,NO CUENTA CON CAUSA ESPECIFICA,15
A-2024-05-9,2024-05-09,16:00,DESPISTE,1,2,1.0,AREQUIPA,ISLAY,COCACHACRA,RURAL,CARRETERA,NACIONAL,PE-1S,-17.0299219497234,-71.6447817311079,SOLEADO,RURAL,CURVA,PLANA ,ASFALTADA,,,,,EN PROCESO DE INVESTIGACIÓN,NO CUENTA CON CAUSA ESPECIFICA,16
A-2024-05-103,2024-05-09,21:52,DESPISTE,1,1,,PIURA,PIURA,PIURA,URBANA,AVENIDA,URBANO,NO CORRESPONDE,-5.163911,-80.648004,DESPEJADO,RESIDENCIAL,TRAMO RECTO,PLANA ,ASFALTADA,,,,,EN PROCESO DE INVESTIGACIÓN,NO CUENTA CON CAUSA ESPECIFICA,21
A-2024-05-142,2024-05-10,02:30,CHOQUE,1,3,,LIMA,LIMA,LURIN,URBANA,CARRETERA,NACIONAL,PE-1S,-12.25012472194049,-76.93102612571977,DESPEJADO,INDUSTRIAL,TRAMO RECTO,PLANA ,ASFALTADA,,,,,EN PROCESO DE INVESTIGACIÓN,NO CUENTA CON CAUSA ESPECIFICA,2
A-2024-05-107,2024-05-10,03:30,DESPISTE,1,2,1.0,CAJAMARCA,CELENDIN,CELENDIN,RURAL,CARRETERA,NACIONAL,PE-08B,-6.882722,-78.135623,DESPEJADO,RURAL,CURVA,INCLINADA,ASFALTADA,SI,PREVENTIVA (P),,NO,IMPRUDENCIA DEL CONDUCTOR,CONDUCIR EN ESTADO DE EBRIEDAD Y/O DROGADICCIÓN,3
A-2024-05-60,2024-05-10,07:13,DESPISTE,1,1,1.0,CUSCO,URUBAMBA,URUBAMBA,RURAL,CARRETERA,NACIONAL,PE-28B,-13.31189558,-72.10391432,DESPEJADO,RURAL,TRAMO RECTO,PLANA ,ASFALTADA,SI,PREVENTIVA (P),PREVENTIVA (P),NO,IMPRUDENCIA DEL PEATÓN,OTRO (IMPRUDENCIA DEL PEATÓN),7
A-2024-05-32,2024-05-10,20:30,ATROPELLO,1,2,1.0,LA LIBERTAD,PACASMAYO,SAN PEDRO DE LLOC,URBANA,CARRETERA,PROVINCIAL,LI-598,-7.424026822749218,-79.50308374665642,DESPEJADO,COMERCIAL,TRAMO RECTO,PLANA ,ASFALTADA,,,,,IMPRUDENCIA DEL CONDUCTOR,GIRAR IMPRUDENTEMENTE,20
A-2024-05-53,2024-05-10,21:00,ATROPELLO,1,0,1.0,CUSCO,QUISPICANCHI,OROPESA,RURAL,CARRETERA,NACIONAL,PE-3S,-13.597937,-71.773723,DESPEJADO,RURAL,TRAMO RECTO,PLANA ,ASFALTADA,,,,,IMPRUDENCIA DEL PEATÓN,OTRO (IMPRUDENCIA DEL PEATÓN),21
A-2024-05-111,2024-05-11,04:30,DESPISTE,1,1,1.0,CAJAMARCA,CUTERVO,SANTO DOMINGO DE LA CAPILLA,RURAL,CARRETERA,PROVINCIAL,CA-814,-6.249418,-78.862041,DESPEJADO,RURAL,CURVA,INCLINADA,TROCHA,,,,,INFRAESTRUCTURA Y ENTORNO VIAL,OTRO (INFRAESTRUCTURA Y ENTORNO VIAL),4
A-2024-05-33,2024-05-11,04:45,ATROPELLO FUGA,1,0,,LA LIBERTAD,ASCOPE,CHICAMA,RURAL,CARRETERA,NACIONAL,PE-1NF,-7.746122048401552,-79.092496577822,DESPEJADO,RURAL,TRAMO RECTO,PLANA ,ASFALTADA,,,,,EN PROCESO DE INVESTIGACIÓN,NO CUENTA CON CAUSA ESPECIFICA,4
A-2024-05-90,2024-05-11,06:30,CHOQUE,1,0,2.0,ICA,ICA,ICA,URBANA,CARRETERA,NACIONAL,PE-1SC,-14.087787,-75.718012,DESPEJADO,RESIDENCIAL,TRAMO RECTO,PLANA ,ASFALTADA,,,,,IMPRUDENCIA DEL CONDUCTOR,CONDUCIR EN ESTADO DE EBRIEDAD Y/O DROGADICCIÓN,6
A-2024-05-110,2024-05-11,14:40,CHOQUE,1,2,2.0,CAJAMARCA,JAEN,JAEN,RURAL,CARRETERA,NACIONAL,PE-5N,-5.777851,-78.782939,DESPEJADO,RURAL,TRAMO RECTO,PLANA ,ASFALTADA,,,,,IMPRUDENCIA DEL CONDUCTOR,OTRO (IMPRUDENCIA DEL CONDUCTOR),14
A-2024-05-7,2024-05-11,19:10,DESPISTE,1,0,1.0,AREQUIPA,CAYLLOMA,SAN ANTONIO DE CHUCA,RURAL,CARRETERA,NACIONAL,PE-34A,-15.90465,-71.188063,DESPEJADO,RURAL,CURVA,PLANA ,ASFALTADA,SI,PREVENTIVA (P),INFORMATIVA (I),SI,EN PROCESO DE INVESTIGACIÓN,NO CUENTA CON CAUSA ESPECIFICA,19
A-2024-05-125,2024-05-11,21:30,ATROPELLO,1,0,,LIMA,LIMA,LURIN,URBANA,CARRETERA,NACIONAL,PE-1S,-12.297371,-76.855202,DESPEJADO,RESIDENCIAL,TRAMO RECTO,PLANA ,ASFALTADA,,,,,EN PROCESO DE INVESTIGACIÓN,NO CUENTA CON CAUSA ESPECIFICA,21
A-2024-05-15,2024-05-11,21:32,DESPISTE,1,0,,PIURA,SECHURA,BERNAL,RURAL,CARRETERA,PROVINCIAL,PI-1051,-5.476569,-80.745771,DESPEJADO,RURAL,INTERSECCIÓN,PLANA ,ASFALTADA,,,,,EN PROCESO DE INVESTIGACIÓN,NO CUENTA CON CAUSA ESPECIFICA,21
A-2024-05-85,2024-05-11,23:55,CHOQUE,1,1,3.0,CUSCO,CANCHIS,SICUANI,RURAL,CARRETERA,NACIONAL,PE-3S,-14.216545983228846,-71.29374342360288,DESPEJADO,RURAL,TRAMO RECTO,PLANA ,ASFALTADA,,,,,IMPRUDENCIA DEL CONDUCTOR,ADELANTAR INDEBIDAMENTE,23
A-2024-05-108,2024-05-12,10:41,DESPISTE,1,8,1.0,CAJAMARCA,CAJAMARCA,MAGDALENA,RURAL,CARRETERA,NACIONAL,PE-1NA,-7.28043407907949,-78.5434316327248,DESPEJADO,RURAL,CURVA,INCLINADA,ASFALTADA,SI,PREVENTIVA (P),REGULADORA (R),SI,IMPRUDENCIA DEL CONDUCTOR,EXCESO DE VELOCIDAD,10
A-2024-05-127,2024-05-12,17:10,ATROPELLO FUGA,1,0,,LIMA,LIMA,LA VICTORIA,URBANA,AVENIDA,URBANO,NO CORRESPONDE,-12.062222412658771,-77.01142928202842,DESPEJADO,COMERCIAL,TRAMO RECTO,PLANA ,ASFALTADA,,,,,EN PROCESO DE INVESTIGACIÓN,NO CUENTA CON CAUSA ESPECIFICA,17
A-2024-05-100,2024-05-12,21:10,ATROPELLO,1,0,1.0,UCAYALI,CORONEL PORTILLO,YARINACOCHA,URBANA,CARRETERA,DEPARTAMENTAL,UC-103,-8.352035379068248,-74.59407151257452,DESPEJADO,COMERCIAL,INTERSECCIÓN,PLANA ,CONCRETO,SI,PREVENTIVA (P),REGULADORA (R),NO,EN PROCESO DE INVESTIGACIÓN,NO CUENTA CON CAUSA ESPECIFICA,21
A-2024-05-65,2024-05-12,22:25,ATROPELLO,1,0,2.0,CUSCO,CUSCO,SAYLLA,URBANA,CARRETERA,NACIONAL,PE-3S,-13.561486,-71.845278,DESPEJADO,RURAL,TRAMO RECTO,PLANA ,ASFALTADA,,,,,IMPRUDENCIA DEL PEATÓN,OTRO (IMPRUDENCIA DEL PEATÓN),22
A-2024-05-117,2024-05-13,01:25,CHOQUE,1,0,,PIURA,MORROPON,LA MATANZA,RURAL,CARRETERA,NACIONAL,PE-1NJ,-5.18341702384324,-80.1363047328542,,,,,,,,,,EN PROCESO DE INVESTIGACIÓN,NO CUENTA CON CAUSA ESPECIFICA,1
A-2024-05-34,2024-05-13,02:20,DESPISTE,1,0,1.0,LA LIBERTAD,PACASMAYO,GUADALUPE,URBANA,CARRETERA,PROVINCIAL,LI-555,-7.246859107944112,-79.46301694413772,DESPEJADO,COMERCIAL,INTERSECCIÓN,PLANA ,ASFALTADA,,,,,EN PROCESO DE INVESTIGACIÓN,NO CUENTA CON CAUSA ESPECIFICA,2
A-2024-05-71,2024-05-13,04:00,DESPISTE,1,0,1.0,CUSCO,QUISPICANCHI,LUCRE,RURAL,CARRETERA,NACIONAL,PE-3S,-13.60648,-71.727483,DESPEJADO,RURAL,CURVA,PLANA ,ASFALTADA,,,,,IMPERICIA DEL CONDUCTOR,,4
A-2024-05-128,2024-05-13,05:50,ATROPELLO FUGA,1,0,,LIMA,LIMA,SAN MARTIN DE PORRES,URBANA,AVENIDA,URBANO,NO CORRESPONDE,-12.014555302603544,-77.08707058822898,DESPEJADO,RESIDENCIAL,TRAMO RECTO,PLANA ,ASFALTADA,,,,,EN PROCESO DE INVESTIGACIÓN,NO CUENTA CON CAUSA ESPECIFICA,5
A-2024-05-35,2024-05-13,10:40,DESPISTE,1,0,1.0,LA LIBERTAD,OTUZCO,OTUZCO,RURAL,CARRETERA,PROVINCIAL,LI-790,-7.892093556508674,-78.54110974854092,DESPEJADO,RURAL,TRAMO RECTO,PLANA ,ASFALTADA,,,,,EN PROCESO DE INVESTIGACIÓN,NO CUENTA CON CAUSA ESPECIFICA,10
A-2024-05-143,2024-05-13,16:45,VOLCADURA,1,1,,LIMA,LIMA,SANTA ANITA,URBANA,AVENIDA,URBANO,NO CORRESPONDE,-12.036356258488178,-76.94102016715004,DESPEJADO,COMERCIAL,TRAMO RECTO,PLANA ,ASFALTADA,,,,,IMPRUDENCIA DEL CONDUCTOR,ADELANTAR INDEBIDAMENTE,16
A-2024-05-129,2024-05-13,18:20,ATROPELLO,1,0,,LIMA,LIMA,ANCON,RURAL,CARRETERA,NACIONAL,PE-1N,-11.757368,-77.152551,DESPEJADO,INDUSTRIAL,TRAMO RECTO,PLANA ,ASFALTADA,,,,,EN PROCESO DE INVESTIGACIÓN,NO CUENTA CON CAUSA ESPECIFICA,18
A-2024-05-36,2024-05-14,00:30,CHOQUE,1,3,2.0,LA LIBERTAD,VIRU,VIRU,RURAL,CARRETERA,NACIONAL,PE-1N,-8.460708795308928,-78.72292032308259,DESPEJADO,RURAL,TRAMO RECTO,PLANA ,ASFALTADA,,,,,EN PROCESO DE INVESTIGACIÓN,NO CUENTA CON CAUSA ESPECIFICA,0
A-2024-05-11,2024-05-14,03:00,ATROPELLO,1,0,1.0,AREQUIPA,AREQUIPA,JOSE LUIS BUSTAMANTE Y RIVERO,URBANA,CARRETERA,NACIONAL,PE-34C,-16.425284,-71.524861,DESPEJADO,RESIDENCIAL,TRAMO RECTO,PLANA ,CONCRETO,,,,,EN PROCESO DE INVESTIGACIÓN,NO CUENTA CON CAUSA ESPECIFICA,3
A-2024-05-58,2024-05-14,05:30,DESPISTE,17,17,1.0,AYACUCHO,HUAMANGA,VINCHOS,RURAL,CARRETERA,NACIONAL,PE-28A,-13.332019244631937,-74.50760101175511,DESPEJADO,RURAL,CURVA,INCLINADA,ASFALTADA,SI,PREVENTIVA (P),PREVENTIVA (P),NO,IMPRUDENCIA DEL CONDUCTOR,FATIGA Y/O CANSANCIO,5
A-2024-05-26,2024-05-14,13:15,CHOQUE,1,2,2.0,LIMA,HUAURA,HUACHO,URBANA,CARRETERA,NACIONAL,PE-1N,-11.135838749474328,-77.59689150569524,DESPEJADO,RESIDENCIAL,TRAMO RECTO,PLANA ,ASFALTADA,,,,,IMPRUDENCIA DEL CONDUCTOR,GIRAR IMPRUDENTEMENTE,13
A-2024-05-37,2024-05-14,21:50,CHOQUE,1,1,2.0,LA LIBERTAD,VIRU,VIRU,RURAL,CARRETERA,PROVINCIAL,LI-1122,-8.455583,-78.852323,DESPEJADO,RURAL,TRAMO RECTO,PLANA ,AFIRMADO,,,,,EN PROCESO DE INVESTIGACIÓN,NO CUENTA CON CAUSA ESPECIFICA,21
A-2024-05-38,2024-05-15,15:45,DESPISTE,1,0,1.0,LA LIBERTAD,SANCHEZ CARRION,HUAMACHUCO,RURAL,CARRETERA,NACIONAL,PE-10B,-7.790679253911529,-77.97043736315956,DESPEJADO,RURAL,TRAMO RECTO,PLANA ,ASFALTADA,,,,,EN PROCESO DE INVESTIGACIÓN,NO CUENTA CON CAUSA ESPECIFICA,15
A-2024-05-91,2024-05-15,20:05,ATROPELLO FUGA,1,0,,ICA,ICA,ICA,RURAL,CARRETERA,NACIONAL,PE-1SC,-14.087782,-75.718023,DESPEJADO,RURAL,TRAMO RECTO,PLANA ,ASFALTADA,,,,,EN PROCESO DE INVESTIGACIÓN,NO CUENTA CON CAUSA ESPECIFICA,20
A-2024-05-39,2024-05-16,05:40,ATROPELLO FUGA,1,0,,LA LIBERTAD,TRUJILLO,MOCHE,RURAL,CARRETERA,NACIONAL,PE-1N,-8.1694610122,-79.0041184355,DESPEJADO,COMERCIAL,TRAMO RECTO,PLANA ,ASFALTADA,,,,,IMPRUDENCIA DEL CONDUCTOR,OTRO (IMPRUDENCIA DEL CONDUCTOR),5
A-2024-05-130,2024-05-16,09:30,ATROPELLO,1,0,,LIMA,LIMA,SAN MARTIN DE PORRES,URBANA,AVENIDA,URBANO,NO CORRESPONDE,-12.031633449832857,-77.05743216953307,DESPEJADO,RESIDENCIAL,TRAMO RECTO,PLANA ,ASFALTADA,,,,,EN PROCESO DE INVESTIGACIÓN,NO CUENTA CON CAUSA ESPECIFICA,9
A-2024-05-67,2024-05-16,19:05,ATROPELLO FUGA,1,0,,CALLAO,CALLAO,CALLAO,URBANA,CARRETERA,NACIONAL,PE-20,-12.02854,-77.12784,LLUVIOSO,INDUSTRIAL,TRAMO RECTO,PLANA ,ASFALTADA,NO,,,SI,EN PROCESO DE INVESTIGACIÓN,NO CUENTA CON CAUSA ESPECIFICA,19
A-2024-05-144,2024-05-16,21:30,DESPISTE,1,0,,LIMA,LIMA,CHACLACAYO,,AVENIDA,URBANO,NO CORRESPONDE,-11.973816426203925,-76.76288582589841,,,,,,,,,,EN PROCESO DE INVESTIGACIÓN,NO CUENTA CON CAUSA ESPECIFICA,21
A-2024-05-99,2024-05-17,04:50,CHOQUE,1,0,2.0,UCAYALI,CORONEL PORTILLO,YARINACOCHA,RURAL,CARRETERA,NACIONAL,PE-18C,-8.409284564934223,-74.64891322909108,DESPEJADO,RURAL,TRAMO RECTO,PLANA ,ASFALTADA,,,,,IMPRUDENCIA DEL CONDUCTOR,GIRAR IMPRUDENTEMENTE,4
A-2024-05-17,2024-05-17,16:00,DESPISTE,1,3,1.0,SAN MARTIN,MOYOBAMBA,SORITOR,RURAL,CARRETERA,PROVINCIAL,SM-620,-6.29237290809229,-77.0997671755404,DESPEJADO,RURAL,CURVA,INCLINADA,TROCHA,,,,,EN PROCESO DE INVESTIGACIÓN,NO CUENTA CON CAUSA ESPECIFICA,16
A-2024-05-137,2024-05-18,00:10,ATROPELLO,1,1,,LIMA,LIMA,SAN MARTIN DE PORRES,URBANA,AVENIDA,URBANO,NO CORRESPONDE,-12.012098239575083,-77.08736323430423,DESPEJADO,RESIDENCIAL,INTERSECCIÓN,PLANA ,ASFALTADA,SI,PREVENTIVA (P),,NO,IMPRUDENCIA DEL PEATÓN,ESTADO DE EBRIEDAD Y/O DROGADICCIÓN,0
A-2024-05-40,2024-05-18,05:30,DESPISTE,1,0,1.0,LA LIBERTAD,BOLIVAR,UCHUMARCA,RURAL,CARRETERA,DEPARTAMENTAL,LI-107,-7.079170571762353,-77.79556618362606,DESPEJADO,RURAL,TRAMO RECTO,PLANA ,TROCHA,,,,,EN PROCESO DE INVESTIGACIÓN,NO CUENTA CON CAUSA ESPECIFICA,5
A-2024-05-81,2024-05-18,12:35,ATROPELLO,1,1,1.0,CUSCO,ANTA,ANTA,RURAL,CARRETERA,NACIONAL,PE-3S,-13.479257457056944,-72.16122995243103,DESPEJADO,RURAL,TRAMO RECTO,PLANA ,ASFALTADA,,,,,IMPRUDENCIA DEL PEATÓN,ESTADO DE EBRIEDAD Y/O DROGADICCIÓN,12
A-2024-05-12,2024-05-18,13:21,CHOQUE,1,1,1.0,AREQUIPA,ISLAY,COCACHACRA,RURAL,CARRETERA,NACIONAL,PE-1S,-16.9838296287419,-71.7708158491995,NIEBLA,RURAL,CURVA,INCLINADA,ASFALTADA,SI,PREVENTIVA (P),INFORMATIVA (I),SI,EN PROCESO DE INVESTIGACIÓN,NO CUENTA CON CAUSA ESPECIFICA,13
A-2024-05-131,2024-05-18,14:45,ATROPELLO,2,0,,LIMA,LIMA,ANCON,URBANA,CARRETERA,NACIONAL,PE-1N,-11.812872,-77.129667,DESPEJADO,RURAL,TRAMO RECTO,PLANA ,ASFALTADA,,,,,EN PROCESO DE INVESTIGACIÓN,NO CUENTA CON CAUSA ESPECIFICA,14
A-2024-05-68,2024-05-18,15:45,CHOQUE,1,1,1.0,CUSCO,LA CONVENCION,HUAYOPATA,RURAL,CARRETERA,NACIONAL,PE-28B,-13.00242,-72.571308,DESPEJADO,RURAL,CURVA,PLANA ,ASFALTADA,SI,PREVENTIVA (P),PREVENTIVA (P),SI,IMPRUDENCIA DEL CONDUCTOR,CONDUCIR EN ESTADO DE EBRIEDAD Y/O DROGADICCIÓN,15
A-2024-05-27,2024-05-19,05:45,DESPISTE,1,1,1.0,LIMA,HUAURA,HUACHO,RURAL,CARRETERA,NACIONAL,PE-1N,-11.314284154821213,-77.48276560587419,DESPEJADO,RURAL,TRAMO RECTO,PLANA ,ASFALTADA,,,,,IMPRUDENCIA DEL CONDUCTOR,FATIGA Y/O CANSANCIO,5
A-2024-05-116,2024-05-19,09:30,DESPISTE,1,0,1.0,CAJAMARCA,JAEN,JAEN,URBANA,CARRETERA,NACIONAL,PE-5N,-5.718479,-78.80186,DESPEJADO,COMERCIAL,TRAMO RECTO,INCLINADA,CONCRETO,,,,,IMPRUDENCIA DEL CONDUCTOR,CONDUCIR EN ESTADO DE EBRIEDAD Y/O DROGADICCIÓN,9
A-2024-05-145,2024-05-19,12:00,ATROPELLO,1,0,,LIMA,LIMA,ATE,URBANA,OTRO,URBANO,NO CORRESPONDE,-12.038364250913126,-76.92035377085342,DESPEJADO,COMERCIAL,OTRO,PLANA ,CONCRETO,,,,,IMPRUDENCIA DEL CONDUCTOR,OTRO (IMPRUDENCIA DEL CONDUCTOR),12
A-2024-05-80,2024-05-19,14:40,ATROPELLO,1,0,2.0,CUSCO,CUSCO,SAN SEBASTIAN,RURAL,AVENIDA,URBANO,NO CORRESPONDE,-13.530289,-71.931615,DESPEJADO,RURAL,TRAMO RECTO,PLANA ,ASFALTADA,,,,,IMPRUDENCIA DEL PEATÓN,CRUCE INDEBIDO POR LA CALZADA,14
A-2024-05-18,2024-05-19,16:15,CHOQUE,1,0,,PUNO,YUNGUYO,YUNGUYO,URBANA,AVENIDA,URBANO,NO CORRESPONDE,-16.2438482,-69.0894543,DESPEJADO,COMERCIAL,OTRO,PLANA ,ASFALTADA,,,,,IMPRUDENCIA DEL CONDUCTOR,CONDUCIR EN SENTIDO CONTRARIO,16
A-2024-05-118,2024-05-19,19:30,ATROPELLO,1,0,,LIMA,LIMA,CHORRILLOS,URBANA,AVENIDA,URBANO,NO CORRESPONDE,-12.17087749870441,-76.99375483648389,DESPEJADO,ESCOLAR,TRAMO RECTO,PLANA ,ASFALTADA,SI,PREVENTIVA (P),,SI,EN PROCESO DE INVESTIGACIÓN,NO CUENTA CON CAUSA ESPECIFICA,19
A-2024-05-132,2024-05-19,20:45,ATROPELLO,1,0,,LIMA,LIMA,LURIN,RURAL,CARRETERA,NACIONAL,PE-1S,-12.274956,-76.891577,DESPEJADO,RURAL,TRAMO RECTO,PLANA ,ASFALTADA,,,,,EN PROCESO DE INVESTIGACIÓN,NO CUENTA CON CAUSA ESPECIFICA,20
A-2024-05-19,2024-05-19,21:20,DESPISTE,1,0,,PUNO,YUNGUYO,YUNGUYO,RURAL,CARRETERA,DEPARTAMENTAL,PU-130,-16.2548724,-69.1277968,,,,,,,,,,IMPRUDENCIA DEL CONDUCTOR,EXCESO DE VELOCIDAD,21
A-2024-05-45,2024-05-19,23:40,CHOQUE,1,3,2.0,SAN MARTIN,MOYOBAMBA,MOYOBAMBA,URBANA,JIRÓN,URBANO,NO CORRESPONDE,-6.044131,-76.972011,DESPEJADO,COMERCIAL,INTERSECCIÓN,PLANA ,ASFALTADA,,,,,IMPRUDENCIA DEL CONDUCTOR,OTRO (IMPRUDENCIA DEL CONDUCTOR),23
A-2024-05-146,2024-05-20,07:20,CHOQUE,1,0,,LIMA,LIMA,SAN JUAN DE MIRAFLORES,URBANA,CARRETERA,NACIONAL,PE-1S,-12.162007216136672,-76.98171171350097,DESPEJADO,RESIDENCIAL,TRAMO RECTO,PLANA ,ASFALTADA,,,,,EN PROCESO DE INVESTIGACIÓN,NO CUENTA CON CAUSA ESPECIFICA,7
A-2024-05-97,2024-05-20,08:40,CHOQUE,12,1,2.0,PASCO,PASCO,SAN FRANCISCO DE ASIS DE YARUSYACAN,RURAL,CARRETERA,NACIONAL,PE-3N,-10.5215686392873,-76.1803379146791,DESPEJADO,RURAL,TRAMO RECTO,PLANA ,ASFALTADA,,,,,IMPRUDENCIA DEL CONDUCTOR,EXCESO DE VELOCIDAD,8
A-2024-05-41,2024-05-20,11:00,ATROPELLO,1,0,1.0,LA LIBERTAD,TRUJILLO,TRUJILLO,URBANA,AVENIDA,URBANO,NO CORRESPONDE,-8.093469954,-79.0268661407,DESPEJADO,COMERCIAL,TRAMO RECTO,PLANA ,ASFALTADA,,,,,EN PROCESO DE INVESTIGACIÓN,NO CUENTA CON CAUSA ESPECIFICA,11
A-2024-05-112,2024-05-20,14:00,CHOQUE,1,0,2.0,CAJAMARCA,CAJAMARCA,CAJAMARCA,URBANA,AVENIDA,URBANO,NO CORRESPONDE,-7.16913,-78.503771,DESPEJADO,COMERCIAL,TRAMO RECTO,PLANA ,CONCRETO,,,,,IMPRUDENCIA DEL CONDUCTOR,EXCESO DE VELOCIDAD,14
A-2024-05-42,2024-05-21,03:00,DESPISTE,1,0,1.0,LA LIBERTAD,TRUJILLO,HUANCHACO,URBANA,AVENIDA,URBANO,NO CORRESPONDE,-8.0407378749289,-79.05935194068593,DESPEJADO,COMERCIAL,TRAMO RECTO,PLANA ,ASFALTADA,,,,,IMPRUDENCIA DEL CONDUCTOR,CONDUCIR EN SENTIDO CONTRARIO,3
A-2024-05-147,2024-05-21,18:30,CHOQUE,1,0,,LIMA,LIMA,SAN MARTIN DE PORRES,URBANA,CARRETERA,NACIONAL,PE-1N,-12.035766105422756,-77.04477332871173,DESPEJADO,COMERCIAL,CURVA,INCLINADA,ASFALTADA,SI,PREVENTIVA (P),,NO,IMPRUDENCIA DEL CONDUCTOR,OTRO (IMPRUDENCIA DEL CONDUCTOR),18
A-2024-05-92,2024-05-22,13:00,DESPISTE,1,0,,ICA,PISCO,PARACAS,RURAL,PLAYA,URBANO,NO CORRESPONDE,-14.052459012854449,-76.26107628030537,DESPEJADO,RURAL,OTRO,PLANA ,TROCHA,,,,,EN PROCESO DE INVESTIGACIÓN,NO CUENTA CON CAUSA ESPECIFICA,13
A-2024-05-82,2024-05-22,14:30,ATROPELLO,1,0,1.0,CUSCO,URUBAMBA,URUBAMBA,URBANA,CALLE,URBANO,NO CORRESPONDE,-13.303568,-72.131051,DESPEJADO,RESIDENCIAL,TRAMO RECTO,PLANA ,CONCRETO,,,,,IMPRUDENCIA DEL PEATÓN,CRUCE INDEBIDO POR LA CALZADA,14
A-2024-05-133,2024-05-22,17:00,ATROPELLO,1,0,,LIMA,LIMA,INDEPENDENCIA,URBANA,AVENIDA,URBANO,NO CORRESPONDE,-11.977677209983089,-77.05009893242188,DESPEJADO,RESIDENCIAL,INTERSECCIÓN,PLANA ,ASFALTADA,,,,,EN PROCESO DE INVESTIGACIÓN,NO CUENTA CON CAUSA ESPECIFICA,17
A-2024-05-20,2024-05-22,20:21,CHOQUE,1,1,2.0,PUNO,EL COLLAO,ILAVE,URBANA,CARRETERA,NACIONAL,PE-3S,-16.091724,-69.632402,DESPEJADO,RURAL,TRAMO RECTO,PLANA ,ASFALTADA,,,,,IMPRUDENCIA DEL CONDUCTOR,OTRO (IMPRUDENCIA DEL CONDUCTOR),20
A-2024-05-59,2024-05-22,21:30,DESPISTE,1,4,1.0,AYACUCHO,CANGALLO,MARIA PARADO DE BELLIDO,RURAL,CARRETERA,NACIONAL,PE-30D,-13.623384,-74.269101,DESPEJADO,RURAL,CURVA,INCLINADA,AFIRMADO,,,,,IMPRUDENCIA DEL CONDUCTOR,CONDUCIR EN ESTADO DE EBRIEDAD Y/O DROGADICCIÓN,21
A-2024-05-93,2024-05-23,11:20,ATROPELLO,1,0,,ICA,PISCO,SAN CLEMENTE,RURAL,CARRETERA,NACIONAL,PE-1SE,-13.612964,-76.1687,DESPEJADO,RURAL,TRAMO RECTO,PLANA ,ASFALTADA,,,,,IMPRUDENCIA DEL PEATÓN,CRUCE INDEBIDO POR LA CALZADA,11
A-2024-05-148,2024-05-24,07:30,CHOQUE FUGA,1,0,,LIMA,LIMA,LOS OLIVOS,URBANA,CARRETERA,NACIONAL,PE-1N,-11.95930856964801,-77.06880100974995,DESPEJADO,RESIDENCIAL,TRAMO RECTO,PLANA ,ASFALTADA,SI,REGULADORA (R),,NO,EN PROCESO DE INVESTIGACIÓN,NO CUENTA CON CAUSA ESPECIFICA,7