codigo_siniestro,fecha_siniestro,hora_siniestro,clase_siniestro,cantidad_fallecidos,cantidad_lesionados,cantidad_vehiculos_danados,departamento,provincia,distrito,zona,tipo_via,red_vial,cod_carretera,latitud,longitud,condicion_climatica,zonificacion,caracteristicas_via,perfil_longitudinal_via,superficie_calzada,existe_senal_vertical,clasificacion_senal_vertical_1,clasificacion_senal_vertical_2,existe_senal_horizontal,causa_factor_principal,causa_especifica,hora_del_dia
A-2025-03-46,2025-03-27,11:30,DESPISTE,1,2,,HUANCAVELICA,TAYACAJA,QUISHUAR,RURAL,CARRETERA,PROVINCIAL,HV-530,-12.2384141,-74.7786875,DESPEJADO,RURAL,TRAMO RECTO,PLANA ,TROCHA,,,,,EN PROCESO DE INVESTIGACIÓN,NO CUENTA CON CAUSA ESPECIFICA,11
A-2025-03-98,2025-03-27,20:00,ATROPELLO FUGA,1,0,,LIMA,LIMA,EL AGUSTINO,URBANA,AVENIDA,URBANO,NO CORRESPONDE,-12.030158901924349,-76.99987511769811,DESPEJADO,COMERCIAL,INTERSECCIÓN,PLANA ,ASFALTADA,,,,,EN PROCESO DE INVESTIGACIÓN,NO CUENTA CON CAUSA ESPECIFICA,20
A-2025-03-99,2025-03-29,05:18,ATROPELLO,1,0,,LIMA,LIMA,LURIGANCHO,URBANA,AVENIDA,URBANO,NO CORRESPONDE,-11.93337243487841,-76.69345355731348,DESPEJADO,COMERCIAL,TRAMO RECTO,PLANA ,ASFALTADA,,,,,EN PROCESO DE INVESTIGACIÓN,NO CUENTA CON CAUSA ESPECIFICA,5
A-2025-03-38,2025-03-29,07:23,ATROPELLO,1,0,,AREQUIPA,AREQUIPA,CERRO COLORADO,URBANA,AVENIDA,URBANO,NO CORRESPONDE,-16.34264,-71.585955,DESPEJADO,RESIDENCIAL,INTERSECCIÓN,PLANA ,ASFALTADA,NO,,,SI,EN PROCESO DE INVESTIGACIÓN,NO CUENTA CON CAUSA ESPECIFICA,7
A-2025-03-39,2025-03-29,09:30,CHOQUE,1,0,2.0,SAN MARTIN,RIOJA,ELIAS SOPLIN VARGAS,URBANA,CARRETERA,NACIONAL,PE-5N,-5.9900494072939,-77.2827631939373,SOLEADO,COMERCIAL,TRAMO RECTO,PLANA ,ASFALTADA,,,,,EN PROCESO DE INVESTIGACIÓN,NO CUENTA CON CAUSA ESPECIFICA,9
A-2025-03-43,2025-03-30,02:30,DESPISTE,2,2,,HUANCAVELICA,HUANCAVELICA,HUANDO,RURAL,CARRETERA,NACIONAL,PE-26,-12.517558839041,-74.9650809408018,DESPEJADO,RURAL,TRAMO RECTO,PLANA ,ASFALTADA,,,,,EN PROCESO DE INVESTIGACIÓN,NO CUENTA CON CAUSA ESPECIFICA,2
A-2025-03-32,2025-03-30,03:00,ATROPELLO FUGA,1,0,,SAN MARTIN,RIOJA,AWAJUN,RURAL,CARRETERA,NACIONAL,PE-5N,-5.837782,-77.359036,DESPEJADO,RURAL,TRAMO RECTO,PLANA ,ASFALTADA,,,,,EN PROCESO DE INVESTIGACIÓN,NO CUENTA CON CAUSA ESPECIFICA,3
A-2025-03-45,2025-03-30,06:00,ATROPELLO FUGA,1,0,,ICA,CHINCHA,CHINCHA BAJA,RURAL,CARRETERA,NACIONAL,PE-1SE,-13.509641,-76.184887,DESPEJADO,RURAL,TRAMO RECTO,PLANA ,ASFALTADA,,,,,EN PROCESO DE INVESTIGACIÓN,NO CUENTA CON CAUSA ESPECIFICA,6
A-2025-03-100,2025-03-30,07:00,ATROPELLO FUGA,1,0,,LIMA,LIMA,ANCON,RURAL,CARRETERA,NACIONAL,PE-1N,-11.778857,-77.159337,DESPEJADO,RURAL,TRAMO RECTO,PLANA ,ASFALTADA,,,,,EN PROCESO DE INVESTIGACIÓN,NO CUENTA CON CAUSA ESPECIFICA,7
A-2025-03-66,2025-03-30,11:50,DESPISTE,1,0,1.0,CAJAMARCA,HUALGAYOC,BAMBAMARCA,RURAL,CARRETERA,NACIONAL,PE-1NA,-6.656983,-78.538828,DESPEJADO,RURAL,CURVA,INCLINADA,ASFALTADA,,,,,IMPRUDENCIA DEL CONDUCTOR,EXCESO DE VELOCIDAD,11
A-2025-03-101,2025-03-31,04:10,DESPISTE,1,0,,LIMA,LIMA,SAN BORJA,URBANA,AVENIDA,URBANO,NO CORRESPONDE,-12.08690906442074,-76.99784757723532,DESPEJADO,RESIDENCIAL,TRAMO RECTO,PLANA ,ASFALTADA,,,,,EN PROCESO DE INVESTIGACIÓN,NO CUENTA CON CAUSA ESPECIFICA,4
A-2025-03-29,2025-03-31,04:20,ATROPELLO,1,0,1.0,CUSCO,CUSCO,SANTIAGO,URBANA,CARRETERA,DEPARTAMENTAL,CU-117,-13.541476,-71.981781,NUBLADO,RESIDENCIAL,TRAMO RECTO,INCLINADA,ASFALTADA,,,,,IMPRUDENCIA DEL CONDUCTOR,CONDUCIR EN ESTADO DE EBRIEDAD Y/O DROGADICCIÓN,4
A-2025-03-102,2025-03-31,17:00,ATROPELLO,1,0,,LIMA,LIMA,JESUS MARIA,URBANA,AVENIDA,URBANO,NO CORRESPONDE,-12.084662529443884,-77.06153435511624,DESPEJADO,COMERCIAL,TRAMO RECTO,PLANA ,ASFALTADA,SI,PREVENTIVA (P),INFORMATIVA (I),SI,EN PROCESO DE INVESTIGACIÓN,NO CUENTA CON CAUSA ESPECIFICA,17
A-2025-03-51,2025-03-31,19:00,ATROPELLO FUGA,1,0,,CUSCO,ESPINAR,PALLPATA,RURAL,CARRETERA,NACIONAL,PE-3SG,-14.88621,-71.233492,DESPEJADO,RURAL,TRAMO RECTO,PLANA ,ASFALTADA,,,,,IMPRUDENCIA DEL CONDUCTOR,OTRO (IMPRUDENCIA DEL CONDUCTOR),19
A-2025-04-63,2025-04-01,05:05,CHOQUE,1,0,,LIMA,LIMA,VILLA EL SALVADOR,URBANA,AVENIDA,URBANO,NO CORRESPONDE,-12.20284601323566,-76.93648937004146,DESPEJADO,RESIDENCIAL,INTERSECCIÓN,PLANA ,ASFALTADA,,,,,EN PROCESO DE INVESTIGACIÓN,NO CUENTA CON CAUSA ESPECIFICA,5
A-2025-04-64,2025-04-01,08:06,DESPISTE,1,2,,LIMA,LIMA,CARABAYLLO,URBANA,AVENIDA,URBANO,NO CORRESPONDE,-11.869062644700984,-77.01261961768444,DESPEJADO,RESIDENCIAL,TRAMO RECTO,INCLINADA,ASFALTADA,,,,,EN PROCESO DE INVESTIGACIÓN,NO CUENTA CON CAUSA ESPECIFICA,8
A-2025-04-8,2025-04-01,08:06,DESPISTE,1,2,,LIMA,LIMA,CARABAYLLO,URBANA,AVENIDA,URBANO,NO CORRESPONDE,-11.86906230185771,-77.0126351649385,DESPEJADO,COMERCIAL,TRAMO RECTO,INCLINADA,ASFALTADA,,,,,EN PROCESO DE INVESTIGACIÓN,NO CUENTA CON CAUSA ESPECIFICA,8
A-2025-04-43,2025-04-01,09:00,DESPISTE,1,0,1.0,ANCASH,HUAYLAS,HUALLANCA,RURAL,CARRETERA,NACIONAL,PE-3N,-8.81673360134559,-77.8587657919675,LLUVIOSO,RURAL,SINUOSA,PLANA ,ASFALTADA,,,,,EN PROCESO DE INVESTIGACIÓN,NO CUENTA CON CAUSA ESPECIFICA,9
A-2025-04-42,2025-04-01,14:20,CHOQUE,2,1,,ICA,CHINCHA,GROCIO PRADO,RURAL,CARRETERA,NACIONAL,PE-1S,-13.392128,-76.199498,,,,,,,,,,EN PROCESO DE INVESTIGACIÓN,NO CUENTA CON CAUSA ESPECIFICA,14
A-2025-04-4,2025-04-01,15:50,CHOQUE,1,0,,AREQUIPA,CAYLLOMA,MAJES,URBANA,CARRETERA,DEPARTAMENTAL,AR-108,-16.354655,-72.176846,DESPEJADO,COMERCIAL,TRAMO RECTO,PLANA ,ASFALTADA,NO,,,SI,EN PROCESO DE INVESTIGACIÓN,NO CUENTA CON CAUSA ESPECIFICA,15
A-2025-04-15,2025-04-01,19:00,DESPISTE,2,0,,HUANCAVELICA,ANGARAES,LIRCAY,RURAL,CARRETERA,SIN CLASIFICAR,SIN CLASIFICAR,-12.972745205866232,-74.70633713255751,DESPEJADO,RURAL,TRAMO RECTO,PLANA ,TROCHA,,,,,EN PROCESO DE INVESTIGACIÓN,NO CUENTA CON CAUSA ESPECIFICA,19
A-2025-04-66,2025-04-01,19:30,CAÍDA DE PASAJERO,1,0,,LIMA,LIMA,SAN JUAN DE LURIGANCHO,URBANA,AVENIDA,URBANO,NO CORRESPONDE,-12.01569044797082,-77.01217545585838,DESPEJADO,RESIDENCIAL,CURVA,PLANA ,ASFALTADA,,,,,EN PROCESO DE INVESTIGACIÓN,NO CUENTA CON CAUSA ESPECIFICA,19
A-2025-04-65,2025-04-02,03:30,ATROPELLO FUGA,1,0,,LIMA,LIMA,SAN JUAN DE MIRAFLORES,URBANA,CARRETERA,NACIONAL,PE-1S,-12.173214,-76.978563,DESPEJADO,RESIDENCIAL,TRAMO RECTO,PLANA ,ASFALTADA,,,,,EN PROCESO DE INVESTIGACIÓN,NO CUENTA CON CAUSA ESPECIFICA,3
A-2025-04-36,2025-04-03,11:30,ATROPELLO,1,1,,APURIMAC,ANDAHUAYLAS,JOSE MARIA ARGUEDAS,RURAL,CARRETERA,PROVINCIAL,AP-694,-13.7466231244208,-73.3465473357564,SOLEADO,RURAL,TRAMO RECTO,PLANA ,TROCHA,,,,,IMPRUDENCIA DEL CONDUCTOR,GIRAR IMPRUDENTEMENTE,11
A-2025-04-6,2025-04-04,08:10,VOLCADURA,1,1,,AREQUIPA,AREQUIPA,YURA,URBANA,CARRETERA,NACIONAL,PE-34A,-16.071877,-71.581666,NUBLADO,RURAL,CURVA,INCLINADA,ASFALTADA,SI,PREVENTIVA (P),INFORMATIVA (I),SI,EN PROCESO DE INVESTIGACIÓN,NO CUENTA CON CAUSA ESPECIFICA,8
A-2025-04-20,2025-04-04,09:50,DESPISTE,1,1,,HUANCAVELICA,TAYACAJA,PAZOS,RURAL,CARRETERA,PROVINCIAL,HV-568,-12.2376523522364,-74.9687394893111,DESPEJADO,RURAL,TRAMO RECTO,PLANA ,TROCHA,,,,,EN PROCESO DE INVESTIGACIÓN,NO CUENTA CON CAUSA ESPECIFICA,9
A-2025-04-56,2025-04-04,18:50,CHOQUE,1,0,2.0,AYACUCHO,HUAMANGA,OCROS,RURAL,CARRETERA,NACIONAL,PE-3S,-13.4198097257978,-73.8956944727291,DESPEJADO,RURAL,CURVA,PLANA ,ASFALTADA,SI,PREVENTIVA (P),,NO,IMPRUDENCIA DEL CONDUCTOR,INVASIÓN DE CARRIL,18
A-2025-04-7,2025-04-05,08:40,CHOQUE,1,3,,AREQUIPA,CAYLLOMA,MAJES,URBANA,AVENIDA,URBANO,NO CORRESPONDE,-16.380383,-72.198597,DESPEJADO,RESIDENCIAL,INTERSECCIÓN,PLANA ,ASFALTADA,SI,REGULADORA (R),,SI,EN PROCESO DE INVESTIGACIÓN,NO CUENTA CON CAUSA ESPECIFICA,8
A-2025-04-50,2025-04-05,10:30,DESPISTE,1,6,1.0,CAJAMARCA,CELENDIN,LA LIBERTAD DE PALLAN,RURAL,CARRETERA,PROVINCIAL,CA-972,-6.665888,-78.332336,DESPEJADO,RURAL,CURVA,INCLINADA,CASCAJO/RIPIO,,,,,EN PROCESO DE INVESTIGACIÓN,NO CUENTA CON CAUSA ESPECIFICA,10
A-2025-04-1,2025-04-06,04:30,DESPISTE,1,0,,LIMA,HUARAL,CHANCAY,RURAL,CARRETERA,NACIONAL,PE-1N,-11.5552925,-77.2709639,,,,,,,,,,EN PROCESO DE INVESTIGACIÓN,NO CUENTA CON CAUSA ESPECIFICA,4
A-2025-04-13,2025-04-06,11:35,CHOQUE,1,0,2.0,SAN MARTIN,MOYOBAMBA,JEPELACIO,RURAL,CARRETERA,NACIONAL,PE-5N,-6.100706,-76.858954,SOLEADO,RURAL,CURVA,INCLINADA,ASFALTADA,,,,,IMPERICIA DEL CONDUCTOR,,11
A-2025-04-2,2025-04-07,08:05,CHOQUE,1,0,3.0,LIMA,HUARAL,CHANCAY,RURAL,CARRETERA,NACIONAL,PE-1NB,-11.5519824,-77.2641056,DESPEJADO,RURAL,TRAMO RECTO,PLANA ,ASFALTADA,,,,,EN PROCESO DE INVESTIGACIÓN,NO CUENTA CON CAUSA ESPECIFICA,8
A-2025-04-54,2025-04-08,17:30,ATROPELLO,1,0,1.0,AYACUCHO,HUAMANGA,SAN JUAN BAUTISTA,URBANA,CARRETERA,NACIONAL,PE-3S,-13.1906963669891,-74.2009152255625,DESPEJADO,RESIDENCIAL,CURVA,INCLINADA,ASFALTADA,SI,PREVENTIVA (P),,NO,IMPRUDENCIA DEL CONDUCTOR,NO DAR PASO PREFERENTE AL PEATÓN,17
A-2025-04-35,2025-04-08,20:30,FERROVIARIO,1,0,0.0,CUSCO,URUBAMBA,OLLANTAYTAMBO,RURAL,OTRO,URBANO,NO CORRESPONDE,-13.271591967212144,-72.22043566499373,DESPEJADO,RURAL,TRAMO RECTO,INCLINADA,CASCAJO/RIPIO,,,,,IMPRUDENCIA DEL CONDUCTOR,OTRO (IMPRUDENCIA DEL CONDUCTOR),20
A-2025-04-3,2025-04-09,23:30,ATROPELLO FUGA,1,0,1.0,LIMA,HUARAL,CHANCAY,RURAL,CARRETERA,NACIONAL,PE-1N,-11.5646857,-77.2651276,DESPEJADO,RURAL,TRAMO RECTO,PLANA ,ASFALTADA,SI,REGULADORA (R),REGULADORA (R),SI,EN PROCESO DE INVESTIGACIÓN,NO CUENTA CON CAUSA ESPECIFICA,23
A-2025-04-44,2025-04-10,06:50,ATROPELLO,1,0,1.0,ANCASH,CARHUAZ,MARCARA,URBANA,CARRETERA,NACIONAL,PE-3N,-9.32486316564175,-77.6037375127407,DESPEJADO,RURAL,ÓVALO,PLANA ,ASFALTADA,,,,,EN PROCESO DE INVESTIGACIÓN,NO CUENTA CON CAUSA ESPECIFICA,6
A-2025-04-23,2025-04-10,14:00,DESPISTE,1,3,,CUSCO,ESPINAR,OCORURO,RURAL,CARRETERA,NACIONAL,PE-34J,-15.174107,-71.166016,DESPEJADO,RURAL,CURVA,PLANA ,ASFALTADA,,,,,IMPRUDENCIA DEL CONDUCTOR,EXCESO DE VELOCIDAD,14
A-2025-04-5,2025-04-10,18:50,ATROPELLO,1,0,1.0,LIMA,HUARAL,HUARAL,URBANA,AVENIDA,URBANO,NO CORRESPONDE,-11.4973717,-77.2090798,DESPEJADO,ESCOLAR,INTERSECCIÓN,PLANA ,ASFALTADA,SI,PREVENTIVA (P),,SI,EN PROCESO DE INVESTIGACIÓN,NO CUENTA CON CAUSA ESPECIFICA,18
A-2025-04-9,2025-04-11,10:45,DESPISTE,2,1,,AREQUIPA,CAYLLOMA,MAJES,RURAL,CARRETERA,NACIONAL,PE-1S,-16.42505,-72.25803,DESPEJADO,RURAL,TRAMO RECTO,PLANA ,ASFALTADA,NO,,,SI,EN PROCESO DE INVESTIGACIÓN,NO CUENTA CON CAUSA ESPECIFICA,10
A-2025-04-51,2025-04-12,17:00,DESPISTE,1,1,1.0,CAJAMARCA,CONTUMAZA,CHILETE,RURAL,CARRETERA,NACIONAL,PE-08,-7.226349,-78.822903,DESPEJADO,RURAL,TRAMO RECTO,PLANA ,ASFALTADA,,,,,EN PROCESO DE INVESTIGACIÓN,NO CUENTA CON CAUSA ESPECIFICA,17
A-2025-04-33,2025-04-13,20:00,VOLCADURA,2,0,1.0,CUSCO,CHUMBIVILCAS,VELILLE,RURAL,CARRETERA,NACIONAL,PE-3SG,-14.5544600132645,-71.9203460256972,DESPEJADO,RURAL,TRAMO RECTO,PLANA ,AFIRMADO,,,,,IMPRUDENCIA DEL CONDUCTOR,CONDUCIR EN ESTADO DE EBRIEDAD Y/O DROGADICCIÓN,20
A-2025-04-52,2025-04-14,06:50,CHOQUE,1,2,2.0,CAJAMARCA,SAN MIGUEL,SAN MIGUEL,RURAL,CARRETERA,NACIONAL,PE-1N,-7.071712,-78.9544799,DESPEJADO,RURAL,CURVA,INCLINADA,ASFALTADA,,,,,EN PROCESO DE INVESTIGACIÓN,NO CUENTA CON CAUSA ESPECIFICA,6
A-2025-04-38,2025-04-15,10:00,DESPISTE,1,0,1.0,CUSCO,CHUMBIVILCAS,SANTO TOMAS,RURAL,CARRETERA,DEPARTAMENTAL,CU-119,-14.44683,-72.075008,DESPEJADO,RURAL,CURVA,PLANA ,AFIRMADO,,,,,IMPRUDENCIA DEL CONDUCTOR,EXCESO DE VELOCIDAD,10
A-2025-04-37,2025-04-15,15:39,ATROPELLO FUGA,1,0,,CUSCO,CUSCO,WANCHAQ,URBANA,AVENIDA,URBANO,NO CORRESPONDE,-13.520023,-71.972141,DESPEJADO,COMERCIAL,TRAMO RECTO,PLANA ,CONCRETO,,,,,IMPRUDENCIA DEL CONDUCTOR,EXCESO DE VELOCIDAD,15
A-2025-04-17,2025-04-15,19:30,DESPISTE,2,0,,HUANCAVELICA,CHURCAMPA,ANCO,RURAL,CARRETERA,NACIONAL,PE-3S,-12.674205247125562,-74.5931337723548,DESPEJADO,RURAL,TRAMO RECTO,PLANA ,TROCHA,,,,,EN PROCESO DE INVESTIGACIÓN,NO CUENTA CON CAUSA ESPECIFICA,19
A-2025-04-55,2025-04-16,07:00,CHOQUE,1,3,2.0,AYACUCHO,LA MAR,SAN MIGUEL,RURAL,CARRETERA,DEPARTAMENTAL,AY-102,-12.987883,-73.98542,DESPEJADO,RURAL,CURVA,PLANA ,ASFALTADA,,,,,IMPRUDENCIA DEL CONDUCTOR,FATIGA Y/O CANSANCIO,7
A-2025-04-10,2025-04-18,06:40,CHOQUE,1,2,,AREQUIPA,CAYLLOMA,SAN ANTONIO DE CHUCA,RURAL,CARRETERA,NACIONAL,PE-34A,-15.88421,-71.1601,NUBLADO,RURAL,TRAMO RECTO,PLANA ,ASFALTADA,NO,,,SI,EN PROCESO DE INVESTIGACIÓN,NO CUENTA CON CAUSA ESPECIFICA,6
A-2025-04-11,2025-04-18,18:15,ATROPELLO,1,0,,AREQUIPA,AREQUIPA,VITOR,RURAL,CARRETERA,SIN CLASIFICAR,SIN CLASIFICAR,-16.5798727686942,-71.9349128013153,DESPEJADO,RURAL,TRAMO RECTO,PLANA ,TROCHA,,,,,EN PROCESO DE INVESTIGACIÓN,NO CUENTA CON CAUSA ESPECIFICA,18
A-2025-04-45,2025-04-19,01:30,DESPISTE,1,0,1.0,ANCASH,HUARI,SAN MARCOS,URBANA,CARRETERA,SIN CLASIFICAR,SIN CLASIFICAR,-9.536849377678784,-77.15973429242257,DESPEJADO,RURAL,TRAMO RECTO,PLANA ,ASFALTADA,,,,,EN PROCESO DE INVESTIGACIÓN,NO CUENTA CON CAUSA ESPECIFICA,1
A-2025-04-68,2025-04-20,10:31,DESPISTE,1,0,,CUSCO,LA CONVENCION,INKAWASI,RURAL,CARRETERA,DEPARTAMENTAL,CU-100,-13.312484,-73.282705,DESPEJADO,RURAL,CURVA,PLANA ,TROCHA,,,,,IMPERICIA DEL CONDUCTOR,,10
A-2025-04-31,2025-04-20,13:31,DESPISTE,1,0,,CUSCO,CUSCO,CUSCO,RURAL,CARRETERA,SIN CLASIFICAR,SIN CLASIFICAR,-13.521432,-72.003805,DESPEJADO,RURAL,TRAMO RECTO,PLANA ,AFIRMADO,,,,,IMPRUDENCIA DEL CONDUCTOR,FATIGA Y/O CANSANCIO,13
A-2025-04-34,2025-04-20,15:00,CHOQUE,1,0,1.0,CUSCO,CHUMBIVILCAS,VELILLE,RURAL,CARRETERA,NACIONAL,PE-3SG,-14.546164,-71.899198,DESPEJADO,RURAL,CURVA,PLANA ,AFIRMADO,,,,,IMPERICIA DEL CONDUCTOR,,15
A-2025-04-14,2025-04-20,19:30,CHOQUE,1,0,,AREQUIPA,AREQUIPA,LA JOYA,URBANA,CARRETERA,NACIONAL,PE-1S,-16.52899,-71.78459,DESPEJADO,RESIDENCIAL,TRAMO RECTO,PLANA ,ASFALTADA,SI,INFORMATIVA (I),,SI,EN PROCESO DE INVESTIGACIÓN,NO CUENTA CON CAUSA ESPECIFICA,19
A-2025-04-46,2025-04-21,05:40,CHOQUE,1,0,2.0,ANCASH,YUNGAY,YUNGAY,RURAL,CARRETERA,NACIONAL,PE-3N,-9.11478229901101,-77.7666163169284,DESPEJADO,RURAL,TRAMO RECTO,PLANA ,ASFALTADA,,,,,EN PROCESO DE INVESTIGACIÓN,NO CUENTA CON CAUSA ESPECIFICA,5
A-2025-04-22,2025-04-21,17:00,DESPISTE,2,1,,HUANCAVELICA,TAYACAJA,ÑAHUIMPUQUIO,RURAL,CARRETERA,NACIONAL,PE-3SD,-12.309111,-75.04651,DESPEJADO,RURAL,TRAMO RECTO,PLANA ,ASFALTADA,,,,,EN PROCESO DE INVESTIGACIÓN,NO CUENTA CON CAUSA ESPECIFICA,17
A-2025-04-39,2025-04-21,21:30,ATROPELLO FUGA,1,0,,CUSCO,PAUCARTAMBO,KOSÑIPATA,RURAL,CARRETERA,DEPARTAMENTAL,CU-113,-12.9844,-71.427692,DESPEJADO,RURAL,TRAMO RECTO,PLANA ,AFIRMADO,,,,,IMPERICIA DEL CONDUCTOR,,21
A-2025-04-47,2025-04-22,14:30,CHOQUE,2,0,2.0,ANCASH,HUARI,SAN MARCOS,RURAL,SIN CLASIFICAR,SIN CLASIFICAR,SIN CLASIFICAR,-9.538339498607,-77.0642926145385,DESPEJADO,RURAL,OTRO,INCLINADA,TROCHA,,,,,EN PROCESO DE INVESTIGACIÓN,NO CUENTA CON CAUSA ESPECIFICA,14
A-2025-04-16,2025-04-22,19:30,ATROPELLO FUGA,1,0,,SAN MARTIN,RIOJA,AWAJUN,URBANA,CARRETERA,NACIONAL,PE-5N,-5.826115,-77.372734,DESPEJADO,ESCOLAR,TRAMO RECTO,INCLINADA,ASFALTADA,,,,,EN PROCESO DE INVESTIGACIÓN,NO CUENTA CON CAUSA ESPECIFICA,19
A-2025-04-32,2025-04-22,20:30,ATROPELLO,1,0,1.0,CUSCO,CANCHIS,SICUANI,RURAL,CARRETERA,NACIONAL,PE-3S,-14.22892,-71.279282,DESPEJADO,RURAL,TRAMO RECTO,PLANA ,ASFALTADA,,,,,IMPRUDENCIA DEL PEATÓN,CRUCE INDEBIDO POR LA CALZADA,20
A-2025-04-18,2025-04-23,05:00,DESPISTE,1,1,1.0,SAN MARTIN,RIOJA,ELIAS SOPLIN VARGAS,URBANA,AVENIDA,URBANO,NO CORRESPONDE,-5.98850041690745,-77.2804817489797,DESPEJADO,COMERCIAL,TRAMO RECTO,PLANA ,AFIRMADO,,,,,IMPRUDENCIA DEL CONDUCTOR,EXCESO DE VELOCIDAD,5
A-2025-04-48,2025-04-24,00:50,DESPISTE,1,0,1.0,ANCASH,CORONGO,LA PAMPA,RURAL,CARRETERA,PROVINCIAL,AN-543,-8.67799659840183,-77.9187243393879,DESPEJADO,RURAL,CURVA,PLANA ,ASFALTADA,,,,,EN PROCESO DE INVESTIGACIÓN,NO CUENTA CON CAUSA ESPECIFICA,0
A-2025-04-12,2025-04-25,05:50,ATROPELLO,1,0,1.0,LIMA,HUARAL,CHANCAY,RURAL,CARRETERA,NACIONAL,PE-1N,-11.5191527,-77.2933989,DESPEJADO,RURAL,TRAMO RECTO,PLANA ,ASFALTADA,,,,,EN PROCESO DE INVESTIGACIÓN,NO CUENTA CON CAUSA ESPECIFICA,5
A-2025-04-49,2025-04-25,10:00,DESPISTE,1,0,1.0,ANCASH,BOLOGNESI,ANTONIO RAYMONDI,URBANA,CALLE,URBANO,NO CORRESPONDE,-10.156889002388,-77.4700920563845,DESPEJADO,RURAL,SINUOSA,PLANA ,ASFALTADA,,,,,IMPRUDENCIA DEL CONDUCTOR,OTRO (IMPRUDENCIA DEL CONDUCTOR),10
A-2025-04-21,2025-04-26,02:20,CHOQUE,1,46,,AREQUIPA,ISLAY,COCACHACRA,RURAL,CARRETERA,NACIONAL,PE-1S,-17.039021,-71.619746,DESPEJADO,RURAL,CURVA,INCLINADA,ASFALTADA,SI,PREVENTIVA (P),,SI,EN PROCESO DE INVESTIGACIÓN,NO CUENTA CON CAUSA ESPECIFICA,2
A-2025-04-67,2025-04-26,07:00,DESPISTE,1,0,1.0,CUSCO,ANTA,MOLLEPATA,RURAL,CARRETERA,DEPARTAMENTAL,CU-109,-13.513281668998784,-72.52386631832593,DESPEJADO,RURAL,TRAMO RECTO,PLANA ,ASFALTADA,,,,,IMPRUDENCIA DEL CONDUCTOR,FATIGA Y/O CANSANCIO,7
A-2025-04-25,2025-04-26,19:20,ATROPELLO,1,0,,CUSCO,CUSCO,SAYLLA,RURAL,CARRETERA,NACIONAL,PE-3S,-13.5657274385257,-71.835935950328,SOLEADO,RURAL,TRAMO RECTO,PLANA ,ASFALTADA,,,,,IMPRUDENCIA DEL CONDUCTOR,CAÍDA DE MERCANCÍA,19
A-2025-04-19,2025-04-26,20:00,CHOQUE,1,2,2.0,SAN MARTIN,RIOJA,NUEVA CAJAMARCA,RURAL,CARRETERA,NACIONAL,PE-5N,-5.82794965819435,-77.370500851458,DESPEJADO,RURAL,TRAMO RECTO,PLANA ,CONCRETO,,,,,EN PROCESO DE INVESTIGACIÓN,NO CUENTA CON CAUSA ESPECIFICA,20
A-2025-04-26,2025-04-26,20:46,ATROPELLO,1,0,,CUSCO,CANCHIS,SAN PEDRO,RURAL,CARRETERA,NACIONAL,PE-3S,-14.194283,-71.329443,DESPEJADO,RURAL,TRAMO RECTO,PLANA ,ASFALTADA,,,,,IMPRUDENCIA DEL PEATÓN,CRUCE INDEBIDO POR LA CALZADA,20
A-2025-04-24,2025-04-27,14:00,DESPISTE,1,0,,CUSCO,CANCHIS,CHECACUPE,RURAL,CARRETERA,DEPARTAMENTAL,CU-124,-13.9895230185019,-71.4279941740332,DESPEJADO,RURAL,CURVA,PLANA ,TROCHA,,,,,IMPRUDENCIA DEL CONDUCTOR,FATIGA Y/O CANSANCIO,14
A-2025-04-30,2025-04-28,07:15,CHOQUE,1,1,,CUSCO,QUISPICANCHI,ANDAHUAYLILLAS,RURAL,CARRETERA,NACIONAL,PE-3S,-13.62028,-71.712517,DESPEJADO,RURAL,TRAMO RECTO,PLANA ,ASFALTADA,SI,REGULADORA (R),PREVENTIVA (P),NO,IMPRUDENCIA DEL CONDUCTOR,EXCESO DE VELOCIDAD,7
A-2025-04-29,2025-04-30,12:20,CHOQUE,1,0,1.0,SAN MARTIN,RIOJA,NUEVA CAJAMARCA,URBANA,AVENIDA,URBANO,NO CORRESPONDE,-5.945122,-77.305492,DESPEJADO,RESIDENCIAL,TRAMO RECTO,PLANA ,ASFALTADA,,,,,IMPRUDENCIA DEL CONDUCTOR,OTRO (IMPRUDENCIA DEL CONDUCTOR),12
A-2025-04-28,2025-04-30,19:00,CHOQUE,1,0,,AREQUIPA,AREQUIPA,CERRO COLORADO,URBANA,CARRETERA,DEPARTAMENTAL,AR-123,-16.3620754095,-71.6242131316,DESPEJADO,RESIDENCIAL,TRAMO RECTO,PLANA ,ASFALTADA,SI,REGULADORA (R),PREVENTIVA (P),SI,EN PROCESO DE INVESTIGACIÓN,NO CUENTA CON CAUSA ESPECIFICA,19
A-2025-04-53,2025-04-30,20:00,VOLCADURA,3,0,1.0,CAJAMARCA,CHOTA,CHOTA,RURAL,CARRETERA,NACIONAL,PE-3NC,-6.5370162,-78.6946091,DESPEJADO,RURAL,TRAMO RECTO,PLANA ,AFIRMADO,,,,,EN PROCESO DE INVESTIGACIÓN,NO CUENTA CON CAUSA ESPECIFICA,20