codigo_siniestro,fecha_siniestro,hora_siniestro,clase_siniestro,cantidad_fallecidos,cantidad_lesionados,cantidad_vehiculos_danados,departamento,provincia,distrito,zona,tipo_via,red_vial,cod_carretera,latitud,longitud,condicion_climatica,zonificacion,caracteristicas_via,perfil_longitudinal_via,superficie_calzada,existe_senal_vertical,clasificacion_senal_vertical_1,clasificacion_senal_vertical_2,existe_senal_horizontal,causa_factor_principal,causa_especifica,hora_del_dia
A-2025-06-25,2025-06-21,20:30,ATROPELLO FUGA,1,0,,ANCASH,ASUNCION,CHACAS,URBANA,CARRETERA,SIN CLASIFICAR,SIN CLASIFICAR,-9.17576929975099,-77.3649404930691,DESPEJADO,RURAL,INTERSECCIÓN,PLANA ,ASFALTADA,,,,,EN PROCESO DE INVESTIGACIÓN,NO CUENTA CON CAUSA ESPECIFICA,20
A-2025-06-21,2025-06-22,03:30,DESPISTE,1,0,,AREQUIPA,AREQUIPA,CERRO COLORADO,URBANA,CARRETERA,NACIONAL,PE-34A,-16.402334,-71.584648,DESPEJADO,INDUSTRIAL,CURVA,PLANA ,ASFALTADA,,,,,EN PROCESO DE INVESTIGACIÓN,NO CUENTA CON CAUSA ESPECIFICA,3
A-2025-06-77,2025-06-22,09:00,DESPISTE,2,10,1.0,CAJAMARCA,CUTERVO,CALLAYUC,RURAL,CARRETERA,PROVINCIAL,CA-822,-6.118831,-78.951358,DESPEJADO,RURAL,CURVA,PLANA ,AFIRMADO,,,,,IMPRUDENCIA DEL CONDUCTOR,EXCESO DE VELOCIDAD,9
A-2025-06-55,2025-06-23,18:15,ATROPELLO,1,0,1.0,CUSCO,LA CONVENCION,MARANURA,RURAL,CALLE,URBANO,NO CORRESPONDE,-12.9618293420773,-72.6644823557048,DESPEJADO,RURAL,TRAMO RECTO,PLANA ,ASFALTADA,,,,,IMPRUDENCIA DEL CONDUCTOR,EXCESO DE VELOCIDAD,18
A-2025-06-26,2025-06-24,21:20,ATROPELLO FUGA,1,0,,ANCASH,YUNGAY,SHUPLUY,RURAL,CARRETERA,NACIONAL,PE-3N,-9.21178479661363,-77.6899685334868,DESPEJADO,RURAL,INTERSECCIÓN,PLANA ,ASFALTADA,,,,,EN PROCESO DE INVESTIGACIÓN,NO CUENTA CON CAUSA ESPECIFICA,21
A-2025-06-18,2025-06-25,06:00,CHOQUE,1,0,2.0,SAN MARTIN,RIOJA,RIOJA,URBANA,CARRETERA,NACIONAL,PE-5N,-6.05309342957726,-77.1569169372298,DESPEJADO,RESIDENCIAL,CURVA,PLANA ,ASFALTADA,,,,,IMPRUDENCIA DEL CONDUCTOR,EXCESO DE VELOCIDAD,6
A-2025-06-42,2025-06-25,06:45,DESPISTE,1,0,1.0,AYACUCHO,VILCAS HUAMAN,INDEPENDENCIA,RURAL,CARRETERA,SIN CLASIFICAR,SIN CLASIFICAR,-13.870951,-73.817526,DESPEJADO,RURAL,CURVA,PLANA ,TROCHA,,,,,IMPRUDENCIA DEL CONDUCTOR,OTRO (IMPRUDENCIA DEL CONDUCTOR),6
A-2025-06-13,2025-06-25,21:15,CHOQUE FUGA,1,0,1.0,TUMBES,ZARUMILLA,AGUAS VERDES,RURAL,CARRETERA,NACIONAL,PE-1NO,-3.48288912295238,-80.25399492671777,DESPEJADO,RURAL,TRAMO RECTO,PLANA ,ASFALTADA,,,,,IMPRUDENCIA DEL CONDUCTOR,OTRO (IMPRUDENCIA DEL CONDUCTOR),21
A-2025-06-58,2025-06-26,19:10,CHOQUE,1,0,2.0,CUSCO,CALCA,CALCA,RURAL,CARRETERA,NACIONAL,PE-28B,-13.311600078030777,-71.99790816043749,DESPEJADO,RURAL,TRAMO RECTO,PLANA ,ASFALTADA,,,,,IMPRUDENCIA DEL CONDUCTOR,EXCESO DE VELOCIDAD,19
A-2025-06-22,2025-06-26,21:20,ATROPELLO FUGA,1,0,,AREQUIPA,AREQUIPA,YANAHUARA,URBANA,CALLE,URBANO,NO CORRESPONDE,-16.402588,-71.559784,DESPEJADO,RESIDENCIAL,OTRO,PLANA ,TROCHA,NO,,,SI,EN PROCESO DE INVESTIGACIÓN,NO CUENTA CON CAUSA ESPECIFICA,21
A-2025-06-11,2025-06-27,00:00,ATROPELLO FUGA,1,0,1.0,LIMA,HUARAL,AUCALLAMA,RURAL,CARRETERA,NACIONAL,PE-1N,-11.6109195,-77.224728,DESPEJADO,RURAL,TRAMO RECTO,PLANA ,ASFALTADA,,,,,EN PROCESO DE INVESTIGACIÓN,NO CUENTA CON CAUSA ESPECIFICA,0
A-2025-06-78,2025-06-27,03:20,DESPISTE,1,0,1.0,CAJAMARCA,CELENDIN,CELENDIN,URBANA,CARRETERA,PROVINCIAL,CA-997,-6.853078,-78.14093,DESPEJADO,COMERCIAL,CURVA,PLANA ,AFIRMADO,,,,,IMPRUDENCIA DEL CONDUCTOR,CONDUCIR EN ESTADO DE EBRIEDAD Y/O DROGADICCIÓN,3
A-2025-06-12,2025-06-28,18:30,ATROPELLO FUGA,1,0,1.0,LIMA,HUARAL,CHANCAY,RURAL,CARRETERA,NACIONAL,PE-1N,-11.5593801,-77.266452,DESPEJADO,RURAL,TRAMO RECTO,PLANA ,ASFALTADA,,,,,EN PROCESO DE INVESTIGACIÓN,NO CUENTA CON CAUSA ESPECIFICA,18
A-2025-06-19,2025-06-28,20:30,ATROPELLO,2,1,1.0,SAN MARTIN,RIOJA,RIOJA,RURAL,CARRETERA,NACIONAL,PE-5N,-6.035876,-77.198682,DESPEJADO,RURAL,TRAMO RECTO,PLANA ,ASFALTADA,,,,,EN PROCESO DE INVESTIGACIÓN,NO CUENTA CON CAUSA ESPECIFICA,20
A-2025-06-59,2025-06-29,02:00,DESPISTE,1,0,,CUSCO,CANCHIS,SICUANI,RURAL,CARRETERA,NACIONAL,PE-3S,-14.2252068611055,-71.2835592700151,DESPEJADO,RURAL,TRAMO RECTO,PLANA ,ASFALTADA,,,,,IMPRUDENCIA DEL CONDUCTOR,CONDUCIR EN ESTADO DE EBRIEDAD Y/O DROGADICCIÓN,2
A-2025-06-23,2025-06-29,06:30,CHOQUE,2,2,,AREQUIPA,AREQUIPA,YURA,RURAL,CARRETERA,NACIONAL,PE-34A,-16.271093,-71.667534,DESPEJADO,RURAL,TRAMO RECTO,PLANA ,ASFALTADA,NO,,,SI,EN PROCESO DE INVESTIGACIÓN,NO CUENTA CON CAUSA ESPECIFICA,6
A-2025-06-27,2025-06-29,09:45,CHOQUE,1,0,2.0,ANCASH,HUAYLAS,CARAZ,RURAL,CARRETERA,NACIONAL,PE-3N,-9.05406193186759,-77.8023460127285,DESPEJADO,RURAL,TRAMO RECTO,PLANA ,ASFALTADA,,,,,EN PROCESO DE INVESTIGACIÓN,NO CUENTA CON CAUSA ESPECIFICA,9
A-2025-06-24,2025-06-30,03:00,CHOQUE,1,0,,AREQUIPA,AREQUIPA,LA JOYA,RURAL,CARRETERA,NACIONAL,PE-34A,-16.5254121813254,-71.7496378314202,DESPEJADO,RURAL,INTERSECCIÓN,PLANA ,ASFALTADA,NO,,,SI,EN PROCESO DE INVESTIGACIÓN,NO CUENTA CON CAUSA ESPECIFICA,3
A-2025-06-28,2025-06-30,11:50,CHOQUE,1,2,,CUSCO,ESPINAR,OCORURO,RURAL,CARRETERA,NACIONAL,PE-34J,-15.0239342123667,-71.147741990517,DESPEJADO,RURAL,TRAMO RECTO,PLANA ,ASFALTADA,,,,,IMPRUDENCIA DEL CONDUCTOR,EXCESO DE VELOCIDAD,11
A-2025-07-1,2025-07-01,03:00,CHOQUE FUGA,1,0,2.0,LIMA,HUARAL,CHANCAY,RURAL,CARRETERA,NACIONAL,PE-1N,-11.5296755,-77.2870452,DESPEJADO,RURAL,TRAMO RECTO,PLANA ,ASFALTADA,,,,,EN PROCESO DE INVESTIGACIÓN,NO CUENTA CON CAUSA ESPECIFICA,3
A-2025-07-61,2025-07-01,05:31,ESPECIAL,1,0,,CUSCO,CHUMBIVILCAS,CHAMACA,RURAL,CARRETERA,SIN CLASIFICAR,NO CORRESPONDE,-14.417743,-71.935251,DESPEJADO,RURAL,TRAMO RECTO,PLANA ,AFIRMADO,,,,,IMPRUDENCIA DEL CONDUCTOR,FATIGA Y/O CANSANCIO,5
A-2025-07-67,2025-07-01,19:00,CHOQUE,1,1,2.0,CAJAMARCA,CAJAMARCA,NAMORA,RURAL,CARRETERA,NACIONAL,PE-3N,-7.209202,-78.309549,DESPEJADO,RURAL,TRAMO RECTO,PLANA ,ASFALTADA,,,,,IMPRUDENCIA DEL CONDUCTOR,EXCESO DE VELOCIDAD,19
A-2025-07-8,2025-07-01,20:00,ATROPELLO FUGA,1,0,1.0,TUMBES,TUMBES,TUMBES,RURAL,CARRETERA,DEPARTAMENTAL,TU-103,-3.513088072844824,-80.38671073976607,DESPEJADO,RURAL,TRAMO RECTO,PLANA ,ASFALTADA,,,,,IMPRUDENCIA DEL PEATÓN,ESTADO DE EBRIEDAD Y/O DROGADICCIÓN,20
A-2025-07-68,2025-07-02,10:15,CAÍDA DE PASAJERO,1,0,1.0,CAJAMARCA,HUALGAYOC,HUALGAYOC,RURAL,CARRETERA,NACIONAL,PE-3N,-6.760404,-78.596958,DESPEJADO,RURAL,TRAMO RECTO,INCLINADA,ASFALTADA,,,,,IMPRUDENCIA DEL PASAJERO/OCUPANTE,OTRO (IMPRUDENCIA DEL PASAJERO/OCUPANTE),10
A-2025-07-71,2025-07-02,16:00,CHOQUE,1,1,2.0,CAJAMARCA,SAN IGNACIO,CHIRINOS,RURAL,CARRETERA,PROVINCIAL,CA-611,-5.293416,-78.902531,DESPEJADO,RURAL,CURVA,PLANA ,CASCAJO/RIPIO,,,,,IMPRUDENCIA DEL CONDUCTOR,EXCESO DE VELOCIDAD,16
A-2025-07-2,2025-07-02,19:10,CHOQUE,1,6,,AREQUIPA,AREQUIPA,LA JOYA,RURAL,CARRETERA,NACIONAL,PE-34A,-16.5262200143498,-71.7499969756807,DESPEJADO,RURAL,TRAMO RECTO,PLANA ,ASFALTADA,SI,PREVENTIVA (P),REGULADORA (R),SI,EN PROCESO DE INVESTIGACIÓN,NO CUENTA CON CAUSA ESPECIFICA,19
A-2025-07-69,2025-07-04,17:50,ATROPELLO,1,0,1.0,CAJAMARCA,CAJAMARCA,CAJAMARCA,URBANA,JIRÓN,URBANO,NO CORRESPONDE,-7.17149509742511,-78.5046153950943,DESPEJADO,RESIDENCIAL,TRAMO RECTO,PLANA ,ASFALTADA,,,,,IMPRUDENCIA DEL PEATÓN,CRUCE INDEBIDO POR LA CALZADA,17
A-2025-07-46,2025-07-05,09:00,DESPISTE,1,1,1.0,AYACUCHO,CANGALLO,CANGALLO,RURAL,CARRETERA,PROVINCIAL,AY-995,-13.638071,-74.127434,SOLEADO,RURAL,CURVA,INCLINADA,AFIRMADO,,,,,IMPRUDENCIA DEL CONDUCTOR,CONDUCIR EN ESTADO DE EBRIEDAD Y/O DROGADICCIÓN,9
A-2025-07-56,2025-07-06,12:40,CHOQUE,1,0,,AREQUIPA,CARAVELI,CHAPARRA,RURAL,CARRETERA,NACIONAL,PE-32,-15.756718921111904,-73.90493579492664,DESPEJADO,RURAL,TRAMO RECTO,PLANA ,ASFALTADA,,,,,EN PROCESO DE INVESTIGACIÓN,NO CUENTA CON CAUSA ESPECIFICA,12
A-2025-07-6,2025-07-08,07:30,CHOQUE,1,1,2.0,SAN MARTIN,RIOJA,ELIAS SOPLIN VARGAS,RURAL,CARRETERA,NACIONAL,PE-5N,-5.98235006894237,-77.2868922160946,DESPEJADO,RURAL,TRAMO RECTO,PLANA ,ASFALTADA,,,,,IMPRUDENCIA DEL CONDUCTOR,OTRO (IMPRUDENCIA DEL CONDUCTOR),7
A-2025-07-65,2025-07-09,15:30,CHOQUE,1,0,2.0,CUSCO,CHUMBIVILCAS,SANTO TOMAS,RURAL,CARRETERA,PROVINCIAL,CU-1876,-14.659167,-72.021631,DESPEJADO,RURAL,TRAMO RECTO,PLANA ,ASFALTADA,,,,,IMPRUDENCIA DEL CONDUCTOR,EXCESO DE VELOCIDAD,15
A-2025-07-15,2025-07-10,07:20,CHOQUE,1,0,2.0,SAN MARTIN,MOYOBAMBA,MOYOBAMBA,URBANA,CARRETERA,NACIONAL,PE-5N,-6.04195,-76.96433,DESPEJADO,COMERCIAL,CURVA,INCLINADA,ASFALTADA,,,,,EN PROCESO DE INVESTIGACIÓN,NO CUENTA CON CAUSA ESPECIFICA,7
A-2025-07-51,2025-07-10,17:00,DESPISTE,2,0,1.0,AYACUCHO,VICTOR FAJARDO,CAYARA,RURAL,CARRETERA,NACIONAL,PE-32A,-13.783266372970528,-74.00632537808602,DESPEJADO,RURAL,TRAMO RECTO,PLANA ,TROCHA,,,,,IMPRUDENCIA DEL CONDUCTOR,CONDUCIR EN ESTADO DE EBRIEDAD Y/O DROGADICCIÓN,17
A-2025-07-54,2025-07-12,04:30,CHOQUE,1,0,2.0,CUSCO,QUISPICANCHI,CUSIPATA,RURAL,CARRETERA,NACIONAL,PE-3S,-13.905138132634129,-71.49932218441477,DESPEJADO,RURAL,TRAMO RECTO,PLANA ,ASFALTADA,,,,,IMPRUDENCIA DEL CONDUCTOR,FATIGA Y/O CANSANCIO,4
A-2025-07-70,2025-07-12,10:30,DESPISTE,1,1,3.0,CAJAMARCA,CAJAMARCA,CAJAMARCA,URBANA,AVENIDA,URBANO,NO CORRESPONDE,-7.17375,-78.504243,DESPEJADO,COMERCIAL,TRAMO RECTO,PLANA ,ASFALTADA,,,,,IMPRUDENCIA DEL CONDUCTOR,ADELANTAR INDEBIDAMENTE,10
A-2025-07-7,2025-07-12,11:25,DESPISTE,1,0,1.0,SAN MARTIN,RIOJA,RIOJA,URBANA,CARRETERA,NACIONAL,PE-5N,-6.009613,-77.246935,DESPEJADO,RESIDENCIAL,TRAMO RECTO,PLANA ,ASFALTADA,,,,,EN PROCESO DE INVESTIGACIÓN,NO CUENTA CON CAUSA ESPECIFICA,11
A-2025-07-57,2025-07-12,12:00,ATROPELLO,1,0,1.0,CUSCO,CANCHIS,SICUANI,RURAL,CARRETERA,NACIONAL,PE-3S,-14.2257772682344,-71.2828126982739,DESPEJADO,RURAL,TRAMO RECTO,PLANA ,ASFALTADA,,,,,IMPRUDENCIA DEL PEATÓN,CRUCE INDEBIDO POR LA CALZADA,12
A-2025-07-58,2025-07-13,17:31,ATROPELLO,1,0,,CUSCO,CANCHIS,SICUANI,RURAL,CARRETERA,NACIONAL,PE-3S,-14.2445622,-71.2604167,DESPEJADO,RURAL,TRAMO RECTO,PLANA ,ASFALTADA,,,,,IMPRUDENCIA DEL CONDUCTOR,EXCESO DE VELOCIDAD,17
A-2025-07-73,2025-07-13,21:30,DESPISTE,1,2,1.0,CAJAMARCA,JAEN,COLASAY,RURAL,CARRETERA,PROVINCIAL,CA-672,-5.97565039447927,-79.0432216400816,DESPEJADO,RURAL,CURVA,INCLINADA,CASCAJO/RIPIO,,,,,IMPRUDENCIA DEL CONDUCTOR,EXCESO DE VELOCIDAD,21
A-2025-07-18,2025-07-14,07:50,DESPISTE,1,0,1.0,SAN MARTIN,LAMAS,ALONSO DE ALVARADO,RURAL,CARRETERA,NACIONAL,PE-5N,-6.23185347719985,-76.8079859651585,DESPEJADO,RURAL,TRAMO RECTO,INCLINADA,ASFALTADA,,,,,EN PROCESO DE INVESTIGACIÓN,NO CUENTA CON CAUSA ESPECIFICA,7
A-2025-07-72,2025-07-14,08:50,CHOQUE,1,0,1.0,CAJAMARCA,CAJAMARCA,CAJAMARCA,RURAL,CARRETERA,NACIONAL,PE-3N,-7.080033,-78.592559,DESPEJADO,RURAL,TRAMO RECTO,INCLINADA,ASFALTADA,,,,,IMPRUDENCIA DEL CONDUCTOR,EXCESO DE VELOCIDAD,8
A-2025-07-22,2025-07-15,13:30,CHOQUE,3,1,,AREQUIPA,AREQUIPA,VITOR,RURAL,CARRETERA,NACIONAL,PE-1S,-16.445773,-71.974013,DESPEJADO,RURAL,TRAMO RECTO,PLANA ,ASFALTADA,SI,PREVENTIVA (P),,SI,EN PROCESO DE INVESTIGACIÓN,NO CUENTA CON CAUSA ESPECIFICA,13
A-2025-07-12,2025-07-16,01:50,ATROPELLO FUGA,1,0,,AREQUIPA,AREQUIPA,CAYMA,URBANA,CARRETERA,PROVINCIAL,AR-747,-16.389218,-71.549067,DESPEJADO,COMERCIAL,TRAMO RECTO,PLANA ,ASFALTADA,SI,INFORMATIVA (I),,SI,EN PROCESO DE INVESTIGACIÓN,NO CUENTA CON CAUSA ESPECIFICA,1
A-2025-07-74,2025-07-16,03:10,DESPISTE,1,1,1.0,CAJAMARCA,CAJABAMBA,CONDEBAMBA,RURAL,CARRETERA,PROVINCIAL,CA-1656,-7.583036,-78.065661,DESPEJADO,RURAL,CURVA,INCLINADA,AFIRMADO,,,,,IMPRUDENCIA DEL CONDUCTOR,CONDUCIR EN ESTADO DE EBRIEDAD Y/O DROGADICCIÓN,3
A-2025-07-23,2025-07-19,04:50,FERROVIARIO,1,0,,AREQUIPA,AREQUIPA,YURA,RURAL,SIN CLASIFICAR,SIN CLASIFICAR,SIN CLASIFICAR,-16.294903,-71.632503,DESPEJADO,RURAL,TRAMO RECTO,PLANA ,CASCAJO/RIPIO,,,,,EN PROCESO DE INVESTIGACIÓN,NO CUENTA CON CAUSA ESPECIFICA,4
A-2025-07-4,2025-07-19,07:30,CHOQUE,1,0,2.0,HUANCAVELICA,HUANCAVELICA,HUANDO,URBANA,CARRETERA,NACIONAL,PE-26,-12.5714538179204,-74.95389574736303,DESPEJADO,COMERCIAL,TRAMO RECTO,PLANA ,ASFALTADA,,,,,EN PROCESO DE INVESTIGACIÓN,NO CUENTA CON CAUSA ESPECIFICA,7
A-2025-07-55,2025-07-20,02:30,ATROPELLO,1,0,1.0,AYACUCHO,HUAMANGA,AYACUCHO,RURAL,CARRETERA,NACIONAL,PE-28A,-13.184936792494174,-74.25735360645346,DESPEJADO,RURAL,TRAMO RECTO,INCLINADA,ASFALTADA,,,,,IMPRUDENCIA DEL CONDUCTOR,CONDUCIR EN ESTADO DE EBRIEDAD Y/O DROGADICCIÓN,2
A-2025-07-75,2025-07-20,07:30,DESPISTE,1,0,1.0,CAJAMARCA,SAN IGNACIO,SAN IGNACIO,RURAL,CARRETERA,NACIONAL,PE-5N,-5.165646,-78.910036,DESPEJADO,RURAL,TRAMO RECTO,PLANA ,ASFALTADA,SI,PREVENTIVA (P),,SI,IMPRUDENCIA DEL CONDUCTOR,OTRO (IMPRUDENCIA DEL CONDUCTOR),7
A-2025-07-76,2025-07-20,07:30,DESPISTE,1,0,,CAJAMARCA,CHOTA,CHOTA,,CARRETERA,NACIONAL,PE-3N,-6.61774078358485,-78.5857917696024,,,,,,,,,,EN PROCESO DE INVESTIGACIÓN,NO CUENTA CON CAUSA ESPECIFICA,7
A-2025-07-52,2025-07-20,18:50,CHOQUE,1,0,2.0,AYACUCHO,HUANTA,HUANTA,RURAL,CARRETERA,NACIONAL,PE-3S,-12.930705,-74.262873,DESPEJADO,RURAL,CURVA,INCLINADA,ASFALTADA,SI,PREVENTIVA (P),,NO,IMPRUDENCIA DEL CONDUCTOR,INVASIÓN DE CARRIL,18
A-2025-07-13,2025-07-21,14:30,DESPISTE,1,0,,AREQUIPA,CAYLLOMA,MAJES,RURAL,CARRETERA,SIN CLASIFICAR,SIN CLASIFICAR,-16.393125,-72.224887,DESPEJADO,RURAL,TRAMO RECTO,PLANA ,ASFALTADA,,,,,EN PROCESO DE INVESTIGACIÓN,NO CUENTA CON CAUSA ESPECIFICA,14
A-2025-07-5,2025-07-22,20:30,CHOQUE FUGA,1,0,1.0,LIMA,HUARAL,CHANCAY,RURAL,CARRETERA,NACIONAL,PE-1N,-11.4326752,-77.362552,DESPEJADO,RURAL,OTRO,INCLINADA,ASFALTADA,SI,PREVENTIVA (P),,NO,EN PROCESO DE INVESTIGACIÓN,NO CUENTA CON CAUSA ESPECIFICA,20
A-2025-07-47,2025-07-23,10:11,ATROPELLO,1,0,0.0,AYACUCHO,HUAMANGA,SAN JUAN BAUTISTA,URBANA,JIRÓN,URBANO,NO CORRESPONDE,-13.1667622945567,-74.2215688907526,DESPEJADO,RESIDENCIAL,TRAMO RECTO,INCLINADA,ASFALTADA,,,,,IMPRUDENCIA DEL CONDUCTOR,OTRO (IMPRUDENCIA DEL CONDUCTOR),10
A-2025-07-9,2025-07-24,07:00,CHOQUE,1,1,1.0,TUMBES,TUMBES,CORRALES,RURAL,CARRETERA,NACIONAL,PE-1N,-3.594363347555513,-80.4805451009477,DESPEJADO,RURAL,TRAMO RECTO,PLANA ,ASFALTADA,NO,,,NO,IMPRUDENCIA DEL CONDUCTOR,INVASIÓN DE CARRIL,7
A-2025-07-16,2025-07-24,09:30,DESPISTE,2,2,1.0,HUANCAVELICA,ACOBAMBA,ANTA,RURAL,CARRETERA,DEPARTAMENTAL,HV-107,-12.7782291692809,-74.6718877580734,DESPEJADO,RURAL,CURVA,PLANA ,ASFALTADA,SI,PREVENTIVA (P),PREVENTIVA (P),NO,EN PROCESO DE INVESTIGACIÓN,NO CUENTA CON CAUSA ESPECIFICA,9
A-2025-07-10,2025-07-24,15:31,DESPISTE,1,0,1.0,ANCASH,RECUAY,CATAC,RURAL,CARRETERA,NACIONAL,PE-3N,-9.90924235989658,-77.3916342984006,DESPEJADO,RURAL,CURVA,INCLINADA,TROCHA,,,,,EN PROCESO DE INVESTIGACIÓN,NO CUENTA CON CAUSA ESPECIFICA,15
A-2025-07-24,2025-07-24,18:00,ATROPELLO,1,0,,AREQUIPA,AREQUIPA,UCHUMAYO,URBANA,CARRETERA,NACIONAL,PE-34A,-16.407988,-71.609071,DESPEJADO,RURAL,TRAMO RECTO,PLANA ,ASFALTADA,SI,PREVENTIVA (P),,SI,EN PROCESO DE INVESTIGACIÓN,NO CUENTA CON CAUSA ESPECIFICA,18
A-2025-07-59,2025-07-26,06:30,DESPISTE,1,1,1.0,CUSCO,CHUMBIVILCAS,VELILLE,RURAL,CARRETERA,NACIONAL,PE-3SG,-14.546139,-71.903889,DESPEJADO,RURAL,TRAMO RECTO,PLANA ,AFIRMADO,,,,,IMPRUDENCIA DEL CONDUCTOR,CONDUCIR EN ESTADO DE EBRIEDAD Y/O DROGADICCIÓN,6
A-2025-07-26,2025-07-26,09:30,DESPISTE,2,4,1.0,HUANCAVELICA,HUAYTARA,PILPICHACA,RURAL,CARRETERA,NACIONAL,PE-28A,-13.4404584330898,-74.9609379249257,DESPEJADO,RURAL,TRAMO RECTO,PLANA ,ASFALTADA,SI,PREVENTIVA (P),PREVENTIVA (P),NO,EN PROCESO DE INVESTIGACIÓN,NO CUENTA CON CAUSA ESPECIFICA,9
A-2025-07-11,2025-07-26,19:30,CHOQUE,1,0,2.0,ANCASH,YUNGAY,YUNGAY,RURAL,CARRETERA,SIN CLASIFICAR,SIN CLASIFICAR,-9.064603534715877,-77.73958032286248,DESPEJADO,RURAL,TRAMO RECTO,PLANA ,ASFALTADA,,,,,EN PROCESO DE INVESTIGACIÓN,NO CUENTA CON CAUSA ESPECIFICA,19
A-2025-07-53,2025-07-28,16:30,CAÍDA DE PASAJERO,1,0,0.0,CUSCO,ANTA,CHINCHAYPUJIO,RURAL,CARRETERA,PROVINCIAL,CU-1242,-13.626098835481228,-72.24029474646503,DESPEJADO,RURAL,CURVA,PLANA ,AFIRMADO,,,,,IMPRUDENCIA DEL CONDUCTOR,FATIGA Y/O CANSANCIO,16
A-2025-07-20,2025-07-29,03:00,DESPISTE,1,0,1.0,SAN MARTIN,MOYOBAMBA,JEPELACIO,RURAL,CARRETERA,NACIONAL,PE-5N,-6.162995,-76.83646,LLUVIOSO,RURAL,CURVA,PLANA ,ASFALTADA,,,,,EN PROCESO DE INVESTIGACIÓN,NO CUENTA CON CAUSA ESPECIFICA,3
A-2025-07-33,2025-07-29,20:00,CHOQUE,1,0,2.0,TUMBES,CONTRALMIRANTE VILLAR,ZORRITOS,RURAL,CARRETERA,NACIONAL,PE-1N,-3.7147262790658586,-80.73764025306184,DESPEJADO,RURAL,TRAMO RECTO,PLANA ,ASFALTADA,,,,,IMPRUDENCIA DEL CONDUCTOR,INVASIÓN DE CARRIL,20
A-2025-07-21,2025-07-29,23:50,DESPISTE,1,0,1.0,SAN MARTIN,RIOJA,NUEVA CAJAMARCA,URBANA,JIRÓN,URBANO,NO CORRESPONDE,-5.92736694303303,-77.3190036361322,DESPEJADO,RESIDENCIAL,TRAMO RECTO,PLANA ,AFIRMADO,,,,,EN PROCESO DE INVESTIGACIÓN,NO CUENTA CON CAUSA ESPECIFICA,23
A-2025-08-13,2025-08-02,21:20,ATROPELLO FUGA,2,0,,AREQUIPA,AREQUIPA,CERRO COLORADO,URBANA,CARRETERA,NACIONAL,PE-34A,-16.351566,-71.580756,DESPEJADO,COMERCIAL,TRAMO RECTO,INCLINADA,ASFALTADA,NO,,,SI,EN PROCESO DE INVESTIGACIÓN,NO CUENTA CON CAUSA ESPECIFICA,21
A-2025-08-87,2025-08-03,01:30,DESPISTE,1,2,1.0,AYACUCHO,CANGALLO,CHUSCHI,RURAL,CARRETERA,DEPARTAMENTAL,AY-107,-13.595,-74.351,DESPEJADO,RURAL,CURVA,INCLINADA,TROCHA,,,,,IMPRUDENCIA DEL CONDUCTOR,CONDUCIR EN ESTADO DE EBRIEDAD Y/O DROGADICCIÓN,1
A-2025-08-155,2025-08-03,03:20,CHOQUE,2,2,2.0,CUSCO,ESPINAR,PALLPATA,RURAL,CARRETERA,NACIONAL,PE-34J,-14.916305,-71.193779,DESPEJADO,RURAL,CURVA,PLANA ,ASFALTADA,,,,,IMPRUDENCIA DEL CONDUCTOR,INVASIÓN DE CARRIL,3
A-2025-08-153,2025-08-03,09:40,DESPISTE,1,1,1.0,CUSCO,QUISPICANCHI,CAMANTI,RURAL,CARRETERA,NACIONAL,PE-30C,-13.224433,-70.7423,DESPEJADO,RURAL,CURVA,PLANA ,ASFALTADA,,,,,IMPRUDENCIA DEL CONDUCTOR,CONDUCIR EN ESTADO DE EBRIEDAD Y/O DROGADICCIÓN,9
A-2025-08-32,2025-08-04,06:10,CHOQUE,1,2,3.0,TUMBES,ZARUMILLA,PAPAYAL,RURAL,CARRETERA,NACIONAL,PE-1N,-3.5270681428462614,-80.35939572108758,DESPEJADO,RURAL,TRAMO RECTO,PLANA ,ASFALTADA,,,,,IMPRUDENCIA DEL CONDUCTOR,INVASIÓN DE CARRIL,6
A-2025-08-2,2025-08-05,18:00,CHOQUE FUGA,1,0,,AREQUIPA,ISLAY,DEAN VALDIVIA,RURAL,CARRETERA,PROVINCIAL,AR-817,-17.123828,-71.850587,DESPEJADO,RURAL,TRAMO RECTO,PLANA ,ASFALTADA,,,,,EN PROCESO DE INVESTIGACIÓN,NO CUENTA CON CAUSA ESPECIFICA,18
A-2025-08-1,2025-08-08,10:00,ATROPELLO,1,0,,HUANCAVELICA,ACOBAMBA,ROSARIO,RURAL,CARRETERA,SIN CLASIFICAR,SIN CLASIFICAR,-12.775655,-74.58469,DESPEJADO,RURAL,TRAMO RECTO,PLANA ,TROCHA,,,,,EN PROCESO DE INVESTIGACIÓN,NO CUENTA CON CAUSA ESPECIFICA,10
A-2025-08-95,2025-08-09,03:30,CHOQUE,1,1,2.0,AYACUCHO,LUCANAS,LUCANAS,RURAL,CARRETERA,NACIONAL,PE-30A,-14.6623,-74.386078,DESPEJADO,RURAL,TRAMO RECTO,PLANA ,ASFALTADA,SI,REGULADORA (R),,NO,IMPRUDENCIA DEL CONDUCTOR,EXCESO DE VELOCIDAD,3
A-2025-08-27,2025-08-09,05:40,CHOQUE,2,11,,AREQUIPA,AREQUIPA,YURA,RURAL,CARRETERA,NACIONAL,PE-34A,-16.069505,-71.572433,DESPEJADO,RURAL,TRAMO RECTO,PLANA ,ASFALTADA,NO,,,SI,EN PROCESO DE INVESTIGACIÓN,NO CUENTA CON CAUSA ESPECIFICA,5