codigo_siniestro,fecha_siniestro,hora_siniestro,clase_siniestro,cantidad_fallecidos,cantidad_lesionados,cantidad_vehiculos_danados,departamento,provincia,distrito,zona,tipo_via,red_vial,cod_carretera,latitud,longitud,condicion_climatica,zonificacion,caracteristicas_via,perfil_longitudinal_via,superficie_calzada,existe_senal_vertical,clasificacion_senal_vertical_1,clasificacion_senal_vertical_2,existe_senal_horizontal,causa_factor_principal,causa_especifica,hora_del_dia
A-2025-08-6,2025-08-10,00:35,CHOQUE,1,0,2.0,SAN MARTIN,MOYOBAMBA,CALZADA,RURAL,CARRETERA,NACIONAL,PE-5N,-6.038646,-77.081384,DESPEJADO,RURAL,TRAMO RECTO,PLANA ,ASFALTADA,,,,,EN PROCESO DE INVESTIGACIÓN,NO CUENTA CON CAUSA ESPECIFICA,0
A-2025-08-156,2025-08-10,10:00,ATROPELLO,1,0,1.0,CUSCO,CALCA,CALCA,RURAL,AVENIDA,URBANO,NO CORRESPONDE,-13.32366325201,-71.9494667469638,DESPEJADO,RURAL,TRAMO RECTO,INCLINADA,ASFALTADA,,,,,IMPRUDENCIA DEL PEATÓN,CRUCE INDEBIDO POR LA CALZADA,10
A-2025-08-5,2025-08-11,06:00,CHOQUE,1,1,,APURIMAC,ANDAHUAYLAS,SAN MIGUEL DE CHACCRAMPA,RURAL,CARRETERA,DEPARTAMENTAL,AP-104,-13.9245953842813,-73.6126295075538,SOLEADO,RURAL,CURVA,PLANA ,TROCHA,,,,,IMPRUDENCIA DEL CONDUCTOR,EXCESO DE VELOCIDAD,6
A-2025-08-89,2025-08-13,23:30,CHOQUE,3,4,,CUSCO,QUISPICANCHI,OROPESA,,CARRETERA,NACIONAL,PE-3S,-13.595443,-71.781486,,,,,,,,,,EN PROCESO DE INVESTIGACIÓN,NO CUENTA CON CAUSA ESPECIFICA,23
A-2025-08-88,2025-08-15,03:30,CHOQUE,1,0,2.0,AYACUCHO,HUAMANGA,QUINUA,RURAL,CARRETERA,NACIONAL,PE-28B,-13.0615749435509,-74.16638307526644,DESPEJADO,RURAL,CURVA,INCLINADA,ASFALTADA,SI,PREVENTIVA (P),,NO,IMPRUDENCIA DEL CONDUCTOR,CONDUCIR EN ESTADO DE EBRIEDAD Y/O DROGADICCIÓN,3
A-2025-08-24,2025-08-16,19:00,CHOQUE,1,0,2.0,SAN MARTIN,MOYOBAMBA,YANTALO,RURAL,CARRETERA,DEPARTAMENTAL,SM-113,-5.969565,-77.049934,DESPEJADO,RURAL,TRAMO RECTO,PLANA ,ASFALTADA,,,,,EN PROCESO DE INVESTIGACIÓN,NO CUENTA CON CAUSA ESPECIFICA,19
A-2025-08-152,2025-08-17,11:00,DESPISTE,1,0,1.0,CUSCO,LA CONVENCION,HUAYOPATA,RURAL,CARRETERA,NACIONAL,PE-28B,-13.0044258790302,-72.5073675104983,DESPEJADO,RURAL,CURVA,PLANA ,ASFALTADA,SI,INFORMATIVA (I),PREVENTIVA (P),NO,IMPRUDENCIA DEL CONDUCTOR,EXCESO DE VELOCIDAD,11
A-2025-08-131,2025-08-19,18:15,ATROPELLO,1,1,,CUSCO,PAUCARTAMBO,KOSÑIPATA,RURAL,CARRETERA,PROVINCIAL,CU-113,-12.975169641189671,-71.42560913187148,DESPEJADO,RURAL,TRAMO RECTO,PLANA ,AFIRMADO,,,,,IMPRUDENCIA DEL CONDUCTOR,EXCESO DE VELOCIDAD,18
A-2025-08-154,2025-08-19,19:40,ATROPELLO,1,0,2.0,CUSCO,CANCHIS,SICUANI,RURAL,CARRETERA,NACIONAL,PE-3S,-14.310066876000374,-71.20737808213053,DESPEJADO,RURAL,TRAMO RECTO,PLANA ,ASFALTADA,,,,,IMPRUDENCIA DEL PEATÓN,CRUCE INDEBIDO POR LA CALZADA,19
A-2025-08-18,2025-08-22,12:35,DESPISTE,1,7,1.0,HUANCAVELICA,ANGARAES,CCOCHACCASA,RURAL,CARRETERA,PROVINCIAL,HV-900,-12.947990773751666,-74.77038499862464,DESPEJADO,RURAL,TRAMO RECTO,PLANA ,AFIRMADO,,,,,EN PROCESO DE INVESTIGACIÓN,NO CUENTA CON CAUSA ESPECIFICA,12
A-2025-08-40,2025-08-23,05:20,DESPISTE,1,2,,AREQUIPA,AREQUIPA,LA JOYA,RURAL,CARRETERA,DEPARTAMENTAL,AR-115,-16.541826,-71.705467,DESPEJADO,RURAL,TRAMO RECTO,INCLINADA,ASFALTADA,SI,REGULADORA (R),PREVENTIVA (P),SI,EN PROCESO DE INVESTIGACIÓN,NO CUENTA CON CAUSA ESPECIFICA,5
A-2025-08-90,2025-08-23,21:14,CHOQUE FUGA,3,0,2.0,AYACUCHO,HUAMANGA,ANDRES AVELINO CACERES DORREGARAY,URBANA,CARRETERA,NACIONAL,PE-3S,-13.161954486572489,-74.217768271299,DESPEJADO,RESIDENCIAL,CURVA,INCLINADA,ASFALTADA,,,,,IMPRUDENCIA DEL CONDUCTOR,INVASIÓN DE CARRIL,21
A-2025-08-122,2025-08-23,21:30,ATROPELLO FUGA,1,0,1.0,AYACUCHO,HUAMANGA,SAN JUAN BAUTISTA,RURAL,CARRETERA,NACIONAL,PE-3S,-13.195297,-74.202945,DESPEJADO,RURAL,TRAMO RECTO,INCLINADA,ASFALTADA,,,,,IMPRUDENCIA DEL PEATÓN,ESTADO DE EBRIEDAD Y/O DROGADICCIÓN,21
A-2025-08-47,2025-08-24,17:30,ATROPELLO,1,0,,AREQUIPA,AREQUIPA,JOSE LUIS BUSTAMANTE Y RIVERO,URBANA,AVENIDA,URBANO,NO CORRESPONDE,-16.4309176408146,-71.5263979161553,DESPEJADO,COMERCIAL,TRAMO RECTO,PLANA ,ASFALTADA,NO,,,SI,EN PROCESO DE INVESTIGACIÓN,NO CUENTA CON CAUSA ESPECIFICA,17
A-2025-08-91,2025-08-25,14:45,VOLCADURA,1,2,1.0,HUANCAVELICA,HUAYTARA,PILPICHACA,RURAL,CARRETERA,NACIONAL,PE-28A,-13.3475197344348,-74.6916430396068,LLUVIOSO,RURAL,CURVA,INCLINADA,ASFALTADA,SI,PREVENTIVA (P),PREVENTIVA (P),NO,NEGLIGENCIA DEL CONDUCTOR,CONDUCIR CON FALLAS DE NEUMÁTICOS,14
A-2025-08-39,2025-08-27,12:30,DESPISTE,2,0,1.0,HUANCAVELICA,CASTROVIRREYNA,CAPILLAS,RURAL,CARRETERA,NACIONAL,PE-26,-13.368891,-75.771641,DESPEJADO,RURAL,TRAMO RECTO,PLANA ,ASFALTADA,,,,,EN PROCESO DE INVESTIGACIÓN,NO CUENTA CON CAUSA ESPECIFICA,12
A-2025-08-83,2025-08-28,05:00,DESPISTE,3,1,,CUSCO,CALCA,LARES,RURAL,CARRETERA,PROVINCIAL,CU-709,-13.017787,-72.046501,DESPEJADO,RURAL,CURVA,PLANA ,ASFALTADA,,,,,IMPRUDENCIA DEL CONDUCTOR,EXCESO DE VELOCIDAD,5
A-2025-08-35,2025-08-28,17:00,VOLCADURA,1,0,,AREQUIPA,AREQUIPA,CAYMA,URBANA,CALLE,URBANO,NO CORRESPONDE,-16.35246577048342,-71.55154583287722,DESPEJADO,RESIDENCIAL,TRAMO RECTO,INCLINADA,ASFALTADA,NO,,,SI,EN PROCESO DE INVESTIGACIÓN,NO CUENTA CON CAUSA ESPECIFICA,17
A-2025-08-41,2025-08-29,23:50,DESPISTE,4,1,1.0,HUANCAVELICA,TAYACAJA,ACOSTAMBO,RURAL,CARRETERA,PROVINCIAL,HV-619,-12.491183,-74.960655,DESPEJADO,RURAL,TRAMO RECTO,PLANA ,TROCHA,,,,,EN PROCESO DE INVESTIGACIÓN,NO CUENTA CON CAUSA ESPECIFICA,23
A-2025-08-48,2025-08-30,01:00,VOLCADURA,1,0,,AREQUIPA,AREQUIPA,CERRO COLORADO,URBANA,AVENIDA,URBANO,NO CORRESPONDE,-16.333158,-71.576935,SOLEADO,COMERCIAL,CURVA,PLANA ,ASFALTADA,SI,PREVENTIVA (P),PREVENTIVA (P),SI,EN PROCESO DE INVESTIGACIÓN,NO CUENTA CON CAUSA ESPECIFICA,1
A-2025-08-151,2025-08-30,09:00,DESPISTE,2,35,2.0,CUSCO,ANTA,CACHIMAYO,RURAL,CARRETERA,NACIONAL,PE-3S,-13.489751,-72.061916,DESPEJADO,RURAL,TRAMO RECTO,PLANA ,ASFALTADA,,,,,IMPRUDENCIA DEL CONDUCTOR,EXCESO DE VELOCIDAD,9
A-2025-08-84,2025-08-31,00:00,ATROPELLO,1,0,1.0,CUSCO,ANTA,ANCAHUASI,RURAL,CARRETERA,NACIONAL,PE-3S,-13.4613157,-72.289675,DESPEJADO,RURAL,TRAMO RECTO,PLANA ,ASFALTADA,,,,,IMPRUDENCIA DEL PEATÓN,ESTADO DE EBRIEDAD Y/O DROGADICCIÓN,0
A-2025-08-34,2025-08-31,04:40,DESPISTE,1,1,1.0,TUMBES,CONTRALMIRANTE VILLAR,CANOAS DE PUNTA SAL,RURAL,CARRETERA,NACIONAL,PE-1N,-3.9516883245415135,-80.94752307923065,DESPEJADO,RURAL,CURVA,INCLINADA,ASFALTADA,,,,,IMPRUDENCIA DEL CONDUCTOR,OTRO (IMPRUDENCIA DEL CONDUCTOR),4
A-2025-09-28,2025-09-01,00:02,DESPISTE,1,0,1.0,SAN MARTIN,MOYOBAMBA,CALZADA,URBANA,CARRETERA,NACIONAL,PE-5N,-6.041788,-77.13269,DESPEJADO,RESIDENCIAL,CURVA,PLANA ,ASFALTADA,,,,,EN PROCESO DE INVESTIGACIÓN,NO CUENTA CON CAUSA ESPECIFICA,0
A-2025-09-39,2025-09-01,09:00,DESPISTE,1,0,1.0,HUANCAVELICA,TAYACAJA,AHUAYCHA,RURAL,CARRETERA,SIN CLASIFICAR,SIN CLASIFICAR,-12.398457131576746,-74.8868624413422,DESPEJADO,RURAL,TRAMO RECTO,PLANA ,TROCHA,,,,,EN PROCESO DE INVESTIGACIÓN,NO CUENTA CON CAUSA ESPECIFICA,9
A-2025-09-195,2025-09-01,15:10,ATROPELLO,1,0,0.0,CUSCO,QUISPICANCHI,CCATCA,RURAL,CARRETERA,NACIONAL,PE-30C,-13.622459,-71.546893,DESPEJADO,RURAL,TRAMO RECTO,PLANA ,ASFALTADA,SI,REGULADORA (R),PREVENTIVA (P),NO,IMPRUDENCIA DEL CONDUCTOR,EXCESO DE VELOCIDAD,15
A-2025-09-263,2025-09-01,18:30,ATROPELLO FUGA,1,0,,AYACUCHO,HUAMANGA,VINCHOS,RURAL,CARRETERA,NACIONAL,PE-28A,-13.357008,-74.414337,,,,,,,,,,EN PROCESO DE INVESTIGACIÓN,NO CUENTA CON CAUSA ESPECIFICA,18
A-2025-09-194,2025-09-02,18:30,VOLCADURA,1,0,1.0,CUSCO,CHUMBIVILCAS,COLQUEMARCA,RURAL,CARRETERA,DEPARTAMENTAL,CU-127,-14.339286351337746,-72.00417709519428,DESPEJADO,RURAL,TRAMO RECTO,PLANA ,AFIRMADO,,,,,IMPRUDENCIA DEL CONDUCTOR,FATIGA Y/O CANSANCIO,18
A-2025-09-219,2025-09-03,15:00,DESPISTE,1,0,1.0,AYACUCHO,CANGALLO,PARAS,RURAL,CARRETERA,DEPARTAMENTAL,AY-106,-13.466142434885144,-74.649562141937,LLUVIOSO,RURAL,CURVA,PLANA ,TROCHA,,,,,IMPRUDENCIA DEL CONDUCTOR,OTRO (IMPRUDENCIA DEL CONDUCTOR),15
A-2025-09-207,2025-09-03,23:00,CHOQUE,1,0,2.0,AYACUCHO,CANGALLO,PARAS,RURAL,CARRETERA,NACIONAL,PE-28A,-13.352814223552134,-74.6544330697182,DESPEJADO,RURAL,CURVA,INCLINADA,ASFALTADA,SI,PREVENTIVA (P),,NO,IMPRUDENCIA DEL CONDUCTOR,OTRO (IMPRUDENCIA DEL CONDUCTOR),23
A-2025-09-181,2025-09-04,06:28,ATROPELLO,1,0,,CUSCO,PAUCARTAMBO,KOSÑIPATA,URBANA,CALLE,URBANO,NO CORRESPONDE,-12.912910792486867,-71.40525960842317,DESPEJADO,RESIDENCIAL,TRAMO RECTO,PLANA ,CONCRETO,,,,,IMPRUDENCIA DEL CONDUCTOR,EXCESO DE VELOCIDAD,6
A-2025-09-55,2025-09-04,13:15,DESPISTE,1,0,1.0,HUANCAVELICA,HUAYTARA,PILPICHACA,RURAL,CARRETERA,NACIONAL,PE-28E,-13.328889,-74.992257,DESPEJADO,RURAL,TRAMO RECTO,PLANA ,AFIRMADO,,,,,EN PROCESO DE INVESTIGACIÓN,NO CUENTA CON CAUSA ESPECIFICA,13
A-2025-09-193,2025-09-04,17:00,DESPISTE,1,0,1.0,CUSCO,CHUMBIVILCAS,COLQUEMARCA,URBANA,CARRETERA,DEPARTAMENTAL,CU-119,-14.29925320828684,-72.03678189618539,DESPEJADO,RURAL,TRAMO RECTO,PLANA ,AFIRMADO,,,,,IMPRUDENCIA DEL CONDUCTOR,FATIGA Y/O CANSANCIO,17
A-2025-09-53,2025-09-05,00:05,CHOQUE,1,1,,AREQUIPA,CAYLLOMA,SAN ANTONIO DE CHUCA,RURAL,CARRETERA,NACIONAL,PE-34A,-15.86967,-71.137238,DESPEJADO,RURAL,TRAMO RECTO,PLANA ,ASFALTADA,NO,,,SI,IMPRUDENCIA DEL CONDUCTOR,OTRO (IMPRUDENCIA DEL CONDUCTOR),0
A-2025-09-191,2025-09-05,17:35,VOLCADURA,1,0,2.0,CUSCO,CHUMBIVILCAS,COLQUEMARCA,RURAL,CARRETERA,NACIONAL,PE-3SY,-14.336007306413311,-71.95862143020156,DESPEJADO,RURAL,TRAMO RECTO,PLANA ,ASFALTADA,,,,,IMPRUDENCIA DEL CONDUCTOR,CONDUCIR EN ESTADO DE EBRIEDAD Y/O DROGADICCIÓN,17
A-2025-09-30,2025-09-05,20:35,CHOQUE,3,0,2.0,SAN MARTIN,RIOJA,NUEVA CAJAMARCA,RURAL,CARRETERA,NACIONAL,PE-5N,-5.826285,-77.372659,DESPEJADO,RURAL,TRAMO RECTO,PLANA ,ASFALTADA,,,,,IMPRUDENCIA DEL CONDUCTOR,CONDUCIR EN ESTADO DE EBRIEDAD Y/O DROGADICCIÓN,20
A-2025-09-11,2025-09-06,09:00,DESPISTE,1,1,,AREQUIPA,AREQUIPA,YURA,RURAL,CARRETERA,NACIONAL,PE-34A,-16.24303793358947,-71.67024990420613,DESPEJADO,RURAL,CURVA,INCLINADA,ASFALTADA,SI,PREVENTIVA (P),,SI,EN PROCESO DE INVESTIGACIÓN,NO CUENTA CON CAUSA ESPECIFICA,9
A-2025-09-209,2025-09-07,21:46,ATROPELLO,1,0,1.0,CUSCO,CUSCO,WANCHAQ,URBANA,CALLE,URBANO,NO CORRESPONDE,-13.530732,-71.959368,DESPEJADO,RESIDENCIAL,TRAMO RECTO,PLANA ,CONCRETO,,,,,IMPRUDENCIA DEL PEATÓN,CRUCE INDEBIDO POR LA CALZADA,21
A-2025-09-56,2025-09-08,02:10,CHOQUE CON OBJETO FIJO,1,0,1.0,SAN MARTIN,RIOJA,PARDO MIGUEL,URBANA,CARRETERA,NACIONAL,PE-5N,-5.733252,-77.506772,DESPEJADO,RESIDENCIAL,CURVA,INCLINADA,ASFALTADA,,,,,EN PROCESO DE INVESTIGACIÓN,NO CUENTA CON CAUSA ESPECIFICA,2
A-2025-09-192,2025-09-08,22:41,ATROPELLO,1,0,1.0,CUSCO,CUSCO,WANCHAQ,URBANA,CALLE,URBANO,NO CORRESPONDE,-13.530732,-71.959368,NUBLADO,RESIDENCIAL,TRAMO RECTO,PLANA ,CONCRETO,NO,,,SI,IMPRUDENCIA DEL PEATÓN,ESTADO DE EBRIEDAD Y/O DROGADICCIÓN,22
A-2025-09-220,2025-09-09,01:20,CHOQUE FUGA,1,0,1.0,AYACUCHO,HUAMANGA,SAN JUAN BAUTISTA,RURAL,CARRETERA,NACIONAL,PE-3S,-13.200099,-74.205363,DESPEJADO,RURAL,TRAMO RECTO,INCLINADA,ASFALTADA,SI,PREVENTIVA (P),,NO,IMPRUDENCIA DEL CONDUCTOR,EXCESO DE VELOCIDAD,1
A-2025-09-189,2025-09-09,09:00,DESPISTE,1,0,1.0,CUSCO,CHUMBIVILCAS,SANTO TOMAS,RURAL,CARRETERA,NACIONAL,PE-3SG,-14.479037,-72.093613,DESPEJADO,RURAL,CURVA,PLANA ,AFIRMADO,,,,,IMPRUDENCIA DEL CONDUCTOR,EXCESO DE VELOCIDAD,9
A-2025-09-217,2025-09-09,23:00,DESPISTE,1,1,1.0,AYACUCHO,HUAMANGA,CHIARA,RURAL,CARRETERA,NACIONAL,PE-32A,-13.384927044679095,-74.19011049669709,DESPEJADO,RURAL,TRAMO RECTO,PLANA ,ASFALTADA,,,,,IMPRUDENCIA DEL CONDUCTOR,CONDUCIR EN ESTADO DE EBRIEDAD Y/O DROGADICCIÓN,23
A-2025-09-190,2025-09-10,15:30,CHOQUE,1,1,2.0,CUSCO,CANCHIS,TINTA,RURAL,CARRETERA,NACIONAL,PE-3S,-14.15364,-71.391025,DESPEJADO,RURAL,TRAMO RECTO,PLANA ,ASFALTADA,,,,,IMPRUDENCIA DEL CONDUCTOR,EXCESO DE VELOCIDAD,15
A-2025-09-188,2025-09-12,03:30,ATROPELLO FUGA,1,0,,CUSCO,LA CONVENCION,SANTA ANA,RURAL,CARRETERA,NACIONAL,PE-28B,-12.944911,-72.670273,DESPEJADO,RURAL,CURVA,PLANA ,ASFALTADA,,,,,IMPRUDENCIA DEL CONDUCTOR,EXCESO DE VELOCIDAD,3
A-2025-09-182,2025-09-14,07:00,DESPISTE,1,0,,CUSCO,PAUCARTAMBO,PAUCARTAMBO,RURAL,CARRETERA,PROVINCIAL,CU-1020,-13.357721,-71.556543,DESPEJADO,RURAL,TRAMO RECTO,PLANA ,AFIRMADO,,,,,IMPRUDENCIA DEL CONDUCTOR,EXCESO DE VELOCIDAD,7
A-2025-09-146,2025-09-15,04:30,VOLCADURA,1,0,1.0,SAN MARTIN,RIOJA,NUEVA CAJAMARCA,URBANA,JIRÓN,URBANO,NO CORRESPONDE,-5.953819,-77.302342,DESPEJADO,COMERCIAL,TRAMO RECTO,PLANA ,ASFALTADA,,,,,EN PROCESO DE INVESTIGACIÓN,NO CUENTA CON CAUSA ESPECIFICA,4
A-2025-09-37,2025-09-15,05:30,DESPISTE,1,0,1.0,LIMA,HUARAL,IHUARI,RURAL,CARRETERA,PROVINCIAL,LM-644,-11.2247331,-76.9100512,SOLEADO,RURAL,SINUOSA,INCLINADA,TROCHA,,,,,EN PROCESO DE INVESTIGACIÓN,NO CUENTA CON CAUSA ESPECIFICA,5
A-2025-09-154,2025-09-15,12:40,CHOQUE,1,0,,AREQUIPA,CAYLLOMA,CALLALLI,RURAL,CARRETERA,NACIONAL,PE-34J,-15.530523,-71.055222,DESPEJADO,RURAL,TRAMO RECTO,PLANA ,ASFALTADA,SI,PREVENTIVA (P),,SI,EN PROCESO DE INVESTIGACIÓN,NO CUENTA CON CAUSA ESPECIFICA,12
A-2025-09-159,2025-09-15,22:30,CHOQUE,1,1,3.0,SAN MARTIN,MOYOBAMBA,MOYOBAMBA,RURAL,CARRETERA,NACIONAL,PE-5N,-6.044842,-77.008884,DESPEJADO,RURAL,TRAMO RECTO,PLANA ,ASFALTADA,,,,,IMPRUDENCIA DEL CONDUCTOR,CONDUCIR EN ESTADO DE EBRIEDAD Y/O DROGADICCIÓN,22
A-2025-09-178,2025-09-16,03:30,CHOQUE,2,0,2.0,CUSCO,URUBAMBA,OLLANTAYTAMBO,RURAL,CARRETERA,NACIONAL,PE-28B,-13.242697,-72.293616,DESPEJADO,RURAL,TRAMO RECTO,PLANA ,ASFALTADA,,,,,IMPRUDENCIA DEL CONDUCTOR,CONDUCIR EN ESTADO DE EBRIEDAD Y/O DROGADICCIÓN,3
A-2025-09-54,2025-09-16,18:50,ATROPELLO FUGA,1,0,,AREQUIPA,AREQUIPA,LA JOYA,URBANA,CARRETERA,NACIONAL,PE-1S,-16.726349,-71.870022,NUBLADO,RURAL,TRAMO RECTO,INCLINADA,ASFALTADA,SI,REGULADORA (R),INFORMATIVA (I),SI,EN PROCESO DE INVESTIGACIÓN,NO CUENTA CON CAUSA ESPECIFICA,18
A-2025-09-216,2025-09-17,01:30,DESPISTE,1,4,1.0,AYACUCHO,CANGALLO,PARAS,RURAL,CARRETERA,NACIONAL,PE-28A,-13.354,-74.792,DESPEJADO,RESIDENCIAL,CURVA,INCLINADA,ASFALTADA,SI,PREVENTIVA (P),,NO,IMPRUDENCIA DEL CONDUCTOR,INVASIÓN DE CARRIL,1
A-2025-09-38,2025-09-17,06:30,ATROPELLO FUGA,1,0,,LIMA,HUAURA,HUACHO,RURAL,CARRETERA,NACIONAL,PE-1N,-11.4099354,-77.3765669,DESPEJADO,RURAL,TRAMO RECTO,INCLINADA,ASFALTADA,SI,REGULADORA (R),,NO,EN PROCESO DE INVESTIGACIÓN,NO CUENTA CON CAUSA ESPECIFICA,6
A-2025-09-175,2025-09-17,08:30,ATROPELLO FUGA,1,0,1.0,CUSCO,ESPINAR,ESPINAR,RURAL,AVENIDA,URBANO,NO CORRESPONDE,-14.8018082194192,-71.4167482630405,DESPEJADO,RESIDENCIAL,TRAMO RECTO,PLANA ,CONCRETO,,,,,IMPRUDENCIA DEL CONDUCTOR,CONDUCIR EN ESTADO DE EBRIEDAD Y/O DROGADICCIÓN,8
A-2025-09-172,2025-09-19,15:30,ATROPELLO,1,0,1.0,CUSCO,ACOMAYO,SANGARARA,RURAL,CARRETERA,DEPARTAMENTAL,CU-117,-13.999685,-71.52858,DESPEJADO,RURAL,CURVA,PLANA ,AFIRMADO,,,,,IMPRUDENCIA DEL PEATÓN,CRUCE INDEBIDO POR LA CALZADA,15
A-2025-09-208,2025-09-19,16:40,ATROPELLO,1,1,0.0,AYACUCHO,HUAMANGA,VINCHOS,RURAL,CARRETERA,PROVINCIAL,AY-849,-13.366,-74.313,DESPEJADO,RURAL,TRAMO RECTO,INCLINADA,AFIRMADO,,,,,IMPRUDENCIA DEL PEATÓN,CRUCE INDEBIDO POR LA CALZADA,16
A-2025-09-57,2025-09-19,20:00,ATROPELLO FUGA,1,0,,AREQUIPA,AREQUIPA,CERRO COLORADO,URBANA,JIRÓN,URBANO,NO CORRESPONDE,-16.40197,-71.5762,DESPEJADO,COMERCIAL,TRAMO RECTO,PLANA ,ASFALTADA,SI,INFORMATIVA (I),,SI,EN PROCESO DE INVESTIGACIÓN,NO CUENTA CON CAUSA ESPECIFICA,20
A-2025-09-222,2025-09-20,13:00,ATROPELLO,1,0,,CUSCO,CANCHIS,SICUANI,RURAL,CARRETERA,NACIONAL,PE-3S,-14.29031,-71.221327,DESPEJADO,RURAL,TRAMO RECTO,PLANA ,CONCRETO,,,,,IMPRUDENCIA DEL PEATÓN,CRUCE INDEBIDO POR LA CALZADA,13
A-2025-09-78,2025-09-20,14:18,DESPISTE,1,0,1.0,HUANCAVELICA,ACOBAMBA,PAUCARA,RURAL,CARRETERA,NACIONAL,PE-3SM,-12.665855,-74.712145,DESPEJADO,RURAL,TRAMO RECTO,PLANA ,CONCRETO,,,,,EN PROCESO DE INVESTIGACIÓN,NO CUENTA CON CAUSA ESPECIFICA,14
A-2025-09-174,2025-09-20,19:20,ATROPELLO,1,0,1.0,CUSCO,CUSCO,WANCHAQ,URBANA,CARRETERA,NACIONAL,PE-3S,-13.532413,-71.962001,DESPEJADO,RESIDENCIAL,TRAMO RECTO,PLANA ,CONCRETO,SI,PREVENTIVA (P),REGULADORA (R),NO,IMPRUDENCIA DEL CONDUCTOR,EXCESO DE VELOCIDAD,19
A-2025-09-177,2025-09-20,20:00,ATROPELLO FUGA,1,0,0.0,CUSCO,CUSCO,SAN JERONIMO,RURAL,AVENIDA,URBANO,NO CORRESPONDE,-13.553208,-71.881763,DESPEJADO,RURAL,TRAMO RECTO,PLANA ,ASFALTADA,,,,,IMPRUDENCIA DEL CONDUCTOR,EXCESO DE VELOCIDAD,20
A-2025-09-170,2025-09-22,10:35,CHOQUE,1,0,2.0,SAN MARTIN,RIOJA,RIOJA,URBANA,AVENIDA,URBANO,NO CORRESPONDE,-6.060153,-77.179152,SOLEADO,COMERCIAL,INTERSECCIÓN,PLANA ,ASFALTADA,,,,,EN PROCESO DE INVESTIGACIÓN,NO CUENTA CON CAUSA ESPECIFICA,10
A-2025-09-124,2025-09-25,17:40,CHOQUE,1,0,2.0,TUMBES,TUMBES,PAMPAS DE HOSPITAL,RURAL,CARRETERA,DEPARTAMENTAL,TU-104,-3.68369253583533,-80.43698072015664,DESPEJADO,RURAL,TRAMO RECTO,PLANA ,ASFALTADA,,,,,IMPRUDENCIA DEL CONDUCTOR,OTRO (IMPRUDENCIA DEL CONDUCTOR),17
A-2025-09-171,2025-09-27,01:25,CHOQUE,1,0,2.0,SAN MARTIN,MOYOBAMBA,CALZADA,RURAL,CARRETERA,NACIONAL,PE-5N,-6.04457,-77.144425,DESPEJADO,RURAL,TRAMO RECTO,PLANA ,ASFALTADA,,,,,EN PROCESO DE INVESTIGACIÓN,NO CUENTA CON CAUSA ESPECIFICA,1
A-2025-09-215,2025-09-27,09:00,ATROPELLO,1,0,0.0,AYACUCHO,HUAMANGA,ANDRES AVELINO CACERES DORREGARAY,URBANA,PASAJE,URBANO,NO CORRESPONDE,-13.1543899554773,-74.2009359944067,DESPEJADO,RESIDENCIAL,TRAMO RECTO,PLANA ,TROCHA,,,,,IMPRUDENCIA DEL CONDUCTOR,OTRO (IMPRUDENCIA DEL CONDUCTOR),9
A-2025-09-264,2025-09-28,12:40,DESPISTE,1,0,1.0,AYACUCHO,HUAMANGA,ACOCRO,RURAL,CARRETERA,NACIONAL,PE-3S,-13.414866,-73.967526,LLUVIOSO,RURAL,CURVA,INCLINADA,ASFALTADA,,,,,IMPRUDENCIA DEL CONDUCTOR,CONDUCIR EN ESTADO DE EBRIEDAD Y/O DROGADICCIÓN,12
A-2025-10-1,2025-10-01,07:30,CHOQUE,1,2,2.0,LIMA,HUARAL,HUARAL,RURAL,CARRETERA,PROVINCIAL,LM-667,-11.4243413,-77.2858457,DESPEJADO,RURAL,TRAMO RECTO,PLANA ,ASFALTADA,,,,,EN PROCESO DE INVESTIGACIÓN,NO CUENTA CON CAUSA ESPECIFICA,7
A-2025-10-14,2025-10-02,03:30,CHOQUE,1,6,,AREQUIPA,CAYLLOMA,SAN ANTONIO DE CHUCA,RURAL,CARRETERA,NACIONAL,PE-34A,-15.8505087913192,-71.1140051338093,DESPEJADO,RURAL,TRAMO RECTO,PLANA ,ASFALTADA,,,,,EN PROCESO DE INVESTIGACIÓN,NO CUENTA CON CAUSA ESPECIFICA,3
A-2025-10-173,2025-10-02,07:00,CHOQUE,3,1,2.0,CUSCO,QUISPICANCHI,OCONGATE,RURAL,CARRETERA,NACIONAL,PE-30C,-13.617150416740582,-71.25246657565249,DESPEJADO,RURAL,TRAMO RECTO,PLANA ,ASFALTADA,,,,,IMPRUDENCIA DEL CONDUCTOR,EXCESO DE VELOCIDAD,7
A-2025-10-274,2025-10-06,03:45,CHOQUE,1,1,2.0,CUSCO,QUISPICANCHI,CUSIPATA,RURAL,CARRETERA,NACIONAL,PE-3S,-13.932017,-71.503561,DESPEJADO,RURAL,TRAMO RECTO,PLANA ,ASFALTADA,,,,,IMPRUDENCIA DEL CONDUCTOR,INVASIÓN DE CARRIL,3
A-2025-10-35,2025-10-06,05:35,ATROPELLO FUGA,1,0,1.0,SAN MARTIN,RIOJA,RIOJA,URBANA,CARRETERA,NACIONAL,PE-5N,-6.049896,-77.17306,DESPEJADO,COMERCIAL,TRAMO RECTO,PLANA ,ASFALTADA,,,,,EN PROCESO DE INVESTIGACIÓN,NO CUENTA CON CAUSA ESPECIFICA,5